<?xml version = '1.0' encoding = 'UTF-8'?>
<Diagram class="oracle.dbtools.crest.swingui.logical.DPVLogical" name="Logical" id="E707932F-2FA4-7D9E-6E75-5635AB90189D">
<createdBy>tazja</createdBy>
<modifiedBy>tazja</modifiedBy>
<createdTime>2025-08-17 18:47:35 UTC</createdTime>
<autoRoute>false</autoRoute>
<boxInbox>true</boxInbox>
<showLegend>false</showLegend>
<showLabels>false</showLabels>
<showRelAttributes>false</showRelAttributes>
<gridEnabled>false</gridEnabled>
<showGrid>false</showGrid>
<diagramColor>-1</diagramColor>
<display>false</display>
<notation>1</notation>
<objectViews>
<OView class="oracle.dbtools.crest.swingui.logical.TVEntity" oid="5348DB6F-F803-8D1C-6AF6-3ABAEF645E1C" otype="Entity" vid="922DE8C4-34FD-487A-14EB-318EFECCCEC0">
<hideElementsInCurrentOnly>false</hideElementsInCurrentOnly>
<bounds x="55" y="56" width="235" height="138"/>
</OView>
<OView class="oracle.dbtools.crest.swingui.logical.TVEntity" oid="AC71DCF7-635D-17B5-8A2F-D453AAD03042" otype="Entity" vid="EEFEF22E-2B03-81AF-DB72-95AA594DCDB1">
<hideElementsInCurrentOnly>false</hideElementsInCurrentOnly>
<bounds x="724" y="66" width="232" height="148"/>
</OView>
<OView class="oracle.dbtools.crest.swingui.logical.TVEntity" oid="BE22353B-E846-D11D-FA4D-DD4D7B6B300A" otype="Entity" vid="C578392E-92D2-F747-6147-FC3E38C96CBA">
<hideElementsInCurrentOnly>false</hideElementsInCurrentOnly>
<bounds x="417" y="58" width="224" height="145"/>
</OView>
<OView class="oracle.dbtools.crest.swingui.logical.TVEntity" oid="CDCA0730-34DC-1DEB-D4D2-ADF1F0B5EECB" otype="Entity" vid="7BE8A4AA-9A08-493A-FC7E-44C8F7F306D1">
<hideElementsInCurrentOnly>false</hideElementsInCurrentOnly>
<bounds x="88" y="305" width="190" height="149"/>
</OView>
</objectViews>
</Diagram>