<?xml version = '1.0' encoding = 'UTF-8'?>
<Diagram class="oracle.dbtools.crest.swingui.logical.DPVLogical" name="Logical" id="0B8C2D8E-D637-6604-3439-9082416324B7">
<createdBy>tazja</createdBy>
<modifiedBy>tazja</modifiedBy>
<createdTime>2025-09-14 16:51:45 UTC</createdTime>
<autoRoute>false</autoRoute>
<boxInbox>false</boxInbox>
<showLegend>false</showLegend>
<showLabels>false</showLabels>
<showRelAttributes>false</showRelAttributes>
<gridEnabled>false</gridEnabled>
<showGrid>false</showGrid>
<diagramColor>-1</diagramColor>
<display>false</display>
<notation>1</notation>
<objectViews>
<OView class="oracle.dbtools.crest.swingui.logical.TVEntity" oid="131AD729-B8A8-F7F9-1A1A-CC1CC0CC0AC5" otype="Entity" vid="CCED0327-EAAC-ADFD-6A29-8463098D4B94">
<hideElementsInCurrentOnly>false</hideElementsInCurrentOnly>
<bounds x="1085" y="27" width="237" height="104"/>
</OView>
<OView class="oracle.dbtools.crest.swingui.logical.TVEntity" oid="178D9C5B-5277-E25A-3551-B61225A1A7AB" otype="Entity" vid="A5C734DC-337A-BD46-D85F-872641C6B764">
<hideElementsInCurrentOnly>false</hideElementsInCurrentOnly>
<bounds x="711" y="198" width="220" height="214"/>
</OView>
<OView class="oracle.dbtools.crest.swingui.logical.TVEntity" oid="226EA02B-8525-24CB-5F50-C2919FCE0393" otype="Entity" vid="54DBA5D6-19EF-ABFE-30B9-A804C1AFF0BB">
<hideElementsInCurrentOnly>false</hideElementsInCurrentOnly>
<bounds x="817" y="501" width="208" height="152"/>
</OView>
<OView class="oracle.dbtools.crest.swingui.logical.TVEntity" oid="2BEDBAE7-2C9D-211F-0CA1-1EBFE31C1C7F" otype="Entity" vid="32705F7F-0AD3-6A37-09BF-C0F1A40F496A">
<hideElementsInCurrentOnly>false</hideElementsInCurrentOnly>
<bounds x="1077" y="209" width="207" height="70"/>
</OView>
<OView class="oracle.dbtools.crest.swingui.logical.TVEntity" oid="2EBB52E5-4F12-5C7B-6D2D-EDC2F2DCED5A" otype="Entity" vid="1C474C67-46D2-5AC4-8996-10F7E09B1D31">
<hideElementsInCurrentOnly>false</hideElementsInCurrentOnly>
<bounds x="832" y="16" width="239" height="94"/>
</OView>
<OView class="oracle.dbtools.crest.swingui.logical.TVEntity" oid="522AFE41-8572-B983-908A-3AEC13E4C3C5" otype="Entity" vid="1D2ED417-605F-7B84-7430-41CB608268CB">
<hideElementsInCurrentOnly>false</hideElementsInCurrentOnly>
<bounds x="568" y="635" width="229" height="104"/>
</OView>
<OView class="oracle.dbtools.crest.swingui.logical.TVEntity" oid="52451AB5-8C54-9A85-12AF-8AA70A486F3A" otype="Entity" vid="06E9A06A-47C2-96DC-0A74-089EBFAB8EA6">
<hideElementsInCurrentOnly>false</hideElementsInCurrentOnly>
<bounds x="1134" y="598" width="171" height="69"/>
</OView>
<OView class="oracle.dbtools.crest.swingui.logical.TVEntity" oid="53A2EDCF-92A8-A36F-EFA4-FD7E8ABE6039" otype="Entity" vid="04506E85-4AA1-5E35-10AC-C4D33776A2CD">
<hideElementsInCurrentOnly>false</hideElementsInCurrentOnly>
<bounds x="310" y="752" width="321" height="87"/>
</OView>
<OView class="oracle.dbtools.crest.swingui.logical.TVEntity" oid="5C63799C-8A63-2340-EBFB-B841E8BAE9AD" otype="Entity" vid="AD36AE6B-3D51-A53E-B6AA-87C86E849F1E">
<hideElementsInCurrentOnly>false</hideElementsInCurrentOnly>
<bounds x="5" y="712" width="296" height="86"/>
</OView>
<OView class="oracle.dbtools.crest.swingui.logical.TVEntity" oid="6504C643-E49A-DB00-5811-5627D61F1606" otype="Entity" vid="439104F1-80CD-223B-9809-41760693E617">
<hideElementsInCurrentOnly>false</hideElementsInCurrentOnly>
<bounds x="10" y="236" width="234" height="71"/>
</OView>
<OView class="oracle.dbtools.crest.swingui.logical.TVEntity" oid="70296455-A0C2-1402-153A-9892D2D129B4" otype="Entity" vid="CB6FE5C2-7192-7AC8-0B3D-10954E04FB9A">
<hideElementsInCurrentOnly>false</hideElementsInCurrentOnly>
<bounds x="40" y="47" width="197" height="65"/>
</OView>
<OView class="oracle.dbtools.crest.swingui.logical.TVEntity" oid="719E9E7B-F5A4-E8B2-6A9D-4568937B2E81" otype="Entity" vid="0CCE2607-BB96-DBDE-CEC5-7AD5A385701E">
<hideElementsInCurrentOnly>false</hideElementsInCurrentOnly>
<bounds x="1139" y="704" width="181" height="81"/>
</OView>
<OView class="oracle.dbtools.crest.swingui.logical.TVEntity" oid="7E9BCC74-567D-0A47-F14B-B6264127FCE6" otype="Entity" vid="5D6C8BA9-063D-2B7C-CD58-92DF1EA795FD">
<hideElementsInCurrentOnly>false</hideElementsInCurrentOnly>
<bounds x="14" y="140" width="255" height="72"/>
</OView>
<OView class="oracle.dbtools.crest.swingui.logical.TVEntity" oid="8C2AFE4B-87F8-14B8-767A-ACDFE518F583" otype="Entity" vid="3D984381-C234-C751-01ED-3E06DCA46E1C">
<hideElementsInCurrentOnly>false</hideElementsInCurrentOnly>
<bounds x="259" y="520" width="237" height="179"/>
</OView>
<OView class="oracle.dbtools.crest.swingui.logical.TVEntity" oid="9D7D663A-65B3-8BD8-BA82-9D2B1EA93D2B" otype="Entity" vid="D5EFABCC-BB82-A7EB-591D-03645386DC05">
<hideElementsInCurrentOnly>false</hideElementsInCurrentOnly>
<bounds x="384" y="332" width="168" height="74"/>
</OView>
<OView class="oracle.dbtools.crest.swingui.logical.TVEntity" oid="9DF0BDFC-632C-AF91-066E-9001D584423C" otype="Entity" vid="24606DF5-C595-F0EB-2D3F-5F4ADBF39E11">
<hideElementsInCurrentOnly>false</hideElementsInCurrentOnly>
<bounds x="336" y="61" width="236" height="238"/>
</OView>
<OView class="oracle.dbtools.crest.swingui.logical.TVEntity" oid="B1F30FF4-180B-3E4D-9F27-3DF72001D046" otype="Entity" vid="AEAED8B9-B88A-91D4-1038-20E60A2F546B">
<hideElementsInCurrentOnly>false</hideElementsInCurrentOnly>
<bounds x="1075" y="295" width="208" height="59"/>
</OView>
<OView class="oracle.dbtools.crest.swingui.logical.TVEntity" oid="C189C11A-7F2A-7904-8021-FA58B81D6929" otype="Entity" vid="83DB91BE-D3C5-7354-7DB8-5AD3F799D656">
<hideElementsInCurrentOnly>false</hideElementsInCurrentOnly>
<bounds x="27" y="342" width="275" height="153"/>
</OView>
<OView class="oracle.dbtools.crest.swingui.logical.TVEntity" oid="C910268A-4B8B-378C-D903-47752156CEA1" otype="Entity" vid="582B8E07-0E48-CC43-2F2F-E3297788686E">
<hideElementsInCurrentOnly>false</hideElementsInCurrentOnly>
<bounds x="590" y="511" width="193" height="90"/>
</OView>
<OView class="oracle.dbtools.crest.swingui.logical.TVEntity" oid="F4D805B9-31A5-C4D2-5CEF-769CE2DEE27F" otype="Entity" vid="185643AC-FAD9-F885-A0B6-A3DD429F5534">
<hideElementsInCurrentOnly>false</hideElementsInCurrentOnly>
<bounds x="608" y="13" width="198" height="114"/>
</OView>
<OView class="oracle.dbtools.crest.swingui.logical.TVEntity" oid="F550D2C9-6FB3-C9A4-47E6-9C9037A938D8" otype="Entity" vid="EF7BD8E9-D29F-AD89-1B0A-B9EF6ABAE047">
<hideElementsInCurrentOnly>false</hideElementsInCurrentOnly>
<bounds x="1138" y="502" width="178" height="68"/>
</OView>
<OView class="oracle.dbtools.crest.swingui.logical.TVEntity" oid="FC4789A8-3030-2F24-EFBA-C0074EAEF896" otype="Entity" vid="2906FBDA-1CF6-45B5-90BA-D9F202314BB5">
<hideElementsInCurrentOnly>false</hideElementsInCurrentOnly>
<bounds x="1072" y="371" width="220" height="61"/>
</OView>
</objectViews>
<connectors>
<Connector class="oracle.dbtools.crest.swingui.logical.TVInheritanceRelation" oid="0069DB99-CFCD-59AC-2E76-960C0B667867" otype="Hierarchy relation" vid_source="A5C734DC-337A-BD46-D85F-872641C6B764" vid_target="2906FBDA-1CF6-45B5-90BA-D9F202314BB5">
<hideElementsInCurrentOnly>false</hideElementsInCurrentOnly>
<backgroundColor>-65536</backgroundColor>
<lineWidth>1</lineWidth>
<points>
<point x="931" y="376"/>
<point x="1072" y="376"/>
</points>
</Connector>
<Connector class="oracle.dbtools.crest.swingui.logical.TVRelation" oid="06327FE0-5890-AB5C-0E51-EF44138EDFE5" otype="Relation" vid_source="24606DF5-C595-F0EB-2D3F-5F4ADBF39E11" vid_target="83DB91BE-D3C5-7354-7DB8-5AD3F799D656">
<hideElementsInCurrentOnly>false</hideElementsInCurrentOnly>
<backgroundColor>-16777216</backgroundColor>
<lineWidth>1</lineWidth>
<points>
<point x="336" y="277"/>
<point x="257" y="342"/>
</points>
</Connector>
<Connector class="oracle.dbtools.crest.swingui.logical.TVRelation" oid="0DF9163E-C801-2BEB-B63C-1F962EF46D57" otype="Relation" vid_source="3D984381-C234-C751-01ED-3E06DCA46E1C" vid_target="A5C734DC-337A-BD46-D85F-872641C6B764">
<hideElementsInCurrentOnly>false</hideElementsInCurrentOnly>
<backgroundColor>-16777216</backgroundColor>
<lineWidth>1</lineWidth>
<points>
<point x="496" y="528"/>
<point x="711" y="380"/>
</points>
</Connector>
<Connector class="oracle.dbtools.crest.swingui.logical.TVInheritanceRelation" oid="3B89EEDF-6E4D-9B95-99FB-12E86D987390" otype="Hierarchy relation" vid_source="24606DF5-C595-F0EB-2D3F-5F4ADBF39E11" vid_target="5D6C8BA9-063D-2B7C-CD58-92DF1EA795FD">
<hideElementsInCurrentOnly>false</hideElementsInCurrentOnly>
<backgroundColor>-65536</backgroundColor>
<lineWidth>1</lineWidth>
<points>
<point x="336" y="146"/>
<point x="269" y="146"/>
</points>
</Connector>
<Connector class="oracle.dbtools.crest.swingui.logical.TVInheritanceRelation" oid="4EA8F5DB-5860-402D-A6AB-1362846D81B0" otype="Hierarchy relation" vid_source="A5C734DC-337A-BD46-D85F-872641C6B764" vid_target="32705F7F-0AD3-6A37-09BF-C0F1A40F496A">
<hideElementsInCurrentOnly>false</hideElementsInCurrentOnly>
<backgroundColor>-65536</backgroundColor>
<lineWidth>1</lineWidth>
<points>
<point x="931" y="215"/>
<point x="1033" y="215"/>
<point x="1077" y="215"/>
</points>
</Connector>
<Connector class="oracle.dbtools.crest.swingui.logical.TVRelation" oid="5A45081C-5AB0-B925-AFEA-F2362E03C0EF" otype="Relation" vid_source="04506E85-4AA1-5E35-10AC-C4D33776A2CD" vid_target="3D984381-C234-C751-01ED-3E06DCA46E1C">
<hideElementsInCurrentOnly>false</hideElementsInCurrentOnly>
<backgroundColor>-16777216</backgroundColor>
<lineWidth>1</lineWidth>
<points>
<point x="418" y="752"/>
<point x="418" y="699"/>
</points>
</Connector>
<Connector class="oracle.dbtools.crest.swingui.logical.TVRelation" oid="5F0228F9-B25A-BE69-2AD4-91A88281469F" otype="Relation" vid_source="3D984381-C234-C751-01ED-3E06DCA46E1C" vid_target="83DB91BE-D3C5-7354-7DB8-5AD3F799D656">
<hideElementsInCurrentOnly>false</hideElementsInCurrentOnly>
<backgroundColor>-16777216</backgroundColor>
<lineWidth>1</lineWidth>
<points>
<point x="280" y="520"/>
<point x="280" y="495"/>
</points>
</Connector>
<Connector class="oracle.dbtools.crest.swingui.logical.TVRelation" oid="5F1E8046-0604-12BF-3CEE-2BE2205F0077" otype="Relation" vid_source="185643AC-FAD9-F885-A0B6-A3DD429F5534" vid_target="24606DF5-C595-F0EB-2D3F-5F4ADBF39E11">
<hideElementsInCurrentOnly>false</hideElementsInCurrentOnly>
<backgroundColor>-16777216</backgroundColor>
<lineWidth>1</lineWidth>
<points>
<point x="608" y="94"/>
<point x="572" y="94"/>
</points>
</Connector>
<Connector class="oracle.dbtools.crest.swingui.logical.TVInheritanceRelation" oid="67C571E2-5A60-0E6A-9FB9-787ECA451810" otype="Hierarchy relation" vid_source="54DBA5D6-19EF-ABFE-30B9-A804C1AFF0BB" vid_target="0CCE2607-BB96-DBDE-CEC5-7AD5A385701E">
<hideElementsInCurrentOnly>false</hideElementsInCurrentOnly>
<backgroundColor>-65536</backgroundColor>
<lineWidth>1</lineWidth>
<points>
<point x="1025" y="637"/>
<point x="1182" y="704"/>
</points>
</Connector>
<Connector class="oracle.dbtools.crest.swingui.logical.TVInheritanceRelation" oid="6BC54E68-E099-9319-99C6-EBA24F1AC1E1" otype="Hierarchy relation" vid_source="54DBA5D6-19EF-ABFE-30B9-A804C1AFF0BB" vid_target="EF7BD8E9-D29F-AD89-1B0A-B9EF6ABAE047">
<hideElementsInCurrentOnly>false</hideElementsInCurrentOnly>
<backgroundColor>-65536</backgroundColor>
<lineWidth>1</lineWidth>
<points>
<point x="1025" y="522"/>
<point x="1050" y="522"/>
<point x="1138" y="522"/>
</points>
</Connector>
<Connector class="oracle.dbtools.crest.swingui.logical.TVRelation" oid="833D0092-8DF4-159C-27A4-6997575B9435" otype="Relation" vid_source="AD36AE6B-3D51-A53E-B6AA-87C86E849F1E" vid_target="3D984381-C234-C751-01ED-3E06DCA46E1C">
<hideElementsInCurrentOnly>false</hideElementsInCurrentOnly>
<backgroundColor>-16777216</backgroundColor>
<lineWidth>1</lineWidth>
<points>
<point x="280" y="712"/>
<point x="280" y="699"/>
</points>
</Connector>
<Connector class="oracle.dbtools.crest.swingui.logical.TVRelation" oid="A338FD4B-1B53-395B-B071-5F0ED1E90990" otype="Relation" vid_source="54DBA5D6-19EF-ABFE-30B9-A804C1AFF0BB" vid_target="A5C734DC-337A-BD46-D85F-872641C6B764">
<hideElementsInCurrentOnly>false</hideElementsInCurrentOnly>
<backgroundColor>-16777216</backgroundColor>
<lineWidth>1</lineWidth>
<points>
<point x="874" y="501"/>
<point x="874" y="412"/>
</points>
</Connector>
<Connector class="oracle.dbtools.crest.swingui.logical.TVRelation" oid="B527A093-8B17-B0FC-3B22-E79A434C1932" otype="Relation" vid_source="3D984381-C234-C751-01ED-3E06DCA46E1C" vid_target="3D984381-C234-C751-01ED-3E06DCA46E1C">
<hideElementsInCurrentOnly>false</hideElementsInCurrentOnly>
<backgroundColor>-16777216</backgroundColor>
<lineWidth>1</lineWidth>
<points>
<point x="496" y="624"/>
<point x="524" y="624"/>
<point x="527" y="734"/>
<point x="401" y="734"/>
<point x="401" y="699"/>
</points>
</Connector>
<Connector class="oracle.dbtools.crest.swingui.logical.TVRelation" oid="C42F1562-46C9-D24E-814F-08A2A42D74A6" otype="Relation" vid_source="1C474C67-46D2-5AC4-8996-10F7E09B1D31" vid_target="185643AC-FAD9-F885-A0B6-A3DD429F5534">
<hideElementsInCurrentOnly>false</hideElementsInCurrentOnly>
<backgroundColor>-16777216</backgroundColor>
<lineWidth>1</lineWidth>
<points>
<point x="832" y="63"/>
<point x="806" y="63"/>
</points>
</Connector>
<Connector class="oracle.dbtools.crest.swingui.logical.TVInheritanceRelation" oid="CC2CFE27-7532-9D6F-5156-3F5A204AAE7A" otype="Hierarchy relation" vid_source="24606DF5-C595-F0EB-2D3F-5F4ADBF39E11" vid_target="CB6FE5C2-7192-7AC8-0B3D-10954E04FB9A">
<hideElementsInCurrentOnly>false</hideElementsInCurrentOnly>
<backgroundColor>-65536</backgroundColor>
<lineWidth>1</lineWidth>
<points>
<point x="336" y="71"/>
<point x="237" y="71"/>
</points>
</Connector>
<Connector class="oracle.dbtools.crest.swingui.logical.TVRelation" oid="D59C47AA-70E8-3500-D0B8-6184165833A2" otype="Relation" vid_source="582B8E07-0E48-CC43-2F2F-E3297788686E" vid_target="3D984381-C234-C751-01ED-3E06DCA46E1C">
<hideElementsInCurrentOnly>false</hideElementsInCurrentOnly>
<backgroundColor>-16777216</backgroundColor>
<lineWidth>1</lineWidth>
<points>
<point x="590" y="560"/>
<point x="496" y="560"/>
</points>
</Connector>
<Connector class="oracle.dbtools.crest.swingui.logical.TVInheritanceRelation" oid="DEAE2A02-8DD6-2D6C-545A-FD805BA0DBBB" otype="Hierarchy relation" vid_source="54DBA5D6-19EF-ABFE-30B9-A804C1AFF0BB" vid_target="06E9A06A-47C2-96DC-0A74-089EBFAB8EA6">
<hideElementsInCurrentOnly>false</hideElementsInCurrentOnly>
<backgroundColor>-65536</backgroundColor>
<lineWidth>1</lineWidth>
<points>
<point x="1025" y="610"/>
<point x="1134" y="610"/>
</points>
</Connector>
<Connector class="oracle.dbtools.crest.swingui.logical.TVRelation" oid="E0629386-F688-456B-1003-965FF01CE9FE" otype="Relation" vid_source="24606DF5-C595-F0EB-2D3F-5F4ADBF39E11" vid_target="A5C734DC-337A-BD46-D85F-872641C6B764">
<hideElementsInCurrentOnly>false</hideElementsInCurrentOnly>
<backgroundColor>-16777216</backgroundColor>
<lineWidth>1</lineWidth>
<points>
<point x="572" y="248"/>
<point x="711" y="248"/>
</points>
</Connector>
<Connector class="oracle.dbtools.crest.swingui.logical.TVRelation" oid="E264762F-DDAF-1A66-8C47-926036C109D0" otype="Relation" vid_source="D5EFABCC-BB82-A7EB-591D-03645386DC05" vid_target="24606DF5-C595-F0EB-2D3F-5F4ADBF39E11">
<hideElementsInCurrentOnly>false</hideElementsInCurrentOnly>
<backgroundColor>-16777216</backgroundColor>
<lineWidth>1</lineWidth>
<points>
<point x="468" y="332"/>
<point x="468" y="299"/>
</points>
</Connector>
<Connector class="oracle.dbtools.crest.swingui.logical.TVRelation" oid="E62AC60C-2F7F-1E2F-7937-00CC7159D34C" otype="Relation" vid_source="1D2ED417-605F-7B84-7430-41CB608268CB" vid_target="3D984381-C234-C751-01ED-3E06DCA46E1C">
<hideElementsInCurrentOnly>false</hideElementsInCurrentOnly>
<backgroundColor>-16777216</backgroundColor>
<lineWidth>1</lineWidth>
<points>
<point x="568" y="667"/>
<point x="496" y="667"/>
</points>
</Connector>
<Connector class="oracle.dbtools.crest.swingui.logical.TVInheritanceRelation" oid="F4D63723-14CB-7BBB-695D-2C660A80B5B8" otype="Hierarchy relation" vid_source="A5C734DC-337A-BD46-D85F-872641C6B764" vid_target="AEAED8B9-B88A-91D4-1038-20E60A2F546B">
<hideElementsInCurrentOnly>false</hideElementsInCurrentOnly>
<backgroundColor>-65536</backgroundColor>
<lineWidth>1</lineWidth>
<points>
<point x="931" y="309"/>
<point x="1075" y="309"/>
</points>
</Connector>
<Connector class="oracle.dbtools.crest.swingui.logical.TVInheritanceRelation" oid="F85EFD94-C728-A04C-7860-4F420D3ADA71" otype="Hierarchy relation" vid_source="24606DF5-C595-F0EB-2D3F-5F4ADBF39E11" vid_target="439104F1-80CD-223B-9809-41760693E617">
<hideElementsInCurrentOnly>false</hideElementsInCurrentOnly>
<backgroundColor>-65536</backgroundColor>
<lineWidth>1</lineWidth>
<points>
<point x="336" y="237"/>
<point x="244" y="237"/>
</points>
</Connector>
<Connector class="oracle.dbtools.crest.swingui.logical.TVRelation" oid="FD2A705F-11A8-282D-3E69-89FD6CAC49D3" otype="Relation" vid_source="CCED0327-EAAC-ADFD-6A29-8463098D4B94" vid_target="A5C734DC-337A-BD46-D85F-872641C6B764">
<hideElementsInCurrentOnly>false</hideElementsInCurrentOnly>
<backgroundColor>-16777216</backgroundColor>
<lineWidth>1</lineWidth>
<points>
<point x="1115" y="131"/>
<point x="931" y="255"/>
</points>
</Connector>
</connectors>
<arcs>
<Arc class="oracle.dbtools.crest.swingui.logical.TVArc" oid="7042DF0D-084F-FB7C-9CAF-C55DEDC577E5" otype="Arc" vid="89901233-38EA-C16C-7795-A116D4294EAD">
<hideElementsInCurrentOnly>false</hideElementsInCurrentOnly>
<bounds x="316" y="41" width="276" height="278"/>
</Arc>
<Arc class="oracle.dbtools.crest.swingui.logical.TVArc" oid="D44E1D44-115A-F60D-0F6F-1C1E9A3A7925" otype="Arc" vid="EAD8CBF1-0901-6FE6-04EE-96DBF6508E38">
<hideElementsInCurrentOnly>false</hideElementsInCurrentOnly>
<bounds x="797" y="481" width="248" height="192"/>
</Arc>
<Arc class="oracle.dbtools.crest.swingui.logical.TVArc" oid="D4862A8F-329D-9E1D-5453-861764F00A5D" otype="Arc" vid="CD6CF2EE-8B51-4F30-8B32-003610B85C52">
<hideElementsInCurrentOnly>false</hideElementsInCurrentOnly>
<bounds x="691" y="178" width="260" height="254"/>
</Arc>
</arcs>
</Diagram>