<?xml version = '1.0' encoding = 'UTF-8'?>
<Relation class="oracle.dbtools.crest.model.design.logical.Relation" name="Relation_2" directorySegmentName="seg_0" id="3204E2A5-7017-D1E9-7CA3-DF60F82E533A">
<createdBy>tazja</createdBy>
<createdTime>2025-09-07 18:30:42 UTC</createdTime>
<ownerDesignName>exp2_sem1_grupo</ownerDesignName>
<engineerTo>
<item key="A6FAAD27-822A-4095-D12C-3A51CA29815C" value="true"/>
</engineerTo>
<identifying>false</identifying>
<optionalSource>false</optionalSource>
<optionalTarget>false</optionalTarget>
<sourceCardinality>*</sourceCardinality>
<sourceEntity>A0FF6794-B39E-2CBC-56A7-DDBACA69E8A7</sourceEntity>
<targetCardinalityString>*</targetCardinalityString>
<targetEntity>45E67059-DCD5-1D76-B139-40C0169CFEE6</targetEntity>
<transferable>true</transferable>
<deleteRule>NO ACTION</deleteRule>
</Relation>