<?xml version = '1.0' encoding = 'UTF-8'?>
<Relation class="oracle.dbtools.crest.model.design.logical.Relation" name="Relation_3" directorySegmentName="seg_0" id="74909350-34ED-E872-8E36-C1757EF4702E">
<createdBy>tazja</createdBy>
<createdTime>2025-09-07 18:33:20 UTC</createdTime>
<ownerDesignName>exp2_sem1_grupo</ownerDesignName>
<engineerTo>
<item key="A6FAAD27-822A-4095-D12C-3A51CA29815C" value="true"/>
</engineerTo>
<sourcePk>8B5BB361-B8C1-C784-7FFC-982303CC7DFC</sourcePk>
<identifying>false</identifying>
<optionalSource>false</optionalSource>
<optionalTarget>false</optionalTarget>
<sourceCardinality>1</sourceCardinality>
<sourceEntity>F865C468-63C7-441F-EFD4-7461E285AE48</sourceEntity>
<targetCardinalityString>*</targetCardinalityString>
<targetEntity>45E67059-DCD5-1D76-B139-40C0169CFEE6</targetEntity>
<transferable>true</transferable>
<deleteRule>NO ACTION</deleteRule>
</Relation>