<?xml version = '1.0' encoding = 'UTF-8'?>
<Relation class="oracle.dbtools.crest.model.design.logical.Relation" name="Relation_10" directorySegmentName="seg_0" id="7B1CE5B3-FFBB-5549-FFFB-642CA582C054">
<createdBy>tazja</createdBy>
<createdTime>2025-09-07 18:59:07 UTC</createdTime>
<ownerDesignName>exp2_sem1_grupo</ownerDesignName>
<engineerTo>
<item key="A6FAAD27-822A-4095-D12C-3A51CA29815C" value="true"/>
</engineerTo>
<sourcePk>D6C6ED06-8D38-6C5A-A127-2E284DAD6D5C</sourcePk>
<identifying>false</identifying>
<optionalSource>false</optionalSource>
<optionalTarget>false</optionalTarget>
<sourceCardinality>1</sourceCardinality>
<sourceEntity>C8C17C4F-BCBE-E52F-6573-695DB8D135CF</sourceEntity>
<targetCardinalityString>*</targetCardinalityString>
<targetEntity>45E67059-DCD5-1D76-B139-40C0169CFEE6</targetEntity>
<transferable>true</transferable>
<deleteRule>NO ACTION</deleteRule>
</Relation>