<?xml version = '1.0' encoding = 'UTF-8'?>
<Relation class="oracle.dbtools.crest.model.design.logical.Relation" name="Relation_4" directorySegmentName="seg_0" id="8AC1CC35-1C21-04AA-3C3E-616AC6638B3F">
<createdBy>tazja</createdBy>
<createdTime>2025-09-07 18:36:21 UTC</createdTime>
<ownerDesignName>exp2_sem1_grupo</ownerDesignName>
<engineerTo>
<item key="A6FAAD27-822A-4095-D12C-3A51CA29815C" value="true"/>
</engineerTo>
<targetPk>7928B8D9-C308-9EC4-E33C-104F51DA9A3C</targetPk>
<identifying>false</identifying>
<optionalSource>false</optionalSource>
<optionalTarget>true</optionalTarget>
<sourceCardinality>1</sourceCardinality>
<sourceEntity>36BF8BB6-D511-7F2C-4737-93D439250E48</sourceEntity>
<targetCardinalityString>1</targetCardinalityString>
<targetEntity>45E67059-DCD5-1D76-B139-40C0169CFEE6</targetEntity>
<transferable>true</transferable>
<deleteRule>NO ACTION</deleteRule>
</Relation>