<?xml version = '1.0' encoding = 'UTF-8'?>
<Relation class="oracle.dbtools.crest.model.design.logical.Relation" name="Relation_1" directorySegmentName="seg_0" id="C11237AA-B214-8591-9077-E93D955E4830">
<createdBy>tazja</createdBy>
<createdTime>2025-09-07 18:28:50 UTC</createdTime>
<ownerDesignName>exp2_sem1_grupo</ownerDesignName>
<engineerTo>
<item key="A6FAAD27-822A-4095-D12C-3A51CA29815C" value="true"/>
</engineerTo>
<sourcePk>6FB006E2-6755-7E74-8751-0B4D5749B38A</sourcePk>
<identifying>false</identifying>
<optionalSource>false</optionalSource>
<optionalTarget>false</optionalTarget>
<sourceCardinality>1</sourceCardinality>
<sourceEntity>24557195-1F0D-36BE-F50A-CB0C8A37AB71</sourceEntity>
<targetCardinalityString>*</targetCardinalityString>
<targetEntity>8125129A-7EAF-5630-15D8-FAA0AE70E62E</targetEntity>
<transferable>true</transferable>
<deleteRule>NO ACTION</deleteRule>
</Relation>