<?xml version = '1.0' encoding = 'UTF-8'?>
<Relation class="oracle.dbtools.crest.model.design.logical.Relation" name="Relation_12" directorySegmentName="seg_0" id="F6454CD5-9814-7570-32B9-969AC6408711">
<createdBy>tazja</createdBy>
<createdTime>2025-09-07 19:03:15 UTC</createdTime>
<ownerDesignName>exp2_sem1_grupo</ownerDesignName>
<engineerTo>
<item key="A6FAAD27-822A-4095-D12C-3A51CA29815C" value="true"/>
</engineerTo>
<sourcePk>7928B8D9-C308-9EC4-E33C-104F51DA9A3C</sourcePk>
<targetPk>B8793851-B31F-11BC-CA09-9763747DFADA</targetPk>
<identifying>false</identifying>
<optionalSource>false</optionalSource>
<optionalTarget>false</optionalTarget>
<sourceCardinality>*</sourceCardinality>
<sourceEntity>45E67059-DCD5-1D76-B139-40C0169CFEE6</sourceEntity>
<targetCardinalityString>1</targetCardinalityString>
<targetEntity>AA01EAF4-8948-EE0F-D456-9C6814F96068</targetEntity>
<transferable>true</transferable>
<deleteRule>NO ACTION</deleteRule>
</Relation>