<?xml version = '1.0' encoding = 'UTF-8'?>
<relationalModel class="oracle.dbtools.crest.model.design.relational.RelationalDesign" name="Relational_1" id="20D05DA7-E5D8-2E92-D25A-90B7C6D78FCE" mainViewID="B0424974-0BA7-99B5-8626-8F4A3579A5F9">
<createdBy>tazja</createdBy>
<createdTime>2025-09-14 16:47:23 UTC</createdTime>
<ownerDesignName>centromedico</ownerDesignName>
<shouldBeOpen>false</shouldBeOpen>
<selectedRDBMSSite>32076570-2523-435C-2E92-BF29817DFF70</selectedRDBMSSite>
</relationalModel>