<?xml version = '1.0' encoding = 'UTF-8'?>
<Relation class="oracle.dbtools.crest.model.design.logical.Relation" name="Relation_1" directorySegmentName="seg_0" id="26F6A18E-3771-FDC3-C1E8-70270A1BB178">
<createdBy>tazja</createdBy>
<createdTime>2025-08-23 21:39:42 UTC</createdTime>
<ownerDesignName>exp1_sem2_grupo7</ownerDesignName>
<engineerTo>
<item key="FBB65622-A2D7-6A06-1A15-C66650F1D87A" value="true"/>
</engineerTo>
<sourcePk>31E67D93-ABDD-B93D-9304-161B10D71464</sourcePk>
<targetPk>83133C3A-CFEA-206B-1F37-03AACBA30AA5</targetPk>
<identifying>false</identifying>
<optionalSource>false</optionalSource>
<optionalTarget>false</optionalTarget>
<sourceCardinality>1</sourceCardinality>
<sourceEntity>D9FF7E70-E28D-49A4-07F6-88A902F47ABB</sourceEntity>
<targetCardinalityString>1</targetCardinalityString>
<targetEntity>FD196B00-5006-CC64-A31A-416FCCADEF79</targetEntity>
<transferable>true</transferable>
<deleteRule>NO ACTION</deleteRule>
</Relation>