<?xml version = '1.0' encoding = 'UTF-8'?>
<Relation class="oracle.dbtools.crest.model.design.logical.Relation" name="Relation_4" directorySegmentName="seg_0" id="4D95B37F-CF8E-70FF-6066-5EFF5344F7A6">
<createdBy>tazja</createdBy>
<createdTime>2025-08-23 22:33:53 UTC</createdTime>
<ownerDesignName>exp1_sem2_grupo7</ownerDesignName>
<engineerTo>
<item key="FBB65622-A2D7-6A06-1A15-C66650F1D87A" value="true"/>
</engineerTo>
<sourcePk>5777D7BC-8C74-BB5A-E168-F27147D8A1E3</sourcePk>
<identifying>false</identifying>
<optionalSource>false</optionalSource>
<optionalTarget>true</optionalTarget>
<sourceCardinality>1</sourceCardinality>
<sourceEntity>F31F28BC-3C2D-5DB6-0026-CD1836342E59</sourceEntity>
<targetCardinalityString>*</targetCardinalityString>
<targetEntity>BE46F560-32A0-1DF0-F7EB-223CD0B05D69</targetEntity>
<transferable>true</transferable>
<deleteRule>NO ACTION</deleteRule>
</Relation>