<?xml version = '1.0' encoding = 'UTF-8'?>
<Relation class="oracle.dbtools.crest.model.design.logical.Relation" name="Relation_2" directorySegmentName="seg_0" id="59D03814-6E53-D29B-C977-86CFAF4BCDBC">
<createdBy>tazja</createdBy>
<createdTime>2025-08-23 21:40:06 UTC</createdTime>
<ownerDesignName>exp1_sem2_grupo7</ownerDesignName>
<engineerTo>
<item key="FBB65622-A2D7-6A06-1A15-C66650F1D87A" value="true"/>
</engineerTo>
<sourcePk>31E67D93-ABDD-B93D-9304-161B10D71464</sourcePk>
<targetPk>C501B603-2C9F-CC77-F167-9D96BB28FFA2</targetPk>
<identifying>false</identifying>
<optionalSource>false</optionalSource>
<optionalTarget>false</optionalTarget>
<sourceCardinality>1</sourceCardinality>
<sourceEntity>D9FF7E70-E28D-49A4-07F6-88A902F47ABB</sourceEntity>
<targetCardinalityString>1</targetCardinalityString>
<targetEntity>021A580C-299B-4D79-4747-3325BE18AC6C</targetEntity>
<transferable>true</transferable>
<deleteRule>NO ACTION</deleteRule>
</Relation>