<?xml version = '1.0' encoding = 'UTF-8'?>
<Relation class="oracle.dbtools.crest.model.design.logical.Relation" name="Relation_7" directorySegmentName="seg_0" id="68E1F418-834C-BF9E-BCEA-8E48F59C1840">
<createdBy>tazja</createdBy>
<createdTime>2025-08-23 22:40:55 UTC</createdTime>
<ownerDesignName>exp1_sem2_grupo7</ownerDesignName>
<engineerTo>
<item key="FBB65622-A2D7-6A06-1A15-C66650F1D87A" value="true"/>
</engineerTo>
<sourcePk>6AB647F8-79EE-9BA1-BCF8-157E4E23D780</sourcePk>
<identifying>false</identifying>
<optionalSource>false</optionalSource>
<optionalTarget>true</optionalTarget>
<sourceCardinality>1</sourceCardinality>
<sourceEntity>5D9D6302-57A6-AF7D-404F-0CCD31B35A88</sourceEntity>
<targetCardinalityString>*</targetCardinalityString>
<targetEntity>4C66EE5B-E1AF-5FF3-0006-BFE4563547BF</targetEntity>
<transferable>true</transferable>
<deleteRule>NO ACTION</deleteRule>
</Relation>