<?xml version = '1.0' encoding = 'UTF-8'?>
<Relation class="oracle.dbtools.crest.model.design.logical.Relation" name="Relation_8" directorySegmentName="seg_0" id="AE8608ED-5A4D-F483-131D-7DC5BF44DD72">
<createdBy>tazja</createdBy>
<createdTime>2025-08-23 22:43:27 UTC</createdTime>
<ownerDesignName>exp1_sem2_grupo7</ownerDesignName>
<engineerTo>
<item key="FBB65622-A2D7-6A06-1A15-C66650F1D87A" value="true"/>
</engineerTo>
<sourcePk>31E67D93-ABDD-B93D-9304-161B10D71464</sourcePk>
<identifying>false</identifying>
<optionalSource>false</optionalSource>
<optionalTarget>true</optionalTarget>
<sourceCardinality>1</sourceCardinality>
<sourceEntity>D9FF7E70-E28D-49A4-07F6-88A902F47ABB</sourceEntity>
<targetCardinalityString>*</targetCardinalityString>
<targetEntity>5D9D6302-57A6-AF7D-404F-0CCD31B35A88</targetEntity>
<transferable>true</transferable>
<deleteRule>NO ACTION</deleteRule>
</Relation>