<?xml version = '1.0' encoding = 'UTF-8'?>
<Relation class="oracle.dbtools.crest.model.design.logical.Relation" name="Relation_6" directorySegmentName="seg_0" id="B8549A32-A5C1-D0FF-47D0-62A122FED6A5">
<createdBy>tazja</createdBy>
<createdTime>2025-08-23 22:37:38 UTC</createdTime>
<ownerDesignName>exp1_sem2_grupo7</ownerDesignName>
<engineerTo>
<item key="FBB65622-A2D7-6A06-1A15-C66650F1D87A" value="true"/>
</engineerTo>
<sourcePk>177C0430-0C17-B2A6-F2B8-B30D8BB274BF</sourcePk>
<identifying>false</identifying>
<optionalSource>false</optionalSource>
<optionalTarget>false</optionalTarget>
<sourceCardinality>1</sourceCardinality>
<sourceEntity>BE46F560-32A0-1DF0-F7EB-223CD0B05D69</sourceEntity>
<targetCardinalityString>*</targetCardinalityString>
<targetEntity>7ACA75F9-39C9-B137-52CB-1EA22A2F8EF2</targetEntity>
<transferable>true</transferable>
<deleteRule>NO ACTION</deleteRule>
</Relation>