<?xml version = '1.0' encoding = 'UTF-8'?>
<Relation class="oracle.dbtools.crest.model.design.logical.Relation" name="Relation_3" directorySegmentName="seg_0" id="DA070A5F-80E2-CD53-5329-B07163B0AD41">
<createdBy>tazja</createdBy>
<createdTime>2025-08-23 22:25:49 UTC</createdTime>
<ownerDesignName>exp1_sem2_grupo7</ownerDesignName>
<engineerTo>
<item key="FBB65622-A2D7-6A06-1A15-C66650F1D87A" value="true"/>
</engineerTo>
<sourcePk>6AB647F8-79EE-9BA1-BCF8-157E4E23D780</sourcePk>
<identifying>false</identifying>
<optionalSource>false</optionalSource>
<optionalTarget>true</optionalTarget>
<sourceCardinality>1</sourceCardinality>
<sourceEntity>5D9D6302-57A6-AF7D-404F-0CCD31B35A88</sourceEntity>
<targetCardinalityString>*</targetCardinalityString>
<targetEntity>7ACA75F9-39C9-B137-52CB-1EA22A2F8EF2</targetEntity>
<transferable>true</transferable>
<deleteRule>NO ACTION</deleteRule>
</Relation>