<?xml version = '1.0' encoding = 'UTF-8'?>
<Entity class="oracle.dbtools.crest.model.design.logical.Entity" directorySegmentName="seg_0" id="0188C5CB-E44D-80C8-41A5-CB283044D8A9" name="EXTRANJERA">
<createdBy>tazja</createdBy>
<createdTime>2025-09-07 18:20:44 UTC</createdTime>
<ownerDesignName>exp2_sem1_grupo</ownerDesignName>
<engineerTo>
<item key="A6FAAD27-822A-4095-D12C-3A51CA29815C" value="true"/>
</engineerTo>
<adequatelyNormalized>NO</adequatelyNormalized>
<expectedVolumes>0</expectedVolumes>
<fwdEngineeringStrategyName>Single Table</fwdEngineeringStrategyName>
<growthPercent>0</growthPercent>
<growthType>Year</growthType>
<hierarchicalParent>8125129A-7EAF-5630-15D8-FAA0AE70E62E</hierarchicalParent>
<maxVolumes>9999999</maxVolumes>
<minVolumes>0</minVolumes>
<normalForm>Third</normalForm>
<attributes itemClass="oracle.dbtools.crest.model.design.logical.Attribute">
<Attribute name="nivel_dominio_idioma" id="5A8C144A-87A0-5018-D285-F4666B86DD27">
<createdBy>tazja</createdBy>
<createdTime>2025-09-07 18:22:34 UTC</createdTime>
<ownerDesignName>exp2_sem1_grupo</ownerDesignName>
<engineerTo>
<item key="A6FAAD27-822A-4095-D12C-3A51CA29815C" value="true"/>
</engineerTo>
<useDomainConstraints>false</useDomainConstraints>
<use>1</use>
<logicalDatatype>LOGDT024</logicalDatatype>
<ownDataTypeParameters>,,</ownDataTypeParameters>
</Attribute>
<Attribute name="fecha_visa" id="72A3A836-0CF0-6EED-1F95-C2E5EE8D05DD">
<createdBy>tazja</createdBy>
<createdTime>2025-09-07 18:23:04 UTC</createdTime>
<ownerDesignName>exp2_sem1_grupo</ownerDesignName>
<engineerTo>
<item key="A6FAAD27-822A-4095-D12C-3A51CA29815C" value="true"/>
</engineerTo>
<useDomainConstraints>false</useDomainConstraints>
<use>1</use>
<logicalDatatype>LOGDT007</logicalDatatype>
<ownDataTypeParameters>,,</ownDataTypeParameters>
</Attribute>
<Attribute name="id_visa" id="39F8002F-8B43-1209-73BF-272C306502CC">
<createdBy>tazja</createdBy>
<createdTime>2025-09-07 18:23:13 UTC</createdTime>
<ownerDesignName>exp2_sem1_grupo</ownerDesignName>
<engineerTo>
<item key="A6FAAD27-822A-4095-D12C-3A51CA29815C" value="true"/>
</engineerTo>
<useDomainConstraints>false</useDomainConstraints>
<use>1</use>
<logicalDatatype>LOGDT024</logicalDatatype>
<ownDataTypeParameters>,,</ownDataTypeParameters>
</Attribute>
<Attribute name="id_empresa_extranjera" id="0908B379-2C1B-2494-1FEA-15EE8C01E2B9">
<createdBy>tazja</createdBy>
<createdTime>2025-09-07 18:23:57 UTC</createdTime>
<ownerDesignName>exp2_sem1_grupo</ownerDesignName>
<engineerTo>
<item key="A6FAAD27-822A-4095-D12C-3A51CA29815C" value="true"/>
</engineerTo>
<useDomainConstraints>false</useDomainConstraints>
<use>1</use>
<logicalDatatype>LOGDT019</logicalDatatype>
<ownDataTypeParameters>,,</ownDataTypeParameters>
</Attribute>
</attributes>
<identifiers itemClass="oracle.dbtools.crest.model.design.logical.CandidateKey">
<identifier id="1F001AE5-233B-32CB-1743-931EFC6BA56F" name="EXTRANJERA PK">
<createdBy>tazja</createdBy>
<createdTime>2025-09-07 19:13:28 UTC</createdTime>
<ownerDesignName>exp2_sem1_grupo</ownerDesignName>
<engineerTo>
<item key="A6FAAD27-822A-4095-D12C-3A51CA29815C" value="true"/>
</engineerTo>
<pk>true</pk>
<usedAttributes>
<attributeRef>0908B379-2C1B-2494-1FEA-15EE8C01E2B9</attributeRef>
</usedAttributes>
</identifier>
</identifiers>
</Entity>