<?xml version = '1.0' encoding = 'UTF-8'?>
<Entity class="oracle.dbtools.crest.model.design.logical.Entity" directorySegmentName="seg_0" id="36BF8BB6-D511-7F2C-4737-93D439250E48" name="WEB_SITE">
<createdBy>tazja</createdBy>
<createdTime>2025-09-07 18:35:03 UTC</createdTime>
<ownerDesignName>exp2_sem1_grupo</ownerDesignName>
<engineerTo>
<item key="A6FAAD27-822A-4095-D12C-3A51CA29815C" value="true"/>
</engineerTo>
<adequatelyNormalized>NO</adequatelyNormalized>
<expectedVolumes>0</expectedVolumes>
<fwdEngineeringStrategyName>Single Table</fwdEngineeringStrategyName>
<growthPercent>0</growthPercent>
<growthType>Year</growthType>
<maxVolumes>9999999</maxVolumes>
<minVolumes>0</minVolumes>
<normalForm>Third</normalForm>
<attributes itemClass="oracle.dbtools.crest.model.design.logical.Attribute">
<Attribute name="id_web_site" id="E1C68E50-E886-C7DE-0C99-C69D651F1E72">
<createdBy>tazja</createdBy>
<createdTime>2025-09-07 18:35:14 UTC</createdTime>
<ownerDesignName>exp2_sem1_grupo</ownerDesignName>
<engineerTo>
<item key="A6FAAD27-822A-4095-D12C-3A51CA29815C" value="true"/>
</engineerTo>
<useDomainConstraints>false</useDomainConstraints>
<use>1</use>
<logicalDatatype>LOGDT024</logicalDatatype>
<ownDataTypeParameters>,,</ownDataTypeParameters>
</Attribute>
<Attribute name="nombre_web_site" id="33F13C45-5B96-00D7-B8E6-FF7E573AE0DA">
<createdBy>tazja</createdBy>
<createdTime>2025-09-07 18:35:24 UTC</createdTime>
<ownerDesignName>exp2_sem1_grupo</ownerDesignName>
<engineerTo>
<item key="A6FAAD27-822A-4095-D12C-3A51CA29815C" value="true"/>
</engineerTo>
<useDomainConstraints>false</useDomainConstraints>
<use>1</use>
<logicalDatatype>LOGDT024</logicalDatatype>
<ownDataTypeParameters>,,</ownDataTypeParameters>
</Attribute>
<Attribute name="folio_postulante" id="C92FDD0B-55C9-3CBC-6E9E-3DFE488C501D">
<createdBy>tazja</createdBy>
<createdTime>2025-09-07 18:39:02 UTC</createdTime>
<generatorID>8AC1CC35-1C21-04AA-3C3E-616AC6638B3F</generatorID>
<ownerDesignName>exp2_sem1_grupo</ownerDesignName>
<engineerTo>
<item key="A6FAAD27-822A-4095-D12C-3A51CA29815C" value="true"/>
</engineerTo>
<referedAttribute>37538CC5-A203-624C-B954-2614489F36F6</referedAttribute>
<useDomainConstraints>false</useDomainConstraints>
<use>1</use>
<logicalDatatype>LOGDT019</logicalDatatype>
<ownDataTypeParameters>,,</ownDataTypeParameters>
</Attribute>
</attributes>
<identifiers itemClass="oracle.dbtools.crest.model.design.logical.CandidateKey">
<identifier id="F76FDB1C-B539-A345-D13A-655F0C906423" name="WEB_SITE PK">
<createdBy>tazja</createdBy>
<createdTime>2025-09-07 18:54:55 UTC</createdTime>
<ownerDesignName>exp2_sem1_grupo</ownerDesignName>
<engineerTo>
<item key="A6FAAD27-822A-4095-D12C-3A51CA29815C" value="true"/>
</engineerTo>
<pk>true</pk>
<usedAttributes>
<attributeRef>E1C68E50-E886-C7DE-0C99-C69D651F1E72</attributeRef>
</usedAttributes>
</identifier>
</identifiers>
</Entity>