<?xml version = '1.0' encoding = 'UTF-8'?>
<Entity class="oracle.dbtools.crest.model.design.logical.Entity" directorySegmentName="seg_0" id="45E67059-DCD5-1D76-B139-40C0169CFEE6" name="POSTULANTE">
<createdBy>tazja</createdBy>
<createdTime>2025-09-07 18:06:04 UTC</createdTime>
<ownerDesignName>exp2_sem1_grupo</ownerDesignName>
<engineerTo>
<item key="A6FAAD27-822A-4095-D12C-3A51CA29815C" value="true"/>
</engineerTo>
<adequatelyNormalized>NO</adequatelyNormalized>
<expectedVolumes>0</expectedVolumes>
<fwdEngineeringStrategyName>Single Table</fwdEngineeringStrategyName>
<growthPercent>0</growthPercent>
<growthType>Year</growthType>
<maxVolumes>9999999</maxVolumes>
<minVolumes>0</minVolumes>
<normalForm>Third</normalForm>
<attributes itemClass="oracle.dbtools.crest.model.design.logical.Attribute">
<Attribute name="folio_postulante" id="37538CC5-A203-624C-B954-2614489F36F6">
<createdBy>tazja</createdBy>
<createdTime>2025-09-07 18:06:57 UTC</createdTime>
<ownerDesignName>exp2_sem1_grupo</ownerDesignName>
<engineerTo>
<item key="A6FAAD27-822A-4095-D12C-3A51CA29815C" value="true"/>
</engineerTo>
<useDomainConstraints>false</useDomainConstraints>
<use>1</use>
<logicalDatatype>LOGDT019</logicalDatatype>
<ownDataTypeParameters>,,</ownDataTypeParameters>
</Attribute>
<Attribute name="nombres" id="2DBB70E3-D172-B821-3657-39B10F03D4D5">
<createdBy>tazja</createdBy>
<createdTime>2025-09-07 18:08:41 UTC</createdTime>
<ownerDesignName>exp2_sem1_grupo</ownerDesignName>
<engineerTo>
<item key="A6FAAD27-822A-4095-D12C-3A51CA29815C" value="true"/>
</engineerTo>
<useDomainConstraints>false</useDomainConstraints>
<use>1</use>
<logicalDatatype>LOGDT024</logicalDatatype>
<ownDataTypeParameters>,,</ownDataTypeParameters>
</Attribute>
<Attribute name="apellidos" id="22655678-FA71-D577-D6B1-411A5FBE9D8A">
<createdBy>tazja</createdBy>
<createdTime>2025-09-07 18:08:55 UTC</createdTime>
<ownerDesignName>exp2_sem1_grupo</ownerDesignName>
<engineerTo>
<item key="A6FAAD27-822A-4095-D12C-3A51CA29815C" value="true"/>
</engineerTo>
<useDomainConstraints>false</useDomainConstraints>
<use>1</use>
<logicalDatatype>LOGDT024</logicalDatatype>
<ownDataTypeParameters>,,</ownDataTypeParameters>
</Attribute>
<Attribute name="fecha_postulación" id="E9BBBE34-9847-6D0F-D75F-017174CCB3E8">
<createdBy>tazja</createdBy>
<createdTime>2025-09-07 18:09:06 UTC</createdTime>
<ownerDesignName>exp2_sem1_grupo</ownerDesignName>
<engineerTo>
<item key="A6FAAD27-822A-4095-D12C-3A51CA29815C" value="true"/>
</engineerTo>
<useDomainConstraints>false</useDomainConstraints>
<use>1</use>
<logicalDatatype>LOGDT007</logicalDatatype>
<ownDataTypeParameters>,,</ownDataTypeParameters>
</Attribute>
<Attribute name="dirección_chile" id="69140CEA-5CA4-FEF7-B13D-57882965966A">
<createdBy>tazja</createdBy>
<createdTime>2025-09-07 18:09:23 UTC</createdTime>
<ownerDesignName>exp2_sem1_grupo</ownerDesignName>
<engineerTo>
<item key="A6FAAD27-822A-4095-D12C-3A51CA29815C" value="true"/>
</engineerTo>
<useDomainConstraints>false</useDomainConstraints>
<use>1</use>
<logicalDatatype>LOGDT024</logicalDatatype>
<ownDataTypeParameters>,,</ownDataTypeParameters>
</Attribute>
<Attribute name="email" id="684031D6-1A8F-BEDF-539B-E6B7F312191C">
<createdBy>tazja</createdBy>
<createdTime>2025-09-07 18:09:57 UTC</createdTime>
<ownerDesignName>exp2_sem1_grupo</ownerDesignName>
<engineerTo>
<item key="A6FAAD27-822A-4095-D12C-3A51CA29815C" value="true"/>
</engineerTo>
<useDomainConstraints>false</useDomainConstraints>
<use>1</use>
<logicalDatatype>LOGDT024</logicalDatatype>
<ownDataTypeParameters>,,</ownDataTypeParameters>
</Attribute>
<Attribute name="fecha_nacimiento" id="658DDB89-4F74-FDAA-8BB9-13C3A218A94D">
<createdBy>tazja</createdBy>
<createdTime>2025-09-07 18:10:38 UTC</createdTime>
<ownerDesignName>exp2_sem1_grupo</ownerDesignName>
<engineerTo>
<item key="A6FAAD27-822A-4095-D12C-3A51CA29815C" value="true"/>
</engineerTo>
<useDomainConstraints>false</useDomainConstraints>
<use>1</use>
<logicalDatatype>LOGDT007</logicalDatatype>
<ownDataTypeParameters>,,</ownDataTypeParameters>
</Attribute>
<Attribute name="id_empresa" id="A786464F-B2BB-2914-4F6F-1EB3D16857EF">
<createdBy>tazja</createdBy>
<createdTime>2025-09-07 18:46:40 UTC</createdTime>
<generatorID>AFB5B353-5561-4306-E15E-C198449AD832</generatorID>
<ownerDesignName>exp2_sem1_grupo</ownerDesignName>
<engineerTo>
<item key="A6FAAD27-822A-4095-D12C-3A51CA29815C" value="true"/>
</engineerTo>
<referedAttribute>BBC062FB-4456-D7D6-61DA-E4BBF1A3A732</referedAttribute>
<useDomainConstraints>false</useDomainConstraints>
<use>1</use>
<logicalDatatype>LOGDT019</logicalDatatype>
<ownDataTypeParameters>,,</ownDataTypeParameters>
</Attribute>
<Attribute name="id_grado_académico" id="53B55329-1938-A115-F064-EAC8FCC70620">
<createdBy>tazja</createdBy>
<createdTime>2025-09-07 18:55:35 UTC</createdTime>
<generatorID>74909350-34ED-E872-8E36-C1757EF4702E</generatorID>
<ownerDesignName>exp2_sem1_grupo</ownerDesignName>
<engineerTo>
<item key="A6FAAD27-822A-4095-D12C-3A51CA29815C" value="true"/>
</engineerTo>
<referedAttribute>E3CA877D-5756-043B-6EEB-151514DED87A</referedAttribute>
<useDomainConstraints>false</useDomainConstraints>
<use>1</use>
<logicalDatatype>LOGDT019</logicalDatatype>
<ownDataTypeParameters>,,</ownDataTypeParameters>
</Attribute>
<Attribute name="id_ciudad" id="01E3EC2B-516B-5AB5-2BEB-95B473372E36">
<createdBy>tazja</createdBy>
<createdTime>2025-09-07 18:56:58 UTC</createdTime>
<generatorID>547410A4-4B2B-9D4D-88E7-09F209F07868</generatorID>
<ownerDesignName>exp2_sem1_grupo</ownerDesignName>
<engineerTo>
<item key="A6FAAD27-822A-4095-D12C-3A51CA29815C" value="true"/>
</engineerTo>
<referedAttribute>C55D53E0-5F9A-17C3-79FF-43ED848D9851</referedAttribute>
<useDomainConstraints>false</useDomainConstraints>
<use>1</use>
<logicalDatatype>LOGDT019</logicalDatatype>
<ownDataTypeParameters>,,</ownDataTypeParameters>
</Attribute>
<Attribute name="id_estado_civil" id="FEE7EF52-5ACD-4295-8FC2-0103A7164E68">
<createdBy>tazja</createdBy>
<createdTime>2025-09-07 18:59:07 UTC</createdTime>
<generatorID>7B1CE5B3-FFBB-5549-FFFB-642CA582C054</generatorID>
<ownerDesignName>exp2_sem1_grupo</ownerDesignName>
<engineerTo>
<item key="A6FAAD27-822A-4095-D12C-3A51CA29815C" value="true"/>
</engineerTo>
<referedAttribute>110CEEF9-3B94-89BF-C564-ACA8BFFF542A</referedAttribute>
<useDomainConstraints>false</useDomainConstraints>
<use>1</use>
<logicalDatatype>LOGDT019</logicalDatatype>
<ownDataTypeParameters>,,</ownDataTypeParameters>
</Attribute>
<Attribute name="id_género" id="394B84DF-3148-5167-5A4B-E2142E3A855E">
<createdBy>tazja</createdBy>
<createdTime>2025-09-07 19:01:16 UTC</createdTime>
<generatorID>D581A7D1-52D4-A2FA-4BFC-16E4EC311330</generatorID>
<ownerDesignName>exp2_sem1_grupo</ownerDesignName>
<engineerTo>
<item key="A6FAAD27-822A-4095-D12C-3A51CA29815C" value="true"/>
</engineerTo>
<referedAttribute>35382FE4-06D8-5FCC-5A14-1D69337D86E0</referedAttribute>
<useDomainConstraints>false</useDomainConstraints>
<use>1</use>
<logicalDatatype>LOGDT019</logicalDatatype>
<ownDataTypeParameters>,,</ownDataTypeParameters>
</Attribute>
<Attribute name="id_nivel_dominio_idioma" id="1FF9F7A7-B799-F61E-80F0-82113419335E">
<createdBy>tazja</createdBy>
<createdTime>2025-09-07 19:03:59 UTC</createdTime>
<generatorID>F6454CD5-9814-7570-32B9-969AC6408711</generatorID>
<ownerDesignName>exp2_sem1_grupo</ownerDesignName>
<engineerTo>
<item key="A6FAAD27-822A-4095-D12C-3A51CA29815C" value="true"/>
</engineerTo>
<referedAttribute>0B8BD475-338B-6BBA-9293-A7CBB2194FCB</referedAttribute>
<useDomainConstraints>false</useDomainConstraints>
<use>1</use>
<logicalDatatype>LOGDT019</logicalDatatype>
<ownDataTypeParameters>,,</ownDataTypeParameters>
</Attribute>
</attributes>
<identifiers itemClass="oracle.dbtools.crest.model.design.logical.CandidateKey">
<identifier id="7928B8D9-C308-9EC4-E33C-104F51DA9A3C" name="PROFESIONAL PK">
<createdBy>tazja</createdBy>
<createdTime>2025-09-07 18:06:56 UTC</createdTime>
<ownerDesignName>exp2_sem1_grupo</ownerDesignName>
<engineerTo>
<item key="A6FAAD27-822A-4095-D12C-3A51CA29815C" value="true"/>
</engineerTo>
<pk>true</pk>
<usedAttributes>
<attributeRef>37538CC5-A203-624C-B954-2614489F36F6</attributeRef>
</usedAttributes>
</identifier>
</identifiers>
</Entity>