<?xml version = '1.0' encoding = 'UTF-8'?>
<Entity class="oracle.dbtools.crest.model.design.logical.Entity" directorySegmentName="seg_0" id="8125129A-7EAF-5630-15D8-FAA0AE70E62E" name="EMPRESA_CONTRATANTE">
<createdBy>tazja</createdBy>
<createdTime>2025-09-07 18:13:30 UTC</createdTime>
<ownerDesignName>exp2_sem1_grupo</ownerDesignName>
<engineerTo>
<item key="A6FAAD27-822A-4095-D12C-3A51CA29815C" value="true"/>
</engineerTo>
<adequatelyNormalized>NO</adequatelyNormalized>
<expectedVolumes>0</expectedVolumes>
<fwdEngineeringStrategyName>Single Table</fwdEngineeringStrategyName>
<growthPercent>0</growthPercent>
<growthType>Year</growthType>
<maxVolumes>9999999</maxVolumes>
<minVolumes>0</minVolumes>
<normalForm>Third</normalForm>
<attributes itemClass="oracle.dbtools.crest.model.design.logical.Attribute">
<Attribute name="nombre_empresa" id="1341B54B-AC7D-C7BB-6399-87E69FE49629">
<createdBy>tazja</createdBy>
<createdTime>2025-09-07 18:13:48 UTC</createdTime>
<ownerDesignName>exp2_sem1_grupo</ownerDesignName>
<engineerTo>
<item key="A6FAAD27-822A-4095-D12C-3A51CA29815C" value="true"/>
</engineerTo>
<useDomainConstraints>false</useDomainConstraints>
<use>1</use>
<logicalDatatype>LOGDT024</logicalDatatype>
<ownDataTypeParameters>,,</ownDataTypeParameters>
</Attribute>
<Attribute name="id_empresa" id="BBC062FB-4456-D7D6-61DA-E4BBF1A3A732">
<createdBy>tazja</createdBy>
<createdTime>2025-09-07 18:13:59 UTC</createdTime>
<ownerDesignName>exp2_sem1_grupo</ownerDesignName>
<engineerTo>
<item key="A6FAAD27-822A-4095-D12C-3A51CA29815C" value="true"/>
</engineerTo>
<useDomainConstraints>false</useDomainConstraints>
<use>1</use>
<logicalDatatype>LOGDT019</logicalDatatype>
<ownDataTypeParameters>,,</ownDataTypeParameters>
</Attribute>
<Attribute name="sigla_empresa" id="7E765219-6D78-EBEB-2203-DD0B01DA75DF">
<createdBy>tazja</createdBy>
<createdTime>2025-09-07 18:15:07 UTC</createdTime>
<ownerDesignName>exp2_sem1_grupo</ownerDesignName>
<engineerTo>
<item key="A6FAAD27-822A-4095-D12C-3A51CA29815C" value="true"/>
</engineerTo>
<useDomainConstraints>false</useDomainConstraints>
<use>1</use>
<logicalDatatype>LOGDT024</logicalDatatype>
<ownDataTypeParameters>,,</ownDataTypeParameters>
</Attribute>
<Attribute name="dirección_empresa" id="F7ECA7DE-1125-9F2C-B36A-28E996911935">
<createdBy>tazja</createdBy>
<createdTime>2025-09-07 18:15:30 UTC</createdTime>
<ownerDesignName>exp2_sem1_grupo</ownerDesignName>
<engineerTo>
<item key="A6FAAD27-822A-4095-D12C-3A51CA29815C" value="true"/>
</engineerTo>
<useDomainConstraints>false</useDomainConstraints>
<use>1</use>
<logicalDatatype>LOGDT024</logicalDatatype>
<ownDataTypeParameters>,,</ownDataTypeParameters>
</Attribute>
<Attribute name="remuneración_máxima_ofrecida_empresa" id="1381B2AB-52FF-BBB8-B691-88CC1A1EBD0F">
<createdBy>tazja</createdBy>
<createdTime>2025-09-07 18:41:34 UTC</createdTime>
<ownerDesignName>exp2_sem1_grupo</ownerDesignName>
<engineerTo>
<item key="A6FAAD27-822A-4095-D12C-3A51CA29815C" value="true"/>
</engineerTo>
<useDomainConstraints>false</useDomainConstraints>
<use>1</use>
<logicalDatatype>LOGDT019</logicalDatatype>
<ownDataTypeParameters>,,</ownDataTypeParameters>
</Attribute>
<Attribute name="id_ciudad" id="57526462-012F-8315-1A5D-EFB881B60BB2">
<createdBy>tazja</createdBy>
<createdTime>2025-09-07 18:56:58 UTC</createdTime>
<generatorID>C11237AA-B214-8591-9077-E93D955E4830</generatorID>
<ownerDesignName>exp2_sem1_grupo</ownerDesignName>
<engineerTo>
<item key="A6FAAD27-822A-4095-D12C-3A51CA29815C" value="true"/>
</engineerTo>
<referedAttribute>C55D53E0-5F9A-17C3-79FF-43ED848D9851</referedAttribute>
<useDomainConstraints>false</useDomainConstraints>
<use>1</use>
<logicalDatatype>LOGDT019</logicalDatatype>
<ownDataTypeParameters>,,</ownDataTypeParameters>
</Attribute>
</attributes>
<identifiers itemClass="oracle.dbtools.crest.model.design.logical.CandidateKey">
<identifier id="82BEECF5-BBCE-512F-BB15-36E39F964975" name="EMPRESA_CONTRATANTE PK">
<createdBy>tazja</createdBy>
<createdTime>2025-09-07 18:46:40 UTC</createdTime>
<ownerDesignName>exp2_sem1_grupo</ownerDesignName>
<engineerTo>
<item key="A6FAAD27-822A-4095-D12C-3A51CA29815C" value="true"/>
</engineerTo>
<pk>true</pk>
<usedAttributes>
<attributeRef>BBC062FB-4456-D7D6-61DA-E4BBF1A3A732</attributeRef>
</usedAttributes>
</identifier>
</identifiers>
</Entity>