<?xml version = '1.0' encoding = 'UTF-8'?>
<Entity class="oracle.dbtools.crest.model.design.logical.Entity" directorySegmentName="seg_0" id="A736A9F9-B4CD-6A64-D101-FED04278AAA7" name="EXTRANJERO">
<createdBy>tazja</createdBy>
<createdTime>2025-09-07 18:37:51 UTC</createdTime>
<ownerDesignName>exp2_sem1_grupo</ownerDesignName>
<engineerTo>
<item key="A6FAAD27-822A-4095-D12C-3A51CA29815C" value="true"/>
</engineerTo>
<adequatelyNormalized>NO</adequatelyNormalized>
<expectedVolumes>0</expectedVolumes>
<fwdEngineeringStrategyName>Single Table</fwdEngineeringStrategyName>
<growthPercent>0</growthPercent>
<growthType>Year</growthType>
<hierarchicalParent>45E67059-DCD5-1D76-B139-40C0169CFEE6</hierarchicalParent>
<maxVolumes>9999999</maxVolumes>
<minVolumes>0</minVolumes>
<normalForm>Third</normalForm>
<attributes itemClass="oracle.dbtools.crest.model.design.logical.Attribute">
<Attribute name="pasaporte_u_otro_id" id="0B409B9E-2BBC-7366-81E6-73039BE372DC">
<createdBy>tazja</createdBy>
<createdTime>2025-09-07 18:38:21 UTC</createdTime>
<ownerDesignName>exp2_sem1_grupo</ownerDesignName>
<engineerTo>
<item key="A6FAAD27-822A-4095-D12C-3A51CA29815C" value="true"/>
</engineerTo>
<useDomainConstraints>false</useDomainConstraints>
<use>1</use>
<logicalDatatype>LOGDT024</logicalDatatype>
<ownDataTypeParameters>,,</ownDataTypeParameters>
</Attribute>
</attributes>
<identifiers itemClass="oracle.dbtools.crest.model.design.logical.CandidateKey">
<identifier id="290E6F65-03B1-0D2F-D121-58C4971FCA83" name="EXTRANJERO PK">
<createdBy>tazja</createdBy>
<createdTime>2025-09-07 19:05:18 UTC</createdTime>
<ownerDesignName>exp2_sem1_grupo</ownerDesignName>
<engineerTo>
<item key="A6FAAD27-822A-4095-D12C-3A51CA29815C" value="true"/>
</engineerTo>
<pk>true</pk>
<usedAttributes>
<attributeRef>0B409B9E-2BBC-7366-81E6-73039BE372DC</attributeRef>
</usedAttributes>
</identifier>
</identifiers>
</Entity>