<?xml version = '1.0' encoding = 'UTF-8'?>
<Relation class="oracle.dbtools.crest.model.design.logical.InheritanceRelation" name="Hierarchy_13" directorySegmentName="seg_0" id="0069DB99-CFCD-59AC-2E76-960C0B667867">
<createdBy>tazja</createdBy>
<createdTime>2025-09-14 19:00:30 UTC</createdTime>
<ownerDesignName>centromedico</ownerDesignName>
<engineerTo>
<item key="20D05DA7-E5D8-2E92-D25A-90B7C6D78FCE" value="true"/>
</engineerTo>
<arc>D4862A8F-329D-9E1D-5453-861764F00A5D</arc>
<identifying>false</identifying>
<nameOnSource>Super Type</nameOnSource>
<nameOnTarget>Sub Type</nameOnTarget>
<optionalSource>true</optionalSource>
<optionalTarget>true</optionalTarget>
<sourceEntity>178D9C5B-5277-E25A-3551-B61225A1A7AB</sourceEntity>
<targetEntity>FC4789A8-3030-2F24-EFBA-C0074EAEF896</targetEntity>
<transferable>true</transferable>
<deleteRule>NO ACTION</deleteRule>
</Relation>