<?xml version = '1.0' encoding = 'UTF-8'?>
<Relation class="oracle.dbtools.crest.model.design.logical.InheritanceRelation" name="Hierarchy_9" directorySegmentName="seg_0" id="3B89EEDF-6E4D-9B95-99FB-12E86D987390">
<createdBy>tazja</createdBy>
<createdTime>2025-09-14 18:59:12 UTC</createdTime>
<ownerDesignName>centromedico</ownerDesignName>
<engineerTo>
<item key="20D05DA7-E5D8-2E92-D25A-90B7C6D78FCE" value="true"/>
</engineerTo>
<arc>7042DF0D-084F-FB7C-9CAF-C55DEDC577E5</arc>
<identifying>false</identifying>
<nameOnSource>Super Type</nameOnSource>
<nameOnTarget>Sub Type</nameOnTarget>
<optionalSource>true</optionalSource>
<optionalTarget>true</optionalTarget>
<sourceEntity>9DF0BDFC-632C-AF91-066E-9001D584423C</sourceEntity>
<targetEntity>7E9BCC74-567D-0A47-F14B-B6264127FCE6</targetEntity>
<transferable>true</transferable>
<deleteRule>NO ACTION</deleteRule>
</Relation>