<?xml version = '1.0' encoding = 'UTF-8'?>
<Relation class="oracle.dbtools.crest.model.design.logical.InheritanceRelation" name="Hierarchy_11" directorySegmentName="seg_0" id="4EA8F5DB-5860-402D-A6AB-1362846D81B0">
<createdBy>tazja</createdBy>
<createdTime>2025-09-14 19:00:20 UTC</createdTime>
<ownerDesignName>centromedico</ownerDesignName>
<engineerTo>
<item key="20D05DA7-E5D8-2E92-D25A-90B7C6D78FCE" value="true"/>
</engineerTo>
<arc>D4862A8F-329D-9E1D-5453-861764F00A5D</arc>
<identifying>false</identifying>
<nameOnSource>Super Type</nameOnSource>
<nameOnTarget>Sub Type</nameOnTarget>
<optionalSource>true</optionalSource>
<optionalTarget>true</optionalTarget>
<sourceEntity>178D9C5B-5277-E25A-3551-B61225A1A7AB</sourceEntity>
<targetEntity>2BEDBAE7-2C9D-211F-0CA1-1EBFE31C1C7F</targetEntity>
<transferable>true</transferable>
<deleteRule>NO ACTION</deleteRule>
</Relation>