<?xml version = '1.0' encoding = 'UTF-8'?>
<Relation class="oracle.dbtools.crest.model.design.logical.InheritanceRelation" name="Hierarchy_16" directorySegmentName="seg_0" id="67C571E2-5A60-0E6A-9FB9-787ECA451810">
<createdBy>tazja</createdBy>
<createdTime>2025-09-14 19:02:05 UTC</createdTime>
<ownerDesignName>centromedico</ownerDesignName>
<engineerTo>
<item key="20D05DA7-E5D8-2E92-D25A-90B7C6D78FCE" value="true"/>
</engineerTo>
<arc>D44E1D44-115A-F60D-0F6F-1C1E9A3A7925</arc>
<identifying>false</identifying>
<nameOnSource>Super Type</nameOnSource>
<nameOnTarget>Sub Type</nameOnTarget>
<optionalSource>true</optionalSource>
<optionalTarget>true</optionalTarget>
<sourceEntity>226EA02B-8525-24CB-5F50-C2919FCE0393</sourceEntity>
<targetEntity>719E9E7B-F5A4-E8B2-6A9D-4568937B2E81</targetEntity>
<transferable>true</transferable>
<deleteRule>NO ACTION</deleteRule>
</Relation>