<?xml version = '1.0' encoding = 'UTF-8'?>
<Relation class="oracle.dbtools.crest.model.design.logical.InheritanceRelation" name="Hierarchy_8" directorySegmentName="seg_0" id="CC2CFE27-7532-9D6F-5156-3F5A204AAE7A">
<createdBy>tazja</createdBy>
<createdTime>2025-09-14 18:59:07 UTC</createdTime>
<ownerDesignName>centromedico</ownerDesignName>
<engineerTo>
<item key="20D05DA7-E5D8-2E92-D25A-90B7C6D78FCE" value="true"/>
</engineerTo>
<arc>7042DF0D-084F-FB7C-9CAF-C55DEDC577E5</arc>
<identifying>false</identifying>
<nameOnSource>Super Type</nameOnSource>
<nameOnTarget>Sub Type</nameOnTarget>
<optionalSource>true</optionalSource>
<optionalTarget>true</optionalTarget>
<sourceEntity>9DF0BDFC-632C-AF91-066E-9001D584423C</sourceEntity>
<targetEntity>70296455-A0C2-1402-153A-9892D2D129B4</targetEntity>
<transferable>true</transferable>
<deleteRule>NO ACTION</deleteRule>
</Relation>