<?xml version = '1.0' encoding = 'UTF-8'?>
<Relation class="oracle.dbtools.crest.model.design.logical.InheritanceRelation" name="Hierarchy_15" directorySegmentName="seg_0" id="DEAE2A02-8DD6-2D6C-545A-FD805BA0DBBB">
<createdBy>tazja</createdBy>
<createdTime>2025-09-14 19:02:00 UTC</createdTime>
<ownerDesignName>centromedico</ownerDesignName>
<engineerTo>
<item key="20D05DA7-E5D8-2E92-D25A-90B7C6D78FCE" value="true"/>
</engineerTo>
<arc>D44E1D44-115A-F60D-0F6F-1C1E9A3A7925</arc>
<identifying>false</identifying>
<nameOnSource>Super Type</nameOnSource>
<nameOnTarget>Sub Type</nameOnTarget>
<optionalSource>true</optionalSource>
<optionalTarget>true</optionalTarget>
<sourceEntity>226EA02B-8525-24CB-5F50-C2919FCE0393</sourceEntity>
<targetEntity>52451AB5-8C54-9A85-12AF-8AA70A486F3A</targetEntity>
<transferable>true</transferable>
<deleteRule>NO ACTION</deleteRule>
</Relation>