<?xml version = '1.0' encoding = 'UTF-8'?>
<Relation class="oracle.dbtools.crest.model.design.logical.InheritanceRelation" name="Hierarchy_12" directorySegmentName="seg_0" id="F4D63723-14CB-7BBB-695D-2C660A80B5B8">
<createdBy>tazja</createdBy>
<createdTime>2025-09-14 19:00:25 UTC</createdTime>
<ownerDesignName>centromedico</ownerDesignName>
<engineerTo>
<item key="20D05DA7-E5D8-2E92-D25A-90B7C6D78FCE" value="true"/>
</engineerTo>
<arc>D4862A8F-329D-9E1D-5453-861764F00A5D</arc>
<identifying>false</identifying>
<nameOnSource>Super Type</nameOnSource>
<nameOnTarget>Sub Type</nameOnTarget>
<optionalSource>true</optionalSource>
<optionalTarget>true</optionalTarget>
<sourceEntity>178D9C5B-5277-E25A-3551-B61225A1A7AB</sourceEntity>
<targetEntity>B1F30FF4-180B-3E4D-9F27-3DF72001D046</targetEntity>
<transferable>true</transferable>
<deleteRule>NO ACTION</deleteRule>
</Relation>