<?xml version = '1.0' encoding = 'UTF-8'?>
<Relation class="oracle.dbtools.crest.model.design.logical.InheritanceRelation" name="Hierarchy_10" directorySegmentName="seg_0" id="F85EFD94-C728-A04C-7860-4F420D3ADA71">
<createdBy>tazja</createdBy>
<createdTime>2025-09-14 18:59:18 UTC</createdTime>
<ownerDesignName>centromedico</ownerDesignName>
<engineerTo>
<item key="20D05DA7-E5D8-2E92-D25A-90B7C6D78FCE" value="true"/>
</engineerTo>
<arc>7042DF0D-084F-FB7C-9CAF-C55DEDC577E5</arc>
<identifying>false</identifying>
<nameOnSource>Super Type</nameOnSource>
<nameOnTarget>Sub Type</nameOnTarget>
<optionalSource>true</optionalSource>
<optionalTarget>true</optionalTarget>
<sourceEntity>9DF0BDFC-632C-AF91-066E-9001D584423C</sourceEntity>
<targetEntity>6504C643-E49A-DB00-5811-5627D61F1606</targetEntity>
<transferable>true</transferable>
<deleteRule>NO ACTION</deleteRule>
</Relation>