<?xml version = '1.0' encoding = 'UTF-8'?>
<relationalModel class="oracle.dbtools.crest.model.design.relational.RelationalDesign" name="Relational_1" id="B70C2316-407D-EB5A-9297-2EC067F7AF2F" mainViewID="0EB16386-190C-58CA-E5A0-FF7D155F3578">
<createdBy>tazja</createdBy>
<createdTime>2025-08-17 18:45:25 UTC</createdTime>
<ownerDesignName>exp1_sem1_grupo7</ownerDesignName>
<shouldBeOpen>false</shouldBeOpen>
<selectedRDBMSSite>32076570-2523-435C-2E92-BF29817DFF70</selectedRDBMSSite>
</relationalModel>