<?xml version = '1.0' encoding = 'UTF-8'?>
<relationalModel class="oracle.dbtools.crest.model.design.relational.RelationalDesign" name="Relational_1" id="3D9C19E6-F60E-C912-C70B-D3B26D81F6D3" mainViewID="A9B38074-29D9-FDB9-4E83-D95C461EEB71">
<createdBy>tazja</createdBy>
<createdTime>2025-08-30 14:38:44 UTC</createdTime>
<ownerDesignName>exp1_sem3_christian_norambuena</ownerDesignName>
<shouldBeOpen>false</shouldBeOpen>
<selectedRDBMSSite>32076570-2523-435C-2E92-BF29817DFF70</selectedRDBMSSite>
</relationalModel>