<?xml version = '1.0' encoding = 'UTF-8'?>
<Entity class="oracle.dbtools.crest.model.design.logical.Entity" directorySegmentName="seg_0" id="021A580C-299B-4D79-4747-3325BE18AC6C" name="EMPLEADO_ADMINISTRATIVO">
<createdBy>tazja</createdBy>
<createdTime>2025-08-23 21:27:30 UTC</createdTime>
<ownerDesignName>exp1_sem2_grupo7</ownerDesignName>
<engineerTo>
<item key="FBB65622-A2D7-6A06-1A15-C66650F1D87A" value="true"/>
</engineerTo>
<adequatelyNormalized>NO</adequatelyNormalized>
<expectedVolumes>0</expectedVolumes>
<fwdEngineeringStrategyName>Single Table</fwdEngineeringStrategyName>
<growthPercent>0</growthPercent>
<growthType>Year</growthType>
<maxVolumes>9999999</maxVolumes>
<minVolumes>0</minVolumes>
<normalForm>Third</normalForm>
<attributes itemClass="oracle.dbtools.crest.model.design.logical.Attribute">
<Attribute name="cantidad_hora_extra" id="A67601DC-F1DB-E5D0-BA10-8C94A15DBC75">
<createdBy>tazja</createdBy>
<createdTime>2025-08-23 21:27:43 UTC</createdTime>
<ownerDesignName>exp1_sem2_grupo7</ownerDesignName>
<engineerTo>
<item key="FBB65622-A2D7-6A06-1A15-C66650F1D87A" value="true"/>
</engineerTo>
<useDomainConstraints>false</useDomainConstraints>
<use>1</use>
<logicalDatatype>LOGDT019</logicalDatatype>
<ownDataTypeParameters>,,</ownDataTypeParameters>
</Attribute>
<Attribute name="afp" id="2352850C-B4DF-72D7-3587-97E46092CEC7">
<createdBy>tazja</createdBy>
<createdTime>2025-08-23 21:28:05 UTC</createdTime>
<ownerDesignName>exp1_sem2_grupo7</ownerDesignName>
<engineerTo>
<item key="FBB65622-A2D7-6A06-1A15-C66650F1D87A" value="true"/>
</engineerTo>
<useDomainConstraints>false</useDomainConstraints>
<use>1</use>
<logicalDatatype>LOGDT024</logicalDatatype>
<ownDataTypeParameters>,,</ownDataTypeParameters>
</Attribute>
<Attribute name="rut" id="5A2C918A-24F7-0C99-6CB1-180BD6D923F8">
<createdBy>tazja</createdBy>
<createdTime>2025-08-23 21:40:06 UTC</createdTime>
<generatorID>59D03814-6E53-D29B-C977-86CFAF4BCDBC</generatorID>
<ownerDesignName>exp1_sem2_grupo7</ownerDesignName>
<engineerTo>
<item key="FBB65622-A2D7-6A06-1A15-C66650F1D87A" value="true"/>
</engineerTo>
<referedAttribute>67D7E3F5-2E41-23BA-46B8-68B37DB46B4D</referedAttribute>
<useDomainConstraints>false</useDomainConstraints>
<use>1</use>
<logicalDatatype>LOGDT024</logicalDatatype>
<ownDataTypeParameters>,,</ownDataTypeParameters>
</Attribute>
</attributes>
<identifiers itemClass="oracle.dbtools.crest.model.design.logical.CandidateKey">
<identifier id="C501B603-2C9F-CC77-F167-9D96BB28FFA2" name="EMPLEADO_ADMINISTRATIVO PK">
<createdBy>tazja</createdBy>
<createdTime>2025-08-23 22:23:49 UTC</createdTime>
<ownerDesignName>exp1_sem2_grupo7</ownerDesignName>
<engineerTo>
<item key="FBB65622-A2D7-6A06-1A15-C66650F1D87A" value="true"/>
</engineerTo>
<pk>true</pk>
<usedAttributes>
<attributeRef>5A2C918A-24F7-0C99-6CB1-180BD6D923F8</attributeRef>
</usedAttributes>
</identifier>
</identifiers>
</Entity>