<?xml version = '1.0' encoding = 'UTF-8'?>
<Entity class="oracle.dbtools.crest.model.design.logical.Entity" directorySegmentName="seg_0" id="4C66EE5B-E1AF-5FF3-0006-BFE4563547BF" name="equipaje">
<createdBy>tazja</createdBy>
<createdTime>2025-08-23 21:35:24 UTC</createdTime>
<ownerDesignName>exp1_sem2_grupo7</ownerDesignName>
<engineerTo>
<item key="FBB65622-A2D7-6A06-1A15-C66650F1D87A" value="true"/>
</engineerTo>
<adequatelyNormalized>NO</adequatelyNormalized>
<expectedVolumes>0</expectedVolumes>
<fwdEngineeringStrategyName>Single Table</fwdEngineeringStrategyName>
<growthPercent>0</growthPercent>
<growthType>Year</growthType>
<maxVolumes>9999999</maxVolumes>
<minVolumes>0</minVolumes>
<normalForm>Third</normalForm>
<attributes itemClass="oracle.dbtools.crest.model.design.logical.Attribute">
<Attribute name="codigo" id="10DB756D-1259-3DE1-92C7-E0613F299D1E">
<createdBy>tazja</createdBy>
<createdTime>2025-08-23 21:35:46 UTC</createdTime>
<ownerDesignName>exp1_sem2_grupo7</ownerDesignName>
<engineerTo>
<item key="FBB65622-A2D7-6A06-1A15-C66650F1D87A" value="true"/>
</engineerTo>
<useDomainConstraints>false</useDomainConstraints>
<use>1</use>
<logicalDatatype>LOGDT024</logicalDatatype>
<ownDataTypeParameters>,,</ownDataTypeParameters>
</Attribute>
<Attribute name="color_maleta" id="AC91E1BC-3564-5303-6594-74B870115281">
<createdBy>tazja</createdBy>
<createdTime>2025-08-23 21:36:00 UTC</createdTime>
<ownerDesignName>exp1_sem2_grupo7</ownerDesignName>
<engineerTo>
<item key="FBB65622-A2D7-6A06-1A15-C66650F1D87A" value="true"/>
</engineerTo>
<useDomainConstraints>false</useDomainConstraints>
<use>1</use>
<logicalDatatype>LOGDT024</logicalDatatype>
<ownDataTypeParameters>,,</ownDataTypeParameters>
</Attribute>
<Attribute name="peso" id="32940458-FCBD-BF7E-0C56-40665259689A">
<createdBy>tazja</createdBy>
<createdTime>2025-08-23 21:36:13 UTC</createdTime>
<comment><![CDATA[unidad: kilos]]></comment>
<ownerDesignName>exp1_sem2_grupo7</ownerDesignName>
<engineerTo>
<item key="FBB65622-A2D7-6A06-1A15-C66650F1D87A" value="true"/>
</engineerTo>
<useDomainConstraints>false</useDomainConstraints>
<use>1</use>
<logicalDatatype>LOGDT019</logicalDatatype>
<ownDataTypeParameters>,,</ownDataTypeParameters>
</Attribute>
<Attribute name="descripcion" id="3EE8D8FE-4156-B769-ED91-4731BCBD6F22">
<createdBy>tazja</createdBy>
<createdTime>2025-08-23 21:36:25 UTC</createdTime>
<ownerDesignName>exp1_sem2_grupo7</ownerDesignName>
<engineerTo>
<item key="FBB65622-A2D7-6A06-1A15-C66650F1D87A" value="true"/>
</engineerTo>
<nullsAllowed>true</nullsAllowed>
<useDomainConstraints>false</useDomainConstraints>
<use>1</use>
<logicalDatatype>LOGDT024</logicalDatatype>
<ownDataTypeParameters>,,</ownDataTypeParameters>
</Attribute>
<Attribute name="numero_pasaporte_o_cedula_identidad" id="B89AA33B-C6EB-5825-3D2D-F24732AA2535">
<createdBy>tazja</createdBy>
<createdTime>2025-08-23 22:40:55 UTC</createdTime>
<generatorID>68E1F418-834C-BF9E-BCEA-8E48F59C1840</generatorID>
<ownerDesignName>exp1_sem2_grupo7</ownerDesignName>
<engineerTo>
<item key="FBB65622-A2D7-6A06-1A15-C66650F1D87A" value="true"/>
</engineerTo>
<nullsAllowed>true</nullsAllowed>
<referedAttribute>B8C4B47B-6420-7CB4-E140-353CBBF75455</referedAttribute>
<useDomainConstraints>false</useDomainConstraints>
<use>1</use>
<logicalDatatype>LOGDT024</logicalDatatype>
<ownDataTypeParameters>,,</ownDataTypeParameters>
</Attribute>
</attributes>
<identifiers itemClass="oracle.dbtools.crest.model.design.logical.CandidateKey">
<identifier id="E5C89AD5-F7F9-ED41-87CF-93063537B0F4" name="equipaje PK">
<createdBy>tazja</createdBy>
<createdTime>2025-08-23 21:35:58 UTC</createdTime>
<ownerDesignName>exp1_sem2_grupo7</ownerDesignName>
<engineerTo>
<item key="FBB65622-A2D7-6A06-1A15-C66650F1D87A" value="true"/>
</engineerTo>
<pk>true</pk>
<usedAttributes>
<attributeRef>10DB756D-1259-3DE1-92C7-E0613F299D1E</attributeRef>
</usedAttributes>
</identifier>
</identifiers>
</Entity>