<?xml version = '1.0' encoding = 'UTF-8'?>
<Entity class="oracle.dbtools.crest.model.design.logical.Entity" directorySegmentName="seg_0" id="7ACA75F9-39C9-B137-52CB-1EA22A2F8EF2" name="RESERVA_VUELO">
<createdBy>tazja</createdBy>
<createdTime>2025-08-23 21:20:37 UTC</createdTime>
<ownerDesignName>exp1_sem2_grupo7</ownerDesignName>
<engineerTo>
<item key="FBB65622-A2D7-6A06-1A15-C66650F1D87A" value="true"/>
</engineerTo>
<adequatelyNormalized>NO</adequatelyNormalized>
<expectedVolumes>0</expectedVolumes>
<fwdEngineeringStrategyName>Single Table</fwdEngineeringStrategyName>
<growthPercent>0</growthPercent>
<growthType>Year</growthType>
<maxVolumes>9999999</maxVolumes>
<minVolumes>0</minVolumes>
<normalForm>Third</normalForm>
<attributes itemClass="oracle.dbtools.crest.model.design.logical.Attribute">
<Attribute name="numero_reserva" id="F0337F17-9849-94A2-5506-5701F0E0E636">
<createdBy>tazja</createdBy>
<createdTime>2025-08-23 21:20:48 UTC</createdTime>
<ownerDesignName>exp1_sem2_grupo7</ownerDesignName>
<engineerTo>
<item key="FBB65622-A2D7-6A06-1A15-C66650F1D87A" value="true"/>
</engineerTo>
<useDomainConstraints>false</useDomainConstraints>
<use>1</use>
<logicalDatatype>LOGDT019</logicalDatatype>
<ownDataTypeParameters>,,</ownDataTypeParameters>
</Attribute>
<Attribute name="fecha_reserva" id="74C11F12-4D23-857E-3DD6-6BD9F83534CF">
<createdBy>tazja</createdBy>
<createdTime>2025-08-23 21:21:05 UTC</createdTime>
<ownerDesignName>exp1_sem2_grupo7</ownerDesignName>
<engineerTo>
<item key="FBB65622-A2D7-6A06-1A15-C66650F1D87A" value="true"/>
</engineerTo>
<useDomainConstraints>false</useDomainConstraints>
<use>1</use>
<logicalDatatype>LOGDT007</logicalDatatype>
<ownDataTypeParameters>,,</ownDataTypeParameters>
</Attribute>
<Attribute name="fecha_vuelo" id="B360F5B4-821D-BDFD-24CA-8D5B33AF9A9B">
<createdBy>tazja</createdBy>
<createdTime>2025-08-23 21:21:18 UTC</createdTime>
<ownerDesignName>exp1_sem2_grupo7</ownerDesignName>
<engineerTo>
<item key="FBB65622-A2D7-6A06-1A15-C66650F1D87A" value="true"/>
</engineerTo>
<useDomainConstraints>false</useDomainConstraints>
<use>1</use>
<logicalDatatype>LOGDT007</logicalDatatype>
<ownDataTypeParameters>,,</ownDataTypeParameters>
</Attribute>
<Attribute name="estado" id="EBFE90BD-23E4-6A49-A84A-82992B537B3F">
<createdBy>tazja</createdBy>
<createdTime>2025-08-23 21:21:43 UTC</createdTime>
<ownerDesignName>exp1_sem2_grupo7</ownerDesignName>
<engineerTo>
<item key="FBB65622-A2D7-6A06-1A15-C66650F1D87A" value="true"/>
</engineerTo>
<useDomainConstraints>false</useDomainConstraints>
<use>1</use>
<logicalDatatype>LOGDT024</logicalDatatype>
<ownDataTypeParameters>,,</ownDataTypeParameters>
</Attribute>
<Attribute name="numero_pasaporte_o_cedula_identidad" id="3DBF2140-075D-5642-EA7D-F426B5650BFC">
<createdBy>tazja</createdBy>
<createdTime>2025-08-23 22:25:49 UTC</createdTime>
<generatorID>DA070A5F-80E2-CD53-5329-B07163B0AD41</generatorID>
<ownerDesignName>exp1_sem2_grupo7</ownerDesignName>
<engineerTo>
<item key="FBB65622-A2D7-6A06-1A15-C66650F1D87A" value="true"/>
</engineerTo>
<nullsAllowed>true</nullsAllowed>
<referedAttribute>B8C4B47B-6420-7CB4-E140-353CBBF75455</referedAttribute>
<useDomainConstraints>false</useDomainConstraints>
<use>1</use>
<logicalDatatype>LOGDT024</logicalDatatype>
<ownDataTypeParameters>,,</ownDataTypeParameters>
</Attribute>
<Attribute name="numero_vuelo" id="96A2E266-D878-59AB-33E9-276B7BD440E5">
<createdBy>tazja</createdBy>
<createdTime>2025-08-23 22:37:38 UTC</createdTime>
<generatorID>B8549A32-A5C1-D0FF-47D0-62A122FED6A5</generatorID>
<ownerDesignName>exp1_sem2_grupo7</ownerDesignName>
<engineerTo>
<item key="FBB65622-A2D7-6A06-1A15-C66650F1D87A" value="true"/>
</engineerTo>
<referedAttribute>04E78D2E-96AC-FEE0-719B-7B598DEAFD51</referedAttribute>
<useDomainConstraints>false</useDomainConstraints>
<use>1</use>
<logicalDatatype>LOGDT019</logicalDatatype>
<ownDataTypeParameters>,,</ownDataTypeParameters>
</Attribute>
</attributes>
<identifiers itemClass="oracle.dbtools.crest.model.design.logical.CandidateKey">
<identifier id="0355CC00-8CC3-DA4B-FE99-1D32F450CA3A" name="RESERVA_VUELO PK">
<createdBy>tazja</createdBy>
<createdTime>2025-08-23 21:21:04 UTC</createdTime>
<ownerDesignName>exp1_sem2_grupo7</ownerDesignName>
<engineerTo>
<item key="FBB65622-A2D7-6A06-1A15-C66650F1D87A" value="true"/>
</engineerTo>
<pk>true</pk>
<usedAttributes>
<attributeRef>F0337F17-9849-94A2-5506-5701F0E0E636</attributeRef>
</usedAttributes>
</identifier>
</identifiers>
</Entity>