<?xml version = '1.0' encoding = 'UTF-8'?>
<Entity class="oracle.dbtools.crest.model.design.logical.Entity" directorySegmentName="seg_0" id="BE46F560-32A0-1DF0-F7EB-223CD0B05D69" name="VUELO">
<createdBy>tazja</createdBy>
<createdTime>2025-08-23 21:11:55 UTC</createdTime>
<ownerDesignName>exp1_sem2_grupo7</ownerDesignName>
<engineerTo>
<item key="FBB65622-A2D7-6A06-1A15-C66650F1D87A" value="true"/>
</engineerTo>
<adequatelyNormalized>NO</adequatelyNormalized>
<expectedVolumes>0</expectedVolumes>
<fwdEngineeringStrategyName>Single Table</fwdEngineeringStrategyName>
<growthPercent>0</growthPercent>
<growthType>Year</growthType>
<maxVolumes>9999999</maxVolumes>
<minVolumes>0</minVolumes>
<normalForm>Third</normalForm>
<attributes itemClass="oracle.dbtools.crest.model.design.logical.Attribute">
<Attribute name="fecha_despegue" id="74A324C0-C7FE-7234-74A4-7BB396650E13">
<createdBy>tazja</createdBy>
<createdTime>2025-08-23 21:13:10 UTC</createdTime>
<ownerDesignName>exp1_sem2_grupo7</ownerDesignName>
<engineerTo>
<item key="FBB65622-A2D7-6A06-1A15-C66650F1D87A" value="true"/>
</engineerTo>
<useDomainConstraints>false</useDomainConstraints>
<use>1</use>
<logicalDatatype>LOGDT007</logicalDatatype>
<ownDataTypeParameters>,,</ownDataTypeParameters>
</Attribute>
<Attribute name="fecha_llegada_aeropuerto_destino" id="B2B04804-7747-7046-EBAD-A05D43DCAAFB">
<createdBy>tazja</createdBy>
<createdTime>2025-08-23 21:29:04 UTC</createdTime>
<ownerDesignName>exp1_sem2_grupo7</ownerDesignName>
<engineerTo>
<item key="FBB65622-A2D7-6A06-1A15-C66650F1D87A" value="true"/>
</engineerTo>
<useDomainConstraints>false</useDomainConstraints>
<use>1</use>
<logicalDatatype>LOGDT007</logicalDatatype>
<ownDataTypeParameters>,,</ownDataTypeParameters>
</Attribute>
<Attribute name="ciudad_destino" id="33225E90-7F20-D495-F5A5-0718B97A1AED">
<createdBy>tazja</createdBy>
<createdTime>2025-08-23 21:29:33 UTC</createdTime>
<ownerDesignName>exp1_sem2_grupo7</ownerDesignName>
<engineerTo>
<item key="FBB65622-A2D7-6A06-1A15-C66650F1D87A" value="true"/>
</engineerTo>
<useDomainConstraints>false</useDomainConstraints>
<use>1</use>
<logicalDatatype>LOGDT024</logicalDatatype>
<ownDataTypeParameters>,,</ownDataTypeParameters>
</Attribute>
<Attribute name="numero_vuelo" id="04E78D2E-96AC-FEE0-719B-7B598DEAFD51">
<createdBy>tazja</createdBy>
<createdTime>2025-08-23 21:29:46 UTC</createdTime>
<ownerDesignName>exp1_sem2_grupo7</ownerDesignName>
<engineerTo>
<item key="FBB65622-A2D7-6A06-1A15-C66650F1D87A" value="true"/>
</engineerTo>
<useDomainConstraints>false</useDomainConstraints>
<use>1</use>
<logicalDatatype>LOGDT019</logicalDatatype>
<ownDataTypeParameters>,,</ownDataTypeParameters>
</Attribute>
<Attribute name="hora_salida_aeropuerto" id="BA67071A-BF2D-845A-FFD1-248BF1F09B5A">
<createdBy>tazja</createdBy>
<createdTime>2025-08-23 21:30:05 UTC</createdTime>
<ownerDesignName>exp1_sem2_grupo7</ownerDesignName>
<engineerTo>
<item key="FBB65622-A2D7-6A06-1A15-C66650F1D87A" value="true"/>
</engineerTo>
<useDomainConstraints>false</useDomainConstraints>
<use>1</use>
<logicalDatatype>LOGDT007</logicalDatatype>
<ownDataTypeParameters>,,</ownDataTypeParameters>
</Attribute>
<Attribute name="ciudad_origen" id="DC18BCF9-BFCC-AED2-01D3-439AC9159BE7">
<createdBy>tazja</createdBy>
<createdTime>2025-08-23 21:32:45 UTC</createdTime>
<ownerDesignName>exp1_sem2_grupo7</ownerDesignName>
<engineerTo>
<item key="FBB65622-A2D7-6A06-1A15-C66650F1D87A" value="true"/>
</engineerTo>
<useDomainConstraints>false</useDomainConstraints>
<use>1</use>
<logicalDatatype>LOGDT024</logicalDatatype>
<ownDataTypeParameters>,,</ownDataTypeParameters>
</Attribute>
<Attribute name="matricula" id="DAFCF012-B705-A5F6-04C4-733AA4FFEEC9">
<createdBy>tazja</createdBy>
<createdTime>2025-08-23 22:33:53 UTC</createdTime>
<generatorID>4D95B37F-CF8E-70FF-6066-5EFF5344F7A6</generatorID>
<ownerDesignName>exp1_sem2_grupo7</ownerDesignName>
<engineerTo>
<item key="FBB65622-A2D7-6A06-1A15-C66650F1D87A" value="true"/>
</engineerTo>
<nullsAllowed>true</nullsAllowed>
<referedAttribute>0D2940CD-E30F-2DA4-67A4-19C11199F593</referedAttribute>
<useDomainConstraints>false</useDomainConstraints>
<use>1</use>
<logicalDatatype>LOGDT024</logicalDatatype>
<ownDataTypeParameters>,,</ownDataTypeParameters>
</Attribute>
</attributes>
<identifiers itemClass="oracle.dbtools.crest.model.design.logical.CandidateKey">
<identifier id="177C0430-0C17-B2A6-F2B8-B30D8BB274BF" name="VUELO PK">
<createdBy>tazja</createdBy>
<createdTime>2025-08-23 21:15:36 UTC</createdTime>
<ownerDesignName>exp1_sem2_grupo7</ownerDesignName>
<engineerTo>
<item key="FBB65622-A2D7-6A06-1A15-C66650F1D87A" value="true"/>
</engineerTo>
<pk>true</pk>
<usedAttributes>
<attributeRef>04E78D2E-96AC-FEE0-719B-7B598DEAFD51</attributeRef>
</usedAttributes>
</identifier>
</identifiers>
</Entity>