<?xml version = '1.0' encoding = 'UTF-8'?>
<Entity class="oracle.dbtools.crest.model.design.logical.Entity" directorySegmentName="seg_0" id="D9FF7E70-E28D-49A4-07F6-88A902F47ABB" name="EMPLEADO">
<createdBy>tazja</createdBy>
<createdTime>2025-08-23 21:22:39 UTC</createdTime>
<ownerDesignName>exp1_sem2_grupo7</ownerDesignName>
<engineerTo>
<item key="FBB65622-A2D7-6A06-1A15-C66650F1D87A" value="true"/>
</engineerTo>
<adequatelyNormalized>NO</adequatelyNormalized>
<expectedVolumes>0</expectedVolumes>
<fwdEngineeringStrategyName>Single Table</fwdEngineeringStrategyName>
<growthPercent>0</growthPercent>
<growthType>Year</growthType>
<maxVolumes>9999999</maxVolumes>
<minVolumes>0</minVolumes>
<normalForm>Third</normalForm>
<attributes itemClass="oracle.dbtools.crest.model.design.logical.Attribute">
<Attribute name="rut" id="67D7E3F5-2E41-23BA-46B8-68B37DB46B4D">
<createdBy>tazja</createdBy>
<createdTime>2025-08-23 21:22:46 UTC</createdTime>
<ownerDesignName>exp1_sem2_grupo7</ownerDesignName>
<engineerTo>
<item key="FBB65622-A2D7-6A06-1A15-C66650F1D87A" value="true"/>
</engineerTo>
<useDomainConstraints>false</useDomainConstraints>
<use>1</use>
<logicalDatatype>LOGDT024</logicalDatatype>
<ownDataTypeParameters>,,</ownDataTypeParameters>
</Attribute>
<Attribute name="nombre_completo" id="5CAED6CD-C0E0-12C5-3E82-EC014131879C">
<createdBy>tazja</createdBy>
<createdTime>2025-08-23 21:23:05 UTC</createdTime>
<ownerDesignName>exp1_sem2_grupo7</ownerDesignName>
<engineerTo>
<item key="FBB65622-A2D7-6A06-1A15-C66650F1D87A" value="true"/>
</engineerTo>
<useDomainConstraints>false</useDomainConstraints>
<use>1</use>
<logicalDatatype>LOGDT024</logicalDatatype>
<ownDataTypeParameters>,,</ownDataTypeParameters>
</Attribute>
<Attribute name="direccion" id="D019681C-3F4F-8975-F725-F62714993057">
<createdBy>tazja</createdBy>
<createdTime>2025-08-23 21:23:20 UTC</createdTime>
<ownerDesignName>exp1_sem2_grupo7</ownerDesignName>
<engineerTo>
<item key="FBB65622-A2D7-6A06-1A15-C66650F1D87A" value="true"/>
</engineerTo>
<useDomainConstraints>false</useDomainConstraints>
<use>1</use>
<logicalDatatype>LOGDT024</logicalDatatype>
<ownDataTypeParameters>,,</ownDataTypeParameters>
</Attribute>
<Attribute name="sueldo_base" id="F1D2BED4-EFAF-10B1-8676-7F89EDDF6201">
<createdBy>tazja</createdBy>
<createdTime>2025-08-23 21:23:40 UTC</createdTime>
<ownerDesignName>exp1_sem2_grupo7</ownerDesignName>
<engineerTo>
<item key="FBB65622-A2D7-6A06-1A15-C66650F1D87A" value="true"/>
</engineerTo>
<useDomainConstraints>false</useDomainConstraints>
<use>1</use>
<logicalDatatype>LOGDT019</logicalDatatype>
<ownDataTypeParameters>,,</ownDataTypeParameters>
</Attribute>
<Attribute name="fecha_ingreso_compania" id="065CC84B-8304-E86A-4B7A-61508656A40A">
<createdBy>tazja</createdBy>
<createdTime>2025-08-23 21:23:55 UTC</createdTime>
<ownerDesignName>exp1_sem2_grupo7</ownerDesignName>
<engineerTo>
<item key="FBB65622-A2D7-6A06-1A15-C66650F1D87A" value="true"/>
</engineerTo>
<useDomainConstraints>false</useDomainConstraints>
<use>1</use>
<logicalDatatype>LOGDT007</logicalDatatype>
<ownDataTypeParameters>,,</ownDataTypeParameters>
</Attribute>
<Attribute name="genero" id="25D46430-B61F-6E32-3D4C-0EC907D19FD3">
<createdBy>tazja</createdBy>
<createdTime>2025-08-23 21:24:19 UTC</createdTime>
<ownerDesignName>exp1_sem2_grupo7</ownerDesignName>
<engineerTo>
<item key="FBB65622-A2D7-6A06-1A15-C66650F1D87A" value="true"/>
</engineerTo>
<useDomainConstraints>false</useDomainConstraints>
<use>1</use>
<logicalDatatype>LOGDT024</logicalDatatype>
<ownDataTypeParameters>,,</ownDataTypeParameters>
</Attribute>
<Attribute name="telefono" id="78C75372-7BF9-6206-3077-25248CEB0D4E">
<createdBy>tazja</createdBy>
<createdTime>2025-08-23 21:24:31 UTC</createdTime>
<ownerDesignName>exp1_sem2_grupo7</ownerDesignName>
<engineerTo>
<item key="FBB65622-A2D7-6A06-1A15-C66650F1D87A" value="true"/>
</engineerTo>
<useDomainConstraints>false</useDomainConstraints>
<use>1</use>
<logicalDatatype>LOGDT019</logicalDatatype>
<ownDataTypeParameters>,,</ownDataTypeParameters>
</Attribute>
<Attribute name="telefono_contacto" id="BFD680B0-A420-A463-2F5D-E2583754E2D6">
<createdBy>tazja</createdBy>
<createdTime>2025-08-23 21:24:46 UTC</createdTime>
<ownerDesignName>exp1_sem2_grupo7</ownerDesignName>
<engineerTo>
<item key="FBB65622-A2D7-6A06-1A15-C66650F1D87A" value="true"/>
</engineerTo>
<nullsAllowed>true</nullsAllowed>
<useDomainConstraints>false</useDomainConstraints>
<use>1</use>
<logicalDatatype>LOGDT019</logicalDatatype>
<ownDataTypeParameters>,,</ownDataTypeParameters>
</Attribute>
<Attribute name="rut1" id="AD077E3F-0ECB-77D8-5ABB-2BD7A2F4CA35">
<createdBy>tazja</createdBy>
<createdTime>2025-08-23 22:23:44 UTC</createdTime>
<generatorID>26F6A18E-3771-FDC3-C1E8-70270A1BB178</generatorID>
<ownerDesignName>exp1_sem2_grupo7</ownerDesignName>
<engineerTo>
<item key="FBB65622-A2D7-6A06-1A15-C66650F1D87A" value="true"/>
</engineerTo>
<referedAttribute>EB39A743-727D-D5B9-4BB0-1B7E01AA83E5</referedAttribute>
<useDomainConstraints>false</useDomainConstraints>
<use>1</use>
<logicalDatatype>LOGDT024</logicalDatatype>
<ownDataTypeParameters>,,</ownDataTypeParameters>
</Attribute>
<Attribute name="rut2" id="75BB7781-6B49-5134-5A5A-5119A3AEEA05">
<createdBy>tazja</createdBy>
<createdTime>2025-08-23 22:23:51 UTC</createdTime>
<generatorID>59D03814-6E53-D29B-C977-86CFAF4BCDBC</generatorID>
<ownerDesignName>exp1_sem2_grupo7</ownerDesignName>
<engineerTo>
<item key="FBB65622-A2D7-6A06-1A15-C66650F1D87A" value="true"/>
</engineerTo>
<referedAttribute>5A2C918A-24F7-0C99-6CB1-180BD6D923F8</referedAttribute>
<useDomainConstraints>false</useDomainConstraints>
<use>1</use>
<logicalDatatype>LOGDT024</logicalDatatype>
<ownDataTypeParameters>,,</ownDataTypeParameters>
</Attribute>
</attributes>
<identifiers itemClass="oracle.dbtools.crest.model.design.logical.CandidateKey">
<identifier id="31E67D93-ABDD-B93D-9304-161B10D71464" name="EMPLEADO PK">
<createdBy>tazja</createdBy>
<createdTime>2025-08-23 21:25:16 UTC</createdTime>
<ownerDesignName>exp1_sem2_grupo7</ownerDesignName>
<engineerTo>
<item key="FBB65622-A2D7-6A06-1A15-C66650F1D87A" value="true"/>
</engineerTo>
<pk>true</pk>
<usedAttributes>
<attributeRef>67D7E3F5-2E41-23BA-46B8-68B37DB46B4D</attributeRef>
</usedAttributes>
</identifier>
</identifiers>
</Entity>