<?xml version = '1.0' encoding = 'UTF-8'?>
<Entity class="oracle.dbtools.crest.model.design.logical.Entity" directorySegmentName="seg_0" id="FD196B00-5006-CC64-A31A-416FCCADEF79" name="PILOTO">
<createdBy>tazja</createdBy>
<createdTime>2025-08-23 21:26:14 UTC</createdTime>
<ownerDesignName>exp1_sem2_grupo7</ownerDesignName>
<engineerTo>
<item key="FBB65622-A2D7-6A06-1A15-C66650F1D87A" value="true"/>
</engineerTo>
<adequatelyNormalized>NO</adequatelyNormalized>
<expectedVolumes>0</expectedVolumes>
<fwdEngineeringStrategyName>Single Table</fwdEngineeringStrategyName>
<growthPercent>0</growthPercent>
<growthType>Year</growthType>
<maxVolumes>9999999</maxVolumes>
<minVolumes>0</minVolumes>
<normalForm>Third</normalForm>
<attributes itemClass="oracle.dbtools.crest.model.design.logical.Attribute">
<Attribute name="hora_vuelo_acumulada" id="A38BAEB3-C2A5-DB09-8433-3058884F3D2D">
<createdBy>tazja</createdBy>
<createdTime>2025-08-23 21:26:20 UTC</createdTime>
<ownerDesignName>exp1_sem2_grupo7</ownerDesignName>
<engineerTo>
<item key="FBB65622-A2D7-6A06-1A15-C66650F1D87A" value="true"/>
</engineerTo>
<useDomainConstraints>false</useDomainConstraints>
<use>1</use>
<logicalDatatype>LOGDT019</logicalDatatype>
<ownDataTypeParameters>,,</ownDataTypeParameters>
</Attribute>
<Attribute name="afp" id="B1990262-DF75-7EBB-4357-46B0D50CDC6C">
<createdBy>tazja</createdBy>
<createdTime>2025-08-23 21:26:44 UTC</createdTime>
<ownerDesignName>exp1_sem2_grupo7</ownerDesignName>
<engineerTo>
<item key="FBB65622-A2D7-6A06-1A15-C66650F1D87A" value="true"/>
</engineerTo>
<useDomainConstraints>false</useDomainConstraints>
<use>1</use>
<logicalDatatype>LOGDT024</logicalDatatype>
<ownDataTypeParameters>,,</ownDataTypeParameters>
</Attribute>
<Attribute name="rut" id="EB39A743-727D-D5B9-4BB0-1B7E01AA83E5">
<createdBy>tazja</createdBy>
<createdTime>2025-08-23 21:39:42 UTC</createdTime>
<generatorID>26F6A18E-3771-FDC3-C1E8-70270A1BB178</generatorID>
<ownerDesignName>exp1_sem2_grupo7</ownerDesignName>
<engineerTo>
<item key="FBB65622-A2D7-6A06-1A15-C66650F1D87A" value="true"/>
</engineerTo>
<referedAttribute>67D7E3F5-2E41-23BA-46B8-68B37DB46B4D</referedAttribute>
<useDomainConstraints>false</useDomainConstraints>
<use>1</use>
<logicalDatatype>LOGDT024</logicalDatatype>
<ownDataTypeParameters>,,</ownDataTypeParameters>
</Attribute>
</attributes>
<identifiers itemClass="oracle.dbtools.crest.model.design.logical.CandidateKey">
<identifier id="83133C3A-CFEA-206B-1F37-03AACBA30AA5" name="PILOTO PK">
<createdBy>tazja</createdBy>
<createdTime>2025-08-23 22:23:43 UTC</createdTime>
<ownerDesignName>exp1_sem2_grupo7</ownerDesignName>
<engineerTo>
<item key="FBB65622-A2D7-6A06-1A15-C66650F1D87A" value="true"/>
</engineerTo>
<pk>true</pk>
<usedAttributes>
<attributeRef>EB39A743-727D-D5B9-4BB0-1B7E01AA83E5</attributeRef>
</usedAttributes>
</identifier>
</identifiers>
</Entity>