<?xml version = '1.0' encoding = 'UTF-8'?>
<Relation class="oracle.dbtools.crest.model.design.logical.Relation" name="Relation_19" directorySegmentName="seg_0" id="0BDB1A74-056F-48BE-0437-D18F8EC2633C">
<createdBy>tazja</createdBy>
<createdTime>2025-08-30 16:03:51 UTC</createdTime>
<ownerDesignName>exp1_sem3_christian_norambuena</ownerDesignName>
<engineerTo>
<item key="3D9C19E6-F60E-C912-C70B-D3B26D81F6D3" value="true"/>
</engineerTo>
<targetPk>18778668-AB19-8DFB-C591-88BDB31E657D</targetPk>
<identifying>false</identifying>
<optionalSource>false</optionalSource>
<optionalTarget>true</optionalTarget>
<sourceCardinality>1</sourceCardinality>
<sourceEntity>E0962187-3096-F590-959D-3E8209F21FB4</sourceEntity>
<targetCardinalityString>*</targetCardinalityString>
<targetEntity>E0962187-3096-F590-959D-3E8209F21FB4</targetEntity>
<transferable>true</transferable>
<deleteRule>NO ACTION</deleteRule>
</Relation>