<?xml version = '1.0' encoding = 'UTF-8'?>
<Relation class="oracle.dbtools.crest.model.design.logical.Relation" name="Relation_26" directorySegmentName="seg_0" id="1529512E-73AD-E401-A6AF-5F051A8DE859">
<createdBy>tazja</createdBy>
<createdTime>2025-08-30 16:51:38 UTC</createdTime>
<ownerDesignName>exp1_sem3_christian_norambuena</ownerDesignName>
<engineerTo>
<item key="3D9C19E6-F60E-C912-C70B-D3B26D81F6D3" value="true"/>
</engineerTo>
<sourcePk>FAC8B6DA-054D-B8AD-5075-2235BAF17223</sourcePk>
<identifying>false</identifying>
<optionalSource>true</optionalSource>
<optionalTarget>false</optionalTarget>
<sourceCardinality>1</sourceCardinality>
<sourceEntity>120CF03D-8219-B6BC-A972-5C727DEA817F</sourceEntity>
<targetCardinalityString>*</targetCardinalityString>
<targetEntity>16D0448E-BB05-59FC-0BB1-7EA84DC18F90</targetEntity>
<transferable>true</transferable>
<deleteRule>NO ACTION</deleteRule>
</Relation>