<?xml version = '1.0' encoding = 'UTF-8'?>
<Relation class="oracle.dbtools.crest.model.design.logical.Relation" name="Relation_2" directorySegmentName="seg_0" id="24E6ABC5-1DE4-2A5C-A426-43B4B5B365F9">
<createdBy>tazja</createdBy>
<createdTime>2025-08-30 14:53:46 UTC</createdTime>
<ownerDesignName>exp1_sem3_christian_norambuena</ownerDesignName>
<engineerTo>
<item key="3D9C19E6-F60E-C912-C70B-D3B26D81F6D3" value="true"/>
</engineerTo>
<sourcePk>31063CCA-67BA-6F3D-E6C5-7F96F09D649E</sourcePk>
<targetPk>5738CB01-9AE8-1B42-DB3A-ACD9A45897EB</targetPk>
<identifying>false</identifying>
<optionalSource>false</optionalSource>
<optionalTarget>false</optionalTarget>
<sourceCardinality>*</sourceCardinality>
<sourceEntity>B0A95797-303C-B9B1-3899-2DD98E0EC191</sourceEntity>
<targetCardinalityString>1</targetCardinalityString>
<targetEntity>55C026E1-02FC-E1D3-8703-3B3B58E3C0FD</targetEntity>
<transferable>true</transferable>
<deleteRule>NO ACTION</deleteRule>
</Relation>