<?xml version = '1.0' encoding = 'UTF-8'?>
<Relation class="oracle.dbtools.crest.model.design.logical.Relation" name="Relation_34" directorySegmentName="seg_0" id="4A59AD3E-6F65-FEC3-8456-A717964825EB">
<createdBy>tazja</createdBy>
<createdTime>2025-08-30 17:01:58 UTC</createdTime>
<ownerDesignName>exp1_sem3_christian_norambuena</ownerDesignName>
<engineerTo>
<item key="3D9C19E6-F60E-C912-C70B-D3B26D81F6D3" value="true"/>
</engineerTo>
<sourcePk>00660780-D514-EB29-D82A-66757069A969</sourcePk>
<identifying>false</identifying>
<optionalSource>true</optionalSource>
<optionalTarget>false</optionalTarget>
<sourceCardinality>1</sourceCardinality>
<sourceEntity>16D0448E-BB05-59FC-0BB1-7EA84DC18F90</sourceEntity>
<targetCardinalityString>1</targetCardinalityString>
<targetEntity>B0A95797-303C-B9B1-3899-2DD98E0EC191</targetEntity>
<transferable>true</transferable>
<deleteRule>NO ACTION</deleteRule>
</Relation>