<?xml version = '1.0' encoding = 'UTF-8'?>
<Relation class="oracle.dbtools.crest.model.design.logical.Relation" name="Relation_5" directorySegmentName="seg_0" id="64EF0211-35B4-A11B-B1C5-FAF347E0B9B2">
<createdBy>tazja</createdBy>
<createdTime>2025-08-30 15:11:10 UTC</createdTime>
<ownerDesignName>exp1_sem3_christian_norambuena</ownerDesignName>
<engineerTo>
<item key="3D9C19E6-F60E-C912-C70B-D3B26D81F6D3" value="true"/>
</engineerTo>
<sourcePk>5738CB01-9AE8-1B42-DB3A-ACD9A45897EB</sourcePk>
<identifying>false</identifying>
<optionalSource>false</optionalSource>
<optionalTarget>false</optionalTarget>
<sourceCardinality>1</sourceCardinality>
<sourceEntity>55C026E1-02FC-E1D3-8703-3B3B58E3C0FD</sourceEntity>
<targetCardinalityString>*</targetCardinalityString>
<targetEntity>93803243-F274-043E-AAF5-33E211413B3A</targetEntity>
<transferable>true</transferable>
<deleteRule>NO ACTION</deleteRule>
</Relation>