<?xml version = '1.0' encoding = 'UTF-8'?>
<Relation class="oracle.dbtools.crest.model.design.logical.Relation" name="Relation_25" directorySegmentName="seg_0" id="8487777D-B820-88CC-D770-B9C2C41337B9">
<createdBy>tazja</createdBy>
<createdTime>2025-08-30 16:46:27 UTC</createdTime>
<ownerDesignName>exp1_sem3_christian_norambuena</ownerDesignName>
<engineerTo>
<item key="3D9C19E6-F60E-C912-C70B-D3B26D81F6D3" value="true"/>
</engineerTo>
<sourcePk>1C3E1349-0188-1EE4-F1FB-D3A48AA5F6B0</sourcePk>
<identifying>false</identifying>
<optionalSource>false</optionalSource>
<optionalTarget>true</optionalTarget>
<sourceCardinality>1</sourceCardinality>
<sourceEntity>FF3B37BE-353B-BF56-A6C7-DEE1A8D52A61</sourceEntity>
<targetCardinalityString>*</targetCardinalityString>
<targetEntity>B0A95797-303C-B9B1-3899-2DD98E0EC191</targetEntity>
<transferable>true</transferable>
<deleteRule>NO ACTION</deleteRule>
</Relation>