<?xml version = '1.0' encoding = 'UTF-8'?>
<Relation class="oracle.dbtools.crest.model.design.logical.Relation" name="Relation_24" directorySegmentName="seg_0" id="AA59FC15-9D56-2EE4-0A5B-70377F65BC0A">
<createdBy>tazja</createdBy>
<createdTime>2025-08-30 16:41:20 UTC</createdTime>
<ownerDesignName>exp1_sem3_christian_norambuena</ownerDesignName>
<engineerTo>
<item key="3D9C19E6-F60E-C912-C70B-D3B26D81F6D3" value="true"/>
</engineerTo>
<sourcePk>1C3E1349-0188-1EE4-F1FB-D3A48AA5F6B0</sourcePk>
<identifying>false</identifying>
<optionalSource>true</optionalSource>
<optionalTarget>false</optionalTarget>
<sourceCardinality>1</sourceCardinality>
<sourceEntity>FF3B37BE-353B-BF56-A6C7-DEE1A8D52A61</sourceEntity>
<targetCardinalityString>*</targetCardinalityString>
<targetEntity>8CC4E3CD-4F2D-82C8-DE2D-26D941454C64</targetEntity>
<transferable>true</transferable>
<deleteRule>NO ACTION</deleteRule>
</Relation>