<?xml version = '1.0' encoding = 'UTF-8'?>
<Relation class="oracle.dbtools.crest.model.design.logical.Relation" name="Relation_20" directorySegmentName="seg_0" id="AD1DA151-7FF8-7E70-2FC3-387227D2BC50">
<createdBy>tazja</createdBy>
<createdTime>2025-08-30 16:09:17 UTC</createdTime>
<ownerDesignName>exp1_sem3_christian_norambuena</ownerDesignName>
<engineerTo>
<item key="3D9C19E6-F60E-C912-C70B-D3B26D81F6D3" value="true"/>
</engineerTo>
<sourcePk>FAC8B6DA-054D-B8AD-5075-2235BAF17223</sourcePk>
<targetPk>BA281C96-2188-2079-2C41-A219F96E3C85</targetPk>
<identifying>false</identifying>
<optionalSource>false</optionalSource>
<optionalTarget>false</optionalTarget>
<sourceCardinality>1</sourceCardinality>
<sourceEntity>120CF03D-8219-B6BC-A972-5C727DEA817F</sourceEntity>
<targetCardinalityString>*</targetCardinalityString>
<targetEntity>D516E22C-5C0E-BA79-A96B-E98232B1E06B</targetEntity>
<transferable>true</transferable>
<deleteRule>NO ACTION</deleteRule>
</Relation>