<?xml version = '1.0' encoding = 'UTF-8'?>
<Relation class="oracle.dbtools.crest.model.design.logical.Relation" name="Relation_3" directorySegmentName="seg_0" id="B6E6C460-7726-8759-1C18-3CFC1877D1DD">
<createdBy>tazja</createdBy>
<createdTime>2025-08-30 14:56:50 UTC</createdTime>
<ownerDesignName>exp1_sem3_christian_norambuena</ownerDesignName>
<engineerTo>
<item key="3D9C19E6-F60E-C912-C70B-D3B26D81F6D3" value="true"/>
</engineerTo>
<sourcePk>1C3E1349-0188-1EE4-F1FB-D3A48AA5F6B0</sourcePk>
<identifying>false</identifying>
<optionalSource>false</optionalSource>
<optionalTarget>false</optionalTarget>
<sourceCardinality>1</sourceCardinality>
<sourceEntity>FF3B37BE-353B-BF56-A6C7-DEE1A8D52A61</sourceEntity>
<targetCardinalityString>*</targetCardinalityString>
<targetEntity>55C026E1-02FC-E1D3-8703-3B3B58E3C0FD</targetEntity>
<transferable>true</transferable>
<deleteRule>NO ACTION</deleteRule>
</Relation>