<?xml version = '1.0' encoding = 'UTF-8'?>
<Arc class="oracle.dbtools.crest.model.design.logical.Arc" directorySegmentName="seg_0" id="619EAE4E-81B9-C906-0D87-8D9E4C4D3992" name="Arc_5">
<createdBy>tazja</createdBy>
<createdTime>2025-09-07 19:20:09 UTC</createdTime>
<ownerDesignName>exp2_sem1_grupo</ownerDesignName>
<engineerTo>
<item key="A6FAAD27-822A-4095-D12C-3A51CA29815C" value="true"/>
</engineerTo>
<entity>8125129A-7EAF-5630-15D8-FAA0AE70E62E</entity>
<relations>
<relationID>7E173082-0490-4106-AF1A-DCFD8D91C083</relationID>
<relationID>7ED8A7BD-5FEE-A40A-6AD0-3AA03BEE4FAD</relationID>
</relations>
</Arc>