<?xml version = '1.0' encoding = 'UTF-8'?>
<Arc class="oracle.dbtools.crest.model.design.logical.Arc" directorySegmentName="seg_0" id="E25824FD-E67C-315C-A9E8-9445F5B525BF" name="Arc_4">
<createdBy>tazja</createdBy>
<createdTime>2025-09-07 19:18:59 UTC</createdTime>
<ownerDesignName>exp2_sem1_grupo</ownerDesignName>
<engineerTo>
<item key="A6FAAD27-822A-4095-D12C-3A51CA29815C" value="true"/>
</engineerTo>
<entity>45E67059-DCD5-1D76-B139-40C0169CFEE6</entity>
<relations>
<relationID>CE6E83F5-E8D5-0ACC-B36F-38740739E2FA</relationID>
<relationID>69CF5179-E1FD-2EBC-7BFD-1C8D01D20562</relationID>
</relations>
</Arc>