<?xml version = '1.0' encoding = 'UTF-8'?>
<FKArc class="oracle.dbtools.crest.model.design.relational.FKArc" directorySegmentName="seg_0" id="E45EF057-EDB2-9FCB-2C4E-43B99E212B86" name="Arc_2">
<createdBy>tazja</createdBy>
<createdTime>2025-10-12 16:38:39 UTC</createdTime>
<ownerDesignName>eft_s9</ownerDesignName>
<mandatory>true</mandatory>
<reverseArc>true</reverseArc>
<table>EBA7E44A-A8F9-17C3-9708-8F51C6CBDA95</table>
<discriminatorColumn>885E38DC-9961-0D30-369A-94CD55474DAF</discriminatorColumn>
<fkeys>
<fkeyID>C200FD4B-FFFA-4988-D192-5E09FCE94F4F</fkeyID>
<fkeyID>E4FFD2CF-1FF0-4F45-8430-5D4E4BA4EC3E</fkeyID>
<fkeyID>8621B250-A468-553F-F088-8DA712245875</fkeyID>
</fkeys>
</FKArc>