<?xml version = '1.0' encoding = 'UTF-8'?>
<Relation class="oracle.dbtools.crest.model.design.logical.InheritanceRelation" name="Hierarchy_2" directorySegmentName="seg_0" id="0DCBF3B3-8FAD-BC21-2B24-CAD38AF80BA1">
<createdBy>tazja</createdBy>
<createdTime>2025-08-30 15:22:10 UTC</createdTime>
<ownerDesignName>exp1_sem3_christian_norambuena</ownerDesignName>
<engineerTo>
<item key="3D9C19E6-F60E-C912-C70B-D3B26D81F6D3" value="true"/>
</engineerTo>
<arc>C875F415-43F6-1764-3C57-C02E14F1CF9C</arc>
<identifying>false</identifying>
<nameOnSource>Super Type</nameOnSource>
<nameOnTarget>Sub Type</nameOnTarget>
<optionalSource>true</optionalSource>
<optionalTarget>true</optionalTarget>
<sourceEntity>B0A95797-303C-B9B1-3899-2DD98E0EC191</sourceEntity>
<targetEntity>F977C5AC-115E-F39C-98A5-5801A46DB481</targetEntity>
<transferable>true</transferable>
<deleteRule>NO ACTION</deleteRule>
</Relation>