<?xml version = '1.0' encoding = 'UTF-8'?>
<Relation class="oracle.dbtools.crest.model.design.logical.InheritanceRelation" name="Hierarchy_1" directorySegmentName="seg_0" id="2DE9750A-0337-1DE2-2DE5-BDFB290FC741">
<createdBy>tazja</createdBy>
<createdTime>2025-08-30 15:22:02 UTC</createdTime>
<ownerDesignName>exp1_sem3_christian_norambuena</ownerDesignName>
<engineerTo>
<item key="3D9C19E6-F60E-C912-C70B-D3B26D81F6D3" value="true"/>
</engineerTo>
<arc>C875F415-43F6-1764-3C57-C02E14F1CF9C</arc>
<identifying>false</identifying>
<nameOnSource>Super Type</nameOnSource>
<nameOnTarget>Sub Type</nameOnTarget>
<optionalSource>true</optionalSource>
<optionalTarget>true</optionalTarget>
<sourceEntity>B0A95797-303C-B9B1-3899-2DD98E0EC191</sourceEntity>
<targetEntity>5B5172BB-1871-B02D-5EA1-D78C6AC8427F</targetEntity>
<transferable>true</transferable>
<deleteRule>NO ACTION</deleteRule>
</Relation>