<?xml version = '1.0' encoding = 'UTF-8'?>
<Relation class="oracle.dbtools.crest.model.design.logical.InheritanceRelation" name="Hierarchy_25" directorySegmentName="seg_0" id="421D627D-52DC-A183-6225-33E4E59F1AD4">
<createdBy>tazja</createdBy>
<createdTime>2025-08-30 17:36:29 UTC</createdTime>
<ownerDesignName>exp1_sem3_christian_norambuena</ownerDesignName>
<engineerTo>
<item key="3D9C19E6-F60E-C912-C70B-D3B26D81F6D3" value="true"/>
</engineerTo>
<arc>E1EF186C-8454-B65C-24DC-145525BE11B4</arc>
<identifying>false</identifying>
<nameOnSource>Super Type</nameOnSource>
<nameOnTarget>Sub Type</nameOnTarget>
<optionalSource>true</optionalSource>
<optionalTarget>true</optionalTarget>
<sourceEntity>D516E22C-5C0E-BA79-A96B-E98232B1E06B</sourceEntity>
<targetEntity>D3DB7743-A3F9-D788-AED6-ACC2B6F65EFB</targetEntity>
<transferable>true</transferable>
<deleteRule>NO ACTION</deleteRule>
</Relation>