<?xml version = '1.0' encoding = 'UTF-8'?>
<Relation class="oracle.dbtools.crest.model.design.logical.InheritanceRelation" name="Hierarchy_23" directorySegmentName="seg_0" id="5ABB6FDF-A44C-DB03-2A2C-2831EAC45B9F">
<createdBy>tazja</createdBy>
<createdTime>2025-08-30 17:27:25 UTC</createdTime>
<ownerDesignName>exp1_sem3_christian_norambuena</ownerDesignName>
<engineerTo>
<item key="3D9C19E6-F60E-C912-C70B-D3B26D81F6D3" value="true"/>
</engineerTo>
<identifying>false</identifying>
<nameOnSource>Super Type</nameOnSource>
<nameOnTarget>Sub Type</nameOnTarget>
<optionalSource>true</optionalSource>
<optionalTarget>true</optionalTarget>
<sourceEntity>B0A95797-303C-B9B1-3899-2DD98E0EC191</sourceEntity>
<targetEntity>8CC4E3CD-4F2D-82C8-DE2D-26D941454C64</targetEntity>
<transferable>true</transferable>
<deleteRule>NO ACTION</deleteRule>
</Relation>