<?xml version = '1.0' encoding = 'UTF-8'?>
<Relation class="oracle.dbtools.crest.model.design.logical.InheritanceRelation" name="Hierarchy_20" directorySegmentName="seg_0" id="8B05C93F-1E99-BF9A-8680-4A2A67626F3C">
<createdBy>tazja</createdBy>
<createdTime>2025-08-30 17:22:55 UTC</createdTime>
<ownerDesignName>exp1_sem3_christian_norambuena</ownerDesignName>
<engineerTo>
<item key="3D9C19E6-F60E-C912-C70B-D3B26D81F6D3" value="true"/>
</engineerTo>
<arc>532C1FFD-49F3-9768-1741-C00442CCEA15</arc>
<identifying>false</identifying>
<nameOnSource>Super Type</nameOnSource>
<nameOnTarget>Sub Type</nameOnTarget>
<optionalSource>true</optionalSource>
<optionalTarget>true</optionalTarget>
<sourceEntity>16D0448E-BB05-59FC-0BB1-7EA84DC18F90</sourceEntity>
<targetEntity>FD83F4A3-D012-92C6-7B7A-418FBFA693BD</targetEntity>
<transferable>true</transferable>
<deleteRule>NO ACTION</deleteRule>
</Relation>