<?xml version = '1.0' encoding = 'UTF-8'?>
<Relation class="oracle.dbtools.crest.model.design.logical.InheritanceRelation" name="Hierarchy_10" directorySegmentName="seg_0" id="C1BAF5D0-66C7-446F-6ACC-958EFB4BC28B">
<createdBy>tazja</createdBy>
<createdTime>2025-08-30 16:01:52 UTC</createdTime>
<ownerDesignName>exp1_sem3_christian_norambuena</ownerDesignName>
<engineerTo>
<item key="3D9C19E6-F60E-C912-C70B-D3B26D81F6D3" value="true"/>
</engineerTo>
<arc>E1EF186C-8454-B65C-24DC-145525BE11B4</arc>
<identifying>false</identifying>
<nameOnSource>Super Type</nameOnSource>
<nameOnTarget>Sub Type</nameOnTarget>
<optionalSource>true</optionalSource>
<optionalTarget>true</optionalTarget>
<sourceEntity>D516E22C-5C0E-BA79-A96B-E98232B1E06B</sourceEntity>
<targetEntity>E0962187-3096-F590-959D-3E8209F21FB4</targetEntity>
<transferable>true</transferable>
<deleteRule>NO ACTION</deleteRule>
</Relation>