<?xml version = '1.0' encoding = 'UTF-8'?>
<Arc class="oracle.dbtools.crest.model.design.logical.Arc" directorySegmentName="seg_0" id="7042DF0D-084F-FB7C-9CAF-C55DEDC577E5" name="Arc_2">
<createdBy>tazja</createdBy>
<createdTime>2025-09-14 18:59:36 UTC</createdTime>
<ownerDesignName>centromedico</ownerDesignName>
<engineerTo>
<item key="20D05DA7-E5D8-2E92-D25A-90B7C6D78FCE" value="true"/>
</engineerTo>
<entity>9DF0BDFC-632C-AF91-066E-9001D584423C</entity>
<relations>
<relationID>CC2CFE27-7532-9D6F-5156-3F5A204AAE7A</relationID>
<relationID>3B89EEDF-6E4D-9B95-99FB-12E86D987390</relationID>
<relationID>F85EFD94-C728-A04C-7860-4F420D3ADA71</relationID>
</relations>
</Arc>