<?xml version = '1.0' encoding = 'UTF-8'?>
<Arc class="oracle.dbtools.crest.model.design.logical.Arc" directorySegmentName="seg_0" id="D44E1D44-115A-F60D-0F6F-1C1E9A3A7925" name="Arc_4">
<createdBy>tazja</createdBy>
<createdTime>2025-09-14 19:03:23 UTC</createdTime>
<ownerDesignName>centromedico</ownerDesignName>
<engineerTo>
<item key="20D05DA7-E5D8-2E92-D25A-90B7C6D78FCE" value="true"/>
</engineerTo>
<entity>226EA02B-8525-24CB-5F50-C2919FCE0393</entity>
<relations>
<relationID>DEAE2A02-8DD6-2D6C-545A-FD805BA0DBBB</relationID>
<relationID>6BC54E68-E099-9319-99C6-EBA24F1AC1E1</relationID>
<relationID>67C571E2-5A60-0E6A-9FB9-787ECA451810</relationID>
</relations>
</Arc>