<?xml version = '1.0' encoding = 'UTF-8'?>
<Arc class="oracle.dbtools.crest.model.design.logical.Arc" directorySegmentName="seg_0" id="D4862A8F-329D-9E1D-5453-861764F00A5D" name="Arc_3">
<createdBy>tazja</createdBy>
<createdTime>2025-09-14 19:01:21 UTC</createdTime>
<ownerDesignName>centromedico</ownerDesignName>
<engineerTo>
<item key="20D05DA7-E5D8-2E92-D25A-90B7C6D78FCE" value="true"/>
</engineerTo>
<entity>178D9C5B-5277-E25A-3551-B61225A1A7AB</entity>
<relations>
<relationID>0069DB99-CFCD-59AC-2E76-960C0B667867</relationID>
<relationID>F4D63723-14CB-7BBB-695D-2C660A80B5B8</relationID>
<relationID>4EA8F5DB-5860-402D-A6AB-1362846D81B0</relationID>
</relations>
</Arc>