<?xml version = '1.0' encoding = 'UTF-8'?>
<Table class="oracle.dbtools.crest.model.design.relational.Table" directorySegmentName="seg_0" id="02EF52F7-1CFC-2BF3-A66B-926101414716" name="ASIG_TURNO">
<createdBy>tazja</createdBy>
<createdTime>2025-10-12 15:52:59 UTC</createdTime>
<generatorID>961EDCC3-9ED5-4B39-2019-7CCACA19367D</generatorID>
<ownerDesignName>eft_s9</ownerDesignName>
<allowColumnReorder>false</allowColumnReorder>
<existDependencyGenerateInDDl>true</existDependencyGenerateInDDl>
<parsed>true</parsed>
<columns itemClass="oracle.dbtools.crest.model.design.relational.Column">
<Column name="id_asigna" id="A1C36F28-BCE6-00B5-DF3A-99FDB51520FC">
<createdBy>tazja</createdBy>
<createdTime>2025-10-12 15:52:59 UTC</createdTime>
<generatorID>47D92FDB-89F4-5743-4A01-52C9574F51B3</generatorID>
<ownerDesignName>eft_s9</ownerDesignName>
<useDomainConstraints>false</useDomainConstraints>
<use>1</use>
<logicalDatatype>LOGDT019</logicalDatatype>
<dataTypePrecision>10</dataTypePrecision>
<ownDataTypeParameters>,10,</ownDataTypeParameters>
<autoIncrementCycle>false</autoIncrementCycle>
</Column>
<Column name="fecha_asig" id="24D63AF9-724C-7DDE-1E9B-6F8303749E56">
<createdBy>tazja</createdBy>
<createdTime>2025-10-12 15:52:59 UTC</createdTime>
<generatorID>B9C3A853-C169-435E-B1E1-9AA590BDB982</generatorID>
<ownerDesignName>eft_s9</ownerDesignName>
<useDomainConstraints>false</useDomainConstraints>
<use>1</use>
<logicalDatatype>LOGDT007</logicalDatatype>
<ownDataTypeParameters>,,</ownDataTypeParameters>
<autoIncrementCycle>false</autoIncrementCycle>
</Column>
<Column name="rol" id="09D081D5-B0BC-9465-4849-E70955786EFF">
<createdBy>tazja</createdBy>
<createdTime>2025-10-12 15:52:59 UTC</createdTime>
<generatorID>F82A3FEE-9521-9C16-C2FB-D8F273B033A1</generatorID>
<ownerDesignName>eft_s9</ownerDesignName>
<nullsAllowed>true</nullsAllowed>
<useDomainConstraints>false</useDomainConstraints>
<use>1</use>
<logicalDatatype>LOGDT024</logicalDatatype>
<dataTypeSize>100</dataTypeSize>
<ownDataTypeParameters>100,,</ownDataTypeParameters>
<autoIncrementCycle>false</autoIncrementCycle>
</Column>
<Column name="MAQUINA_id_maquina" id="DEC33DD0-E0E5-D2A9-92DF-92C4FC6E8F8E">
<createdBy>tazja</createdBy>
<createdTime>2025-10-12 16:11:11 UTC</createdTime>
<generatorID>53E99088-86AA-381E-7D45-E4E299E8AC79</generatorID>
<ownerDesignName>eft_s9</ownerDesignName>
<useDomainConstraints>false</useDomainConstraints>
<use>1</use>
<logicalDatatype>LOGDT019</logicalDatatype>
<dataTypePrecision>10</dataTypePrecision>
<ownDataTypeParameters>,,</ownDataTypeParameters>
<previousColumn>false</previousColumn>
<autoIncrementCycle>false</autoIncrementCycle>
<associations>
<colAssociation fkAssociation="CF934E01-6C76-33E7-7582-CC9C760321A7" referredColumn="4793032C-5E9B-64F4-C939-B90D77938B31"/>
</associations>
</Column>
<Column name="MAQUINA_PLANTA_id_planta" id="6B7FA2D0-C712-231F-38C6-5D0C52A60E4B">
<createdBy>tazja</createdBy>
<createdTime>2025-10-12 16:11:11 UTC</createdTime>
<generatorID>D58991C8-3C60-C6E0-09E3-4AECE3E2AABF</generatorID>
<ownerDesignName>eft_s9</ownerDesignName>
<useDomainConstraints>false</useDomainConstraints>
<use>1</use>
<logicalDatatype>LOGDT019</logicalDatatype>
<dataTypePrecision>10</dataTypePrecision>
<ownDataTypeParameters>,,</ownDataTypeParameters>
<previousColumn>false</previousColumn>
<autoIncrementCycle>false</autoIncrementCycle>
<associations>
<colAssociation fkAssociation="CF934E01-6C76-33E7-7582-CC9C760321A7" referredColumn="1DFB6148-CE86-33FB-0206-6D8F53936A15"/>
</associations>
</Column>
<Column name="TURNO_id_turno" id="88A39544-AC17-D862-0D7B-A58418FE3582">
<createdBy>tazja</createdBy>
<createdTime>2025-10-12 16:11:11 UTC</createdTime>
<generatorID>99E11419-F70F-E22B-F2AB-162C59F49A19</generatorID>
<ownerDesignName>eft_s9</ownerDesignName>
<useDomainConstraints>false</useDomainConstraints>
<use>1</use>
<logicalDatatype>LOGDT019</logicalDatatype>
<dataTypePrecision>10</dataTypePrecision>
<ownDataTypeParameters>,,</ownDataTypeParameters>
<previousColumn>false</previousColumn>
<autoIncrementCycle>false</autoIncrementCycle>
<associations>
<colAssociation fkAssociation="194EC2D8-5D34-688E-7600-7B8B0964924E" referredColumn="CE71ED5E-6F43-236D-92EE-C18DE77D5A21"/>
</associations>
</Column>
<Column name="PERSONAL_id_personal" id="45BF3386-467C-935C-FCD0-71A1316E6C99">
<createdBy>tazja</createdBy>
<createdTime>2025-10-12 16:11:11 UTC</createdTime>
<generatorID>4611D6CE-01DF-A591-3F6C-6EE2E3D2EA5E</generatorID>
<ownerDesignName>eft_s9</ownerDesignName>
<useDomainConstraints>false</useDomainConstraints>
<use>1</use>
<logicalDatatype>LOGDT019</logicalDatatype>
<dataTypePrecision>10</dataTypePrecision>
<ownDataTypeParameters>,,</ownDataTypeParameters>
<previousColumn>false</previousColumn>
<autoIncrementCycle>false</autoIncrementCycle>
<associations>
<colAssociation fkAssociation="564B572A-56FC-64FE-171E-1BF7FC0AAE42" referredColumn="3C972611-2D23-7B34-C825-6EB1BCDCD4AC"/>
</associations>
</Column>
</columns>
<indexes itemClass="oracle.dbtools.crest.model.design.relational.Index">
<ind_PK_UK id="4180FFAE-71C6-39AD-ED27-B48A5247B802" name="ASIGNACION_TURNO_PK">
<createdBy>tazja</createdBy>
<createdTime>2025-10-12 15:52:59 UTC</createdTime>
<generatorID>5430E4B6-7A8A-6645-58A4-6347FD7CF3AD</generatorID>
<ownerDesignName>eft_s9</ownerDesignName>
<pk>true</pk>
<indexState>Primary Constraint</indexState>
<isSurrogateKey>false</isSurrogateKey>
<indexColumnUsage>
<colUsage columnID="A1C36F28-BCE6-00B5-DF3A-99FDB51520FC"/>
</indexColumnUsage>
</ind_PK_UK>
<ind_PK_UK id="3708DE67-9920-EAB2-7730-DE66D98E13F5" name="ASIG_TURNO_MAQUINA_FK">
<createdBy>tazja</createdBy>
<createdTime>2025-10-12 16:11:11 UTC</createdTime>
<generatorID>CBE2BF8B-C966-DB96-4630-B51ECC52C0CB</generatorID>
<ownerDesignName>eft_s9</ownerDesignName>
<indexState>Foreign Key</indexState>
<isSurrogateKey>false</isSurrogateKey>
<indexColumnUsage>
<colUsage columnID="DEC33DD0-E0E5-D2A9-92DF-92C4FC6E8F8E"/>
<colUsage columnID="6B7FA2D0-C712-231F-38C6-5D0C52A60E4B"/>
</indexColumnUsage>
</ind_PK_UK>
<ind_PK_UK id="2DA24D5E-7AA6-61F0-F823-5932434A7143" name="ASIG_TURNO_TURNO_FK">
<createdBy>tazja</createdBy>
<createdTime>2025-10-12 16:11:11 UTC</createdTime>
<generatorID>50B3F881-CAD7-3365-AADA-42413E988D23</generatorID>
<ownerDesignName>eft_s9</ownerDesignName>
<indexState>Foreign Key</indexState>
<isSurrogateKey>false</isSurrogateKey>
<indexColumnUsage>
<colUsage columnID="88A39544-AC17-D862-0D7B-A58418FE3582"/>
</indexColumnUsage>
</ind_PK_UK>
<ind_PK_UK id="C30D4800-9361-6992-F1ED-258758F411D1" name="ASIG_TURNO_PERSONAL_FK">
<createdBy>tazja</createdBy>
<createdTime>2025-10-12 16:11:11 UTC</createdTime>
<generatorID>412D6790-C593-8C19-6A5B-7C4B3B04B87D</generatorID>
<ownerDesignName>eft_s9</ownerDesignName>
<indexState>Foreign Key</indexState>
<isSurrogateKey>false</isSurrogateKey>
<indexColumnUsage>
<colUsage columnID="45BF3386-467C-935C-FCD0-71A1316E6C99"/>
</indexColumnUsage>
</ind_PK_UK>
</indexes>
</Table>