<?xml version = '1.0' encoding = 'UTF-8'?>
<Table class="oracle.dbtools.crest.model.design.relational.Table" directorySegmentName="seg_0" id="2CB07DF3-2B37-D3AB-4690-3A7A72082A4E" name="T_MAQUINA">
<createdBy>tazja</createdBy>
<createdTime>2025-10-12 16:28:54 UTC</createdTime>
<generatorID>72525FAC-1ACB-A822-A393-4ED7726C9C95</generatorID>
<ownerDesignName>eft_s9</ownerDesignName>
<allowColumnReorder>false</allowColumnReorder>
<existDependencyGenerateInDDl>true</existDependencyGenerateInDDl>
<parsed>true</parsed>
<columns itemClass="oracle.dbtools.crest.model.design.relational.Column">
<Column name="id_tipo" id="56E8103C-2564-809B-820A-7C9851BC833B">
<createdBy>tazja</createdBy>
<createdTime>2025-10-12 16:28:54 UTC</createdTime>
<generatorID>CA26B74B-6625-9E5C-F07A-27AB7C7F6E94</generatorID>
<ownerDesignName>eft_s9</ownerDesignName>
<useDomainConstraints>false</useDomainConstraints>
<use>1</use>
<logicalDatatype>LOGDT019</logicalDatatype>
<dataTypePrecision>10</dataTypePrecision>
<ownDataTypeParameters>,10,</ownDataTypeParameters>
<autoIncrementCycle>false</autoIncrementCycle>
</Column>
<Column name="nombre" id="DF4535A7-90A3-0199-2E60-309795163C8C">
<createdBy>tazja</createdBy>
<createdTime>2025-10-12 16:28:54 UTC</createdTime>
<generatorID>28CF1D1F-346E-3594-A3DA-9D2B84E0CCC8</generatorID>
<ownerDesignName>eft_s9</ownerDesignName>
<useDomainConstraints>false</useDomainConstraints>
<use>1</use>
<logicalDatatype>LOGDT024</logicalDatatype>
<dataTypeSize>100</dataTypeSize>
<ownDataTypeParameters>100,,</ownDataTypeParameters>
<autoIncrementCycle>false</autoIncrementCycle>
</Column>
</columns>
<indexes itemClass="oracle.dbtools.crest.model.design.relational.Index">
<ind_PK_UK id="2F17594B-DCE1-A979-BB84-AFBE3A6B7888" name="T_MAQUINA_PK">
<createdBy>tazja</createdBy>
<createdTime>2025-10-12 16:28:54 UTC</createdTime>
<generatorID>7E718217-CD03-68D8-2A58-14B92140E2F6</generatorID>
<ownerDesignName>eft_s9</ownerDesignName>
<pk>true</pk>
<indexState>Primary Constraint</indexState>
<isSurrogateKey>false</isSurrogateKey>
<indexColumnUsage>
<colUsage columnID="56E8103C-2564-809B-820A-7C9851BC833B"/>
</indexColumnUsage>
</ind_PK_UK>
</indexes>
</Table>