<?xml version = '1.0' encoding = 'UTF-8'?>
<Table class="oracle.dbtools.crest.model.design.relational.Table" directorySegmentName="seg_0" id="3B75F0E1-F050-7B1E-EB44-11747E44C71C" name="OPERARIO">
<createdBy>tazja</createdBy>
<createdTime>2025-10-12 15:52:59 UTC</createdTime>
<generatorID>B7675D55-E6F0-D03B-4995-1C230A5AE03E</generatorID>
<ownerDesignName>eft_s9</ownerDesignName>
<allowColumnReorder>false</allowColumnReorder>
<existDependencyGenerateInDDl>true</existDependencyGenerateInDDl>
<parsed>true</parsed>
<columns itemClass="oracle.dbtools.crest.model.design.relational.Column">
<Column name="PERSONAL_id_personal" id="2B73EF25-983E-4E80-8534-A05BBA01CF69">
<createdBy>tazja</createdBy>
<createdTime>2025-10-12 15:52:59 UTC</createdTime>
<generatorID>552972F2-3130-AF76-97F7-C4F20CB33509</generatorID>
<ownerDesignName>eft_s9</ownerDesignName>
<useDomainConstraints>false</useDomainConstraints>
<use>1</use>
<logicalDatatype>LOGDT019</logicalDatatype>
<dataTypePrecision>10</dataTypePrecision>
<ownDataTypeParameters>,,</ownDataTypeParameters>
<previousColumn>false</previousColumn>
<autoIncrementCycle>false</autoIncrementCycle>
<associations>
<colAssociation fkAssociation="A638556F-DA4C-1522-A1AB-72B997D82D76" referredColumn="3C972611-2D23-7B34-C825-6EB1BCDCD4AC"/>
</associations>
</Column>
<Column name="categ_proceso" id="3455F16E-ED2A-9EC6-F9CA-18898C132ECE">
<createdBy>tazja</createdBy>
<createdTime>2025-10-12 15:52:59 UTC</createdTime>
<generatorID>B4EC55CD-DC48-6D79-91C3-35541A3548BA</generatorID>
<ownerDesignName>eft_s9</ownerDesignName>
<useDomainConstraints>false</useDomainConstraints>
<use>1</use>
<logicalDatatype>LOGDT024</logicalDatatype>
<dataTypeSize>100</dataTypeSize>
<ownDataTypeParameters>100,,</ownDataTypeParameters>
<autoIncrementCycle>false</autoIncrementCycle>
</Column>
<Column name="certificacion" id="AD5ACFDF-7850-FD87-5B26-6B4CA3AE6E75">
<createdBy>tazja</createdBy>
<createdTime>2025-10-12 15:52:59 UTC</createdTime>
<generatorID>A04B9128-2567-DDBC-AA1B-533DDF7BB26E</generatorID>
<ownerDesignName>eft_s9</ownerDesignName>
<nullsAllowed>true</nullsAllowed>
<useDomainConstraints>false</useDomainConstraints>
<use>1</use>
<logicalDatatype>LOGDT024</logicalDatatype>
<dataTypeSize>100</dataTypeSize>
<ownDataTypeParameters>100,,</ownDataTypeParameters>
<autoIncrementCycle>false</autoIncrementCycle>
</Column>
<Column name="hora_por_turno" id="A571AA03-D7DF-5618-133D-379D45A5CA6A">
<createdBy>tazja</createdBy>
<createdTime>2025-10-12 15:52:59 UTC</createdTime>
<generatorID>CD9939E1-371D-CB2F-C94F-3DE71DCF49B8</generatorID>
<ownerDesignName>eft_s9</ownerDesignName>
<constraintName>ck_operario</constraintName>
<useDomainConstraints>false</useDomainConstraints>
<use>1</use>
<logicalDatatype>LOGDT019</logicalDatatype>
<dataTypePrecision>10</dataTypePrecision>
<defaultValue>8</defaultValue>
<ownDataTypeParameters>,10,</ownDataTypeParameters>
<autoIncrementCycle>false</autoIncrementCycle>
</Column>
<Column name="CAT_PROCESO_id_categoria" id="2D32DCD3-407E-CC59-90AD-A88956BB4BC4">
<createdBy>tazja</createdBy>
<createdTime>2025-10-12 16:11:11 UTC</createdTime>
<generatorID>43CE3B32-14C6-BA5F-095A-52232543AE3B</generatorID>
<ownerDesignName>eft_s9</ownerDesignName>
<useDomainConstraints>false</useDomainConstraints>
<use>1</use>
<logicalDatatype>LOGDT019</logicalDatatype>
<dataTypePrecision>10</dataTypePrecision>
<ownDataTypeParameters>,,</ownDataTypeParameters>
<previousColumn>false</previousColumn>
<autoIncrementCycle>false</autoIncrementCycle>
<associations>
<colAssociation fkAssociation="5A0325D9-920A-A1DB-56CF-530675DF9006" referredColumn="114B496D-CE6F-F916-8220-8E73F9B4C7BA"/>
</associations>
</Column>
</columns>
<indexes itemClass="oracle.dbtools.crest.model.design.relational.Index">
<ind_PK_UK id="9710DDFC-16A9-BF87-41E7-B795AFAB2DCF" name="OPERARIO_PERSONAL_FK">
<createdBy>tazja</createdBy>
<createdTime>2025-10-12 15:52:59 UTC</createdTime>
<generatorID>17FF552D-6418-1B64-D19B-F2DFA826712F</generatorID>
<ownerDesignName>eft_s9</ownerDesignName>
<indexState>Foreign Key</indexState>
<isSurrogateKey>false</isSurrogateKey>
<indexColumnUsage>
<colUsage columnID="2B73EF25-983E-4E80-8534-A05BBA01CF69"/>
</indexColumnUsage>
</ind_PK_UK>
<ind_PK_UK id="B9CDD822-16F1-0A76-12B9-051DF37C88CC" name="OPERARIO_CAT_PROCESO_FK">
<createdBy>tazja</createdBy>
<createdTime>2025-10-12 16:11:11 UTC</createdTime>
<generatorID>02DC0F52-849B-4744-201F-450644C9BB57</generatorID>
<ownerDesignName>eft_s9</ownerDesignName>
<indexState>Foreign Key</indexState>
<isSurrogateKey>false</isSurrogateKey>
<indexColumnUsage>
<colUsage columnID="2D32DCD3-407E-CC59-90AD-A88956BB4BC4"/>
</indexColumnUsage>
</ind_PK_UK>
</indexes>
</Table>