<?xml version = '1.0' encoding = 'UTF-8'?>
<Table class="oracle.dbtools.crest.model.design.relational.Table" directorySegmentName="seg_0" id="5942FD2E-176C-08BB-F824-9BB644CED028" name="O_MANTEN_MAQ">
<createdBy>tazja</createdBy>
<createdTime>2025-10-12 15:52:59 UTC</createdTime>
<generatorID>5C08034A-0ADF-FBFF-225D-5E0883BDC2FF</generatorID>
<ownerDesignName>eft_s9</ownerDesignName>
<allowColumnReorder>false</allowColumnReorder>
<existDependencyGenerateInDDl>true</existDependencyGenerateInDDl>
<parsed>true</parsed>
<columns itemClass="oracle.dbtools.crest.model.design.relational.Column">
<Column name="id_orden" id="349DC8CE-1900-8C72-B229-24E2C8542ED2">
<createdBy>tazja</createdBy>
<createdTime>2025-10-12 15:52:59 UTC</createdTime>
<generatorID>44FF8416-061C-9C36-F6D5-5B5D5C4AC324</generatorID>
<ownerDesignName>eft_s9</ownerDesignName>
<useDomainConstraints>false</useDomainConstraints>
<use>1</use>
<logicalDatatype>LOGDT019</logicalDatatype>
<dataTypePrecision>10</dataTypePrecision>
<ownDataTypeParameters>,10,</ownDataTypeParameters>
<autoIncrementCycle>false</autoIncrementCycle>
</Column>
<Column name="fecha_programada" id="3E0B59DE-0B73-117B-9B5A-7943707C8114">
<createdBy>tazja</createdBy>
<createdTime>2025-10-12 15:52:59 UTC</createdTime>
<generatorID>94254428-FA4A-777F-F89A-AA2AAFB8117B</generatorID>
<ownerDesignName>eft_s9</ownerDesignName>
<useDomainConstraints>false</useDomainConstraints>
<use>1</use>
<logicalDatatype>LOGDT007</logicalDatatype>
<ownDataTypeParameters>,,</ownDataTypeParameters>
<autoIncrementCycle>false</autoIncrementCycle>
</Column>
<Column name="fecha_ejecucion" id="AE0B7283-8C40-A3DA-85F0-29C27E127F8D">
<createdBy>tazja</createdBy>
<createdTime>2025-10-12 15:52:59 UTC</createdTime>
<generatorID>B093C28E-267F-D02E-D9AF-4738D6FCAAFF</generatorID>
<ownerDesignName>eft_s9</ownerDesignName>
<nullsAllowed>true</nullsAllowed>
<useDomainConstraints>false</useDomainConstraints>
<use>1</use>
<logicalDatatype>LOGDT007</logicalDatatype>
<ownDataTypeParameters>,,</ownDataTypeParameters>
<autoIncrementCycle>false</autoIncrementCycle>
</Column>
<Column name="descripcion" id="EB0C11AD-0AAA-2E21-876E-A2DB8905829C">
<createdBy>tazja</createdBy>
<createdTime>2025-10-12 15:52:59 UTC</createdTime>
<generatorID>D73DF731-585C-420F-BE57-CCBB3BBCAB88</generatorID>
<ownerDesignName>eft_s9</ownerDesignName>
<useDomainConstraints>false</useDomainConstraints>
<use>1</use>
<logicalDatatype>LOGDT024</logicalDatatype>
<dataTypeSize>100</dataTypeSize>
<ownDataTypeParameters>100,,</ownDataTypeParameters>
<autoIncrementCycle>false</autoIncrementCycle>
</Column>
<Column name="MAQUINA_id_maquina" id="A7FD43BF-3C74-2701-CE3E-D74CFBAB14B4">
<createdBy>tazja</createdBy>
<createdTime>2025-10-12 16:11:11 UTC</createdTime>
<generatorID>A8F43007-A369-E710-249E-CE0E806064A1</generatorID>
<ownerDesignName>eft_s9</ownerDesignName>
<useDomainConstraints>false</useDomainConstraints>
<use>1</use>
<logicalDatatype>LOGDT019</logicalDatatype>
<dataTypePrecision>10</dataTypePrecision>
<ownDataTypeParameters>,,</ownDataTypeParameters>
<previousColumn>false</previousColumn>
<autoIncrementCycle>false</autoIncrementCycle>
<associations>
<colAssociation fkAssociation="14C0B5B9-C508-20EF-2ACC-CDE1DAE5A4C7" referredColumn="4793032C-5E9B-64F4-C939-B90D77938B31"/>
</associations>
</Column>
<Column name="MAQUINA_PLANTA_id_planta" id="911F9594-8FB1-56A3-93E9-2470E558C8C9">
<createdBy>tazja</createdBy>
<createdTime>2025-10-12 16:11:11 UTC</createdTime>
<generatorID>D6C60FC3-7F3D-EE00-F19E-98ABD00CEB00</generatorID>
<ownerDesignName>eft_s9</ownerDesignName>
<useDomainConstraints>false</useDomainConstraints>
<use>1</use>
<logicalDatatype>LOGDT019</logicalDatatype>
<dataTypePrecision>10</dataTypePrecision>
<ownDataTypeParameters>,,</ownDataTypeParameters>
<previousColumn>false</previousColumn>
<autoIncrementCycle>false</autoIncrementCycle>
<associations>
<colAssociation fkAssociation="14C0B5B9-C508-20EF-2ACC-CDE1DAE5A4C7" referredColumn="1DFB6148-CE86-33FB-0206-6D8F53936A15"/>
</associations>
</Column>
<Column name="PERSONAL_id_personal" id="F712F757-1A98-7CAE-1134-1D3A7988666C">
<createdBy>tazja</createdBy>
<createdTime>2025-10-12 16:11:11 UTC</createdTime>
<generatorID>70B83CC3-F2F7-BE63-25FC-1B54DB62909E</generatorID>
<ownerDesignName>eft_s9</ownerDesignName>
<useDomainConstraints>false</useDomainConstraints>
<use>1</use>
<logicalDatatype>LOGDT019</logicalDatatype>
<dataTypePrecision>10</dataTypePrecision>
<ownDataTypeParameters>,,</ownDataTypeParameters>
<previousColumn>false</previousColumn>
<autoIncrementCycle>false</autoIncrementCycle>
<associations>
<colAssociation fkAssociation="6391C22D-9755-B103-B0CE-201687AB33FA" referredColumn="3C972611-2D23-7B34-C825-6EB1BCDCD4AC"/>
</associations>
</Column>
</columns>
<indexes itemClass="oracle.dbtools.crest.model.design.relational.Index">
<ind_PK_UK id="CE403FCA-848E-2A8E-9AE5-8BA331962624" name="ORDEN_MANTENCION_PK">
<createdBy>tazja</createdBy>
<createdTime>2025-10-12 15:52:59 UTC</createdTime>
<generatorID>969C2904-2CC9-8E1D-2582-1B20824DF931</generatorID>
<ownerDesignName>eft_s9</ownerDesignName>
<pk>true</pk>
<indexState>Primary Constraint</indexState>
<isSurrogateKey>false</isSurrogateKey>
<indexColumnUsage>
<colUsage columnID="349DC8CE-1900-8C72-B229-24E2C8542ED2"/>
</indexColumnUsage>
</ind_PK_UK>
<ind_PK_UK id="1204DC9F-63F5-2D46-619E-DD129EA9F0AB" name="O_MANTEN_MAQ_MAQUINA_FK">
<createdBy>tazja</createdBy>
<createdTime>2025-10-12 16:11:11 UTC</createdTime>
<generatorID>A3F547B0-17DE-8B71-E394-0131472C522F</generatorID>
<ownerDesignName>eft_s9</ownerDesignName>
<indexState>Foreign Key</indexState>
<isSurrogateKey>false</isSurrogateKey>
<indexColumnUsage>
<colUsage columnID="A7FD43BF-3C74-2701-CE3E-D74CFBAB14B4"/>
<colUsage columnID="911F9594-8FB1-56A3-93E9-2470E558C8C9"/>
</indexColumnUsage>
</ind_PK_UK>
<ind_PK_UK id="36C3EE86-06D9-2140-C2C7-EB2F3DFCFAC5" name="O_MANTEN_MAQ_PERSONAL_FK">
<createdBy>tazja</createdBy>
<createdTime>2025-10-12 16:11:11 UTC</createdTime>
<generatorID>E29D0775-D733-73DA-4EC6-212306881338</generatorID>
<ownerDesignName>eft_s9</ownerDesignName>
<indexState>Foreign Key</indexState>
<isSurrogateKey>false</isSurrogateKey>
<indexColumnUsage>
<colUsage columnID="F712F757-1A98-7CAE-1134-1D3A7988666C"/>
</indexColumnUsage>
</ind_PK_UK>
</indexes>
</Table>