<?xml version = '1.0' encoding = 'UTF-8'?>
<Table class="oracle.dbtools.crest.model.design.relational.Table" directorySegmentName="seg_0" id="7DDF212A-5DFB-829D-A612-08B7C7B8AB1E" name="TEC_MANTENCION">
<createdBy>tazja</createdBy>
<createdTime>2025-10-12 15:52:59 UTC</createdTime>
<generatorID>23A7BA5C-2477-B4DD-52EE-787F86D5F703</generatorID>
<ownerDesignName>eft_s9</ownerDesignName>
<allowColumnReorder>false</allowColumnReorder>
<existDependencyGenerateInDDl>true</existDependencyGenerateInDDl>
<parsed>true</parsed>
<columns itemClass="oracle.dbtools.crest.model.design.relational.Column">
<Column name="PERSONAL_id_personal" id="83D3D953-C302-1AFE-4130-C6EF093B20B1">
<createdBy>tazja</createdBy>
<createdTime>2025-10-12 15:52:59 UTC</createdTime>
<generatorID>A160DA7D-0A54-AB8D-6E9D-64A084A74A46</generatorID>
<ownerDesignName>eft_s9</ownerDesignName>
<useDomainConstraints>false</useDomainConstraints>
<use>1</use>
<logicalDatatype>LOGDT019</logicalDatatype>
<dataTypePrecision>10</dataTypePrecision>
<ownDataTypeParameters>,,</ownDataTypeParameters>
<previousColumn>false</previousColumn>
<autoIncrementCycle>false</autoIncrementCycle>
<associations>
<colAssociation fkAssociation="E33EC024-42F1-E041-0D0A-B901B79EDF8B" referredColumn="3C972611-2D23-7B34-C825-6EB1BCDCD4AC"/>
</associations>
</Column>
<Column name="nivel_certificacion" id="C8F5B13D-EB62-5B77-9FD3-F79550280CC8">
<createdBy>tazja</createdBy>
<createdTime>2025-10-12 15:52:59 UTC</createdTime>
<generatorID>D89F4112-C025-112E-6184-0E5F6100EE18</generatorID>
<ownerDesignName>eft_s9</ownerDesignName>
<nullsAllowed>true</nullsAllowed>
<useDomainConstraints>false</useDomainConstraints>
<use>1</use>
<logicalDatatype>LOGDT024</logicalDatatype>
<dataTypeSize>100</dataTypeSize>
<ownDataTypeParameters>100,,</ownDataTypeParameters>
<autoIncrementCycle>false</autoIncrementCycle>
</Column>
<Column name="tiempo_respuesta" id="AD90D198-813C-1719-41F2-DF1378B708F0">
<createdBy>tazja</createdBy>
<createdTime>2025-10-12 15:52:59 UTC</createdTime>
<generatorID>096F93D5-0D04-2B06-3C9A-23EEE3B8050E</generatorID>
<ownerDesignName>eft_s9</ownerDesignName>
<useDomainConstraints>false</useDomainConstraints>
<use>1</use>
<logicalDatatype>LOGDT019</logicalDatatype>
<dataTypePrecision>10</dataTypePrecision>
<ownDataTypeParameters>,10,</ownDataTypeParameters>
<autoIncrementCycle>false</autoIncrementCycle>
</Column>
<Column name="ESPECIALIDAD_id_espec" id="7D3E7A33-3EC7-8EF3-4AE4-CCBAB2B2CBEF">
<createdBy>tazja</createdBy>
<createdTime>2025-10-12 15:52:59 UTC</createdTime>
<generatorID>D55D1F02-6C90-410E-4FD6-ADA04F803823</generatorID>
<ownerDesignName>eft_s9</ownerDesignName>
<useDomainConstraints>false</useDomainConstraints>
<use>1</use>
<logicalDatatype>LOGDT019</logicalDatatype>
<dataTypePrecision>10</dataTypePrecision>
<ownDataTypeParameters>,,</ownDataTypeParameters>
<previousColumn>false</previousColumn>
<autoIncrementCycle>false</autoIncrementCycle>
<associations>
<colAssociation fkAssociation="CAE3F67E-FF57-0E07-9EF2-F4207027AD27" referredColumn="76F6A7A1-1E27-67BB-16A6-0307020BB398"/>
</associations>
</Column>
</columns>
<indexes itemClass="oracle.dbtools.crest.model.design.relational.Index">
<ind_PK_UK id="8944B3EA-1EF8-06AF-D156-C9171D604370" name="TEC_MANTENCION_ESPECIALIDAD_FK">
<createdBy>tazja</createdBy>
<createdTime>2025-10-12 15:52:59 UTC</createdTime>
<generatorID>415056F5-D5E4-FC06-87C3-DB08E1E45B18</generatorID>
<ownerDesignName>eft_s9</ownerDesignName>
<indexState>Foreign Key</indexState>
<isSurrogateKey>false</isSurrogateKey>
<indexColumnUsage>
<colUsage columnID="7D3E7A33-3EC7-8EF3-4AE4-CCBAB2B2CBEF"/>
</indexColumnUsage>
</ind_PK_UK>
<ind_PK_UK id="9E4ADB73-0D75-77D6-3FC9-2FE694259B87" name="TEC_MANTENCION_PERSONAL_FK">
<createdBy>tazja</createdBy>
<createdTime>2025-10-12 15:52:59 UTC</createdTime>
<generatorID>1593E645-69D5-2A4C-EBF7-761FA4F00010</generatorID>
<ownerDesignName>eft_s9</ownerDesignName>
<indexState>Foreign Key</indexState>
<isSurrogateKey>false</isSurrogateKey>
<indexColumnUsage>
<colUsage columnID="83D3D953-C302-1AFE-4130-C6EF093B20B1"/>
</indexColumnUsage>
</ind_PK_UK>
</indexes>
</Table>