<?xml version = '1.0' encoding = 'UTF-8'?>
<Table class="oracle.dbtools.crest.model.design.relational.Table" directorySegmentName="seg_0" id="80F93AAB-27F6-14FF-4509-BE9655DCB5EA" name="ESPECIALIDAD">
<createdBy>tazja</createdBy>
<createdTime>2025-10-12 15:52:59 UTC</createdTime>
<generatorID>B56465C8-A242-E5CA-3435-E64F133B2EDE</generatorID>
<ownerDesignName>eft_s9</ownerDesignName>
<allowColumnReorder>false</allowColumnReorder>
<existDependencyGenerateInDDl>true</existDependencyGenerateInDDl>
<parsed>true</parsed>
<columns itemClass="oracle.dbtools.crest.model.design.relational.Column">
<Column name="id_espec" id="76F6A7A1-1E27-67BB-16A6-0307020BB398">
<createdBy>tazja</createdBy>
<createdTime>2025-10-12 15:52:59 UTC</createdTime>
<generatorID>7C119DBE-BC3B-B628-722E-AA18B043B07E</generatorID>
<ownerDesignName>eft_s9</ownerDesignName>
<useDomainConstraints>false</useDomainConstraints>
<use>1</use>
<logicalDatatype>LOGDT019</logicalDatatype>
<dataTypePrecision>10</dataTypePrecision>
<ownDataTypeParameters>,10,</ownDataTypeParameters>
<autoIncrementCycle>false</autoIncrementCycle>
</Column>
<Column name="nombre" id="350D6B31-1970-5771-D322-A5C9059AE0DA">
<createdBy>tazja</createdBy>
<createdTime>2025-10-12 15:52:59 UTC</createdTime>
<generatorID>F38E9100-A25D-7D59-A1F9-E30527F47E0C</generatorID>
<ownerDesignName>eft_s9</ownerDesignName>
<useDomainConstraints>false</useDomainConstraints>
<use>1</use>
<logicalDatatype>LOGDT024</logicalDatatype>
<dataTypeSize>100</dataTypeSize>
<ownDataTypeParameters>100,,</ownDataTypeParameters>
<autoIncrementCycle>false</autoIncrementCycle>
</Column>
</columns>
<indexes itemClass="oracle.dbtools.crest.model.design.relational.Index">
<ind_PK_UK id="3C9845F7-F2FC-62D7-EBF9-DD1B8F2ED407" name="ESPECIALIDAD_PK">
<createdBy>tazja</createdBy>
<createdTime>2025-10-12 15:52:59 UTC</createdTime>
<generatorID>EC611E58-4CBC-35BA-6922-A3C214711A84</generatorID>
<ownerDesignName>eft_s9</ownerDesignName>
<pk>true</pk>
<indexState>Primary Constraint</indexState>
<isSurrogateKey>false</isSurrogateKey>
<indexColumnUsage>
<colUsage columnID="76F6A7A1-1E27-67BB-16A6-0307020BB398"/>
</indexColumnUsage>
</ind_PK_UK>
</indexes>
</Table>