<?xml version = '1.0' encoding = 'UTF-8'?>
<Table class="oracle.dbtools.crest.model.design.relational.Table" directorySegmentName="seg_0" id="8176F6F3-337D-62B9-C577-EE5A04CEA474" name="MAQUINA">
<createdBy>tazja</createdBy>
<createdTime>2025-10-12 15:52:59 UTC</createdTime>
<generatorID>65C6EB20-F9CD-E848-734A-31CDBD5792D6</generatorID>
<ownerDesignName>eft_s9</ownerDesignName>
<allowColumnReorder>false</allowColumnReorder>
<existDependencyGenerateInDDl>true</existDependencyGenerateInDDl>
<parsed>true</parsed>
<columns itemClass="oracle.dbtools.crest.model.design.relational.Column">
<Column name="id_maquina" id="4793032C-5E9B-64F4-C939-B90D77938B31">
<createdBy>tazja</createdBy>
<createdTime>2025-10-12 15:52:59 UTC</createdTime>
<generatorID>30A249C0-C85D-C047-C7A4-7FBBE7226470</generatorID>
<ownerDesignName>eft_s9</ownerDesignName>
<useDomainConstraints>false</useDomainConstraints>
<use>1</use>
<logicalDatatype>LOGDT019</logicalDatatype>
<dataTypePrecision>10</dataTypePrecision>
<ownDataTypeParameters>,10,</ownDataTypeParameters>
<autoIncrementCycle>false</autoIncrementCycle>
</Column>
<Column name="nombre" id="9F1712A4-799E-BF62-FBD4-59E7A88E9EF8">
<createdBy>tazja</createdBy>
<createdTime>2025-10-12 15:52:59 UTC</createdTime>
<generatorID>F75949D2-1135-3EB8-7373-94D23D2863C3</generatorID>
<ownerDesignName>eft_s9</ownerDesignName>
<useDomainConstraints>false</useDomainConstraints>
<use>1</use>
<logicalDatatype>LOGDT024</logicalDatatype>
<dataTypeSize>100</dataTypeSize>
<ownDataTypeParameters>100,,</ownDataTypeParameters>
<autoIncrementCycle>false</autoIncrementCycle>
</Column>
<Column name="estado_activo" id="D1898DE8-1A48-1898-7D90-4F444689AA89">
<createdBy>tazja</createdBy>
<createdTime>2025-10-12 15:52:59 UTC</createdTime>
<generatorID>2568AAE8-A03D-460E-0680-CAF7C5109311</generatorID>
<ownerDesignName>eft_s9</ownerDesignName>
<useDomainConstraints>false</useDomainConstraints>
<use>1</use>
<logicalDatatype>LOGDT025</logicalDatatype>
<dataTypeSize>1</dataTypeSize>
<ownDataTypeParameters>1,,</ownDataTypeParameters>
<autoIncrementCycle>false</autoIncrementCycle>
</Column>
<Column name="tipo" id="FD4F8A46-0D64-062C-DB67-AF32C889F495">
<createdBy>tazja</createdBy>
<createdTime>2025-10-12 15:52:59 UTC</createdTime>
<generatorID>5B5D0105-18BD-00C2-DDF0-764E32D792A3</generatorID>
<ownerDesignName>eft_s9</ownerDesignName>
<useDomainConstraints>false</useDomainConstraints>
<use>1</use>
<logicalDatatype>LOGDT024</logicalDatatype>
<dataTypeSize>100</dataTypeSize>
<ownDataTypeParameters>100,,</ownDataTypeParameters>
<autoIncrementCycle>false</autoIncrementCycle>
</Column>
<Column name="PLANTA_id_planta" id="1DFB6148-CE86-33FB-0206-6D8F53936A15">
<createdBy>tazja</createdBy>
<createdTime>2025-10-12 15:52:59 UTC</createdTime>
<generatorID>5EC99DE9-2A96-1DA2-F0DE-556394AC0588</generatorID>
<ownerDesignName>eft_s9</ownerDesignName>
<useDomainConstraints>false</useDomainConstraints>
<use>1</use>
<logicalDatatype>LOGDT019</logicalDatatype>
<dataTypePrecision>10</dataTypePrecision>
<ownDataTypeParameters>,,</ownDataTypeParameters>
<previousColumn>false</previousColumn>
<autoIncrementCycle>false</autoIncrementCycle>
<associations>
<colAssociation fkAssociation="CEB46110-6155-D5C9-98AD-EE09C029AAAE" referredColumn="D072ABA8-8C47-8ED1-D314-F347BFF7B9E6"/>
</associations>
</Column>
<Column name="T_MAQUINA_id_tipo" id="F2D0038A-A82B-1BCE-2017-FEB4DF7E7394">
<createdBy>tazja</createdBy>
<createdTime>2025-10-12 16:28:54 UTC</createdTime>
<generatorID>D43E0AE0-741E-8EEF-A105-FCAB55B3D1B3</generatorID>
<ownerDesignName>eft_s9</ownerDesignName>
<useDomainConstraints>false</useDomainConstraints>
<use>1</use>
<logicalDatatype>LOGDT019</logicalDatatype>
<dataTypePrecision>10</dataTypePrecision>
<ownDataTypeParameters>,,</ownDataTypeParameters>
<previousColumn>false</previousColumn>
<autoIncrementCycle>false</autoIncrementCycle>
<associations>
<colAssociation fkAssociation="516323C7-12AA-2EB5-FE86-99A8615AA5C3" referredColumn="56E8103C-2564-809B-820A-7C9851BC833B"/>
</associations>
</Column>
</columns>
<indexes itemClass="oracle.dbtools.crest.model.design.relational.Index">
<ind_PK_UK id="4ABED1F8-1C1A-9D0C-AB17-B08682236A7E" name="MAQUINA_PK">
<createdBy>tazja</createdBy>
<createdTime>2025-10-12 15:52:59 UTC</createdTime>
<generatorID>11BB764D-F462-70A2-86F9-48592E62A831</generatorID>
<ownerDesignName>eft_s9</ownerDesignName>
<pk>true</pk>
<indexState>Primary Constraint</indexState>
<isSurrogateKey>false</isSurrogateKey>
<indexColumnUsage>
<colUsage columnID="4793032C-5E9B-64F4-C939-B90D77938B31"/>
<colUsage columnID="1DFB6148-CE86-33FB-0206-6D8F53936A15"/>
</indexColumnUsage>
</ind_PK_UK>
<ind_PK_UK id="AD548806-39D9-DAC9-E4E7-7E45E0D4DC73" name="MAQUINA_PLANTA_FK">
<createdBy>tazja</createdBy>
<createdTime>2025-10-12 15:52:59 UTC</createdTime>
<generatorID>71E6E11A-8DCA-0F3E-C6E5-F4F7455F19BF</generatorID>
<ownerDesignName>eft_s9</ownerDesignName>
<indexState>Foreign Key</indexState>
<isSurrogateKey>false</isSurrogateKey>
<indexColumnUsage>
<colUsage columnID="1DFB6148-CE86-33FB-0206-6D8F53936A15"/>
</indexColumnUsage>
</ind_PK_UK>
<ind_PK_UK id="87FE53B1-D77C-FA15-4384-FAB0169C531B" name="MAQUINA_T_MAQUINA_FK">
<createdBy>tazja</createdBy>
<createdTime>2025-10-12 16:28:54 UTC</createdTime>
<generatorID>1910B86D-F2DC-F8BC-2A6F-612857D9CADF</generatorID>
<ownerDesignName>eft_s9</ownerDesignName>
<indexState>Foreign Key</indexState>
<isSurrogateKey>false</isSurrogateKey>
<indexColumnUsage>
<colUsage columnID="F2D0038A-A82B-1BCE-2017-FEB4DF7E7394"/>
</indexColumnUsage>
</ind_PK_UK>
</indexes>
</Table>