<?xml version = '1.0' encoding = 'UTF-8'?>
<Table class="oracle.dbtools.crest.model.design.relational.Table" directorySegmentName="seg_0" id="C3B2F7B4-DFF7-9F5C-B873-D576532C5064" name="PERSONAL">
<createdBy>tazja</createdBy>
<createdTime>2025-10-12 15:52:59 UTC</createdTime>
<generatorID>E182BF22-8605-93F7-F759-86C203F84D4D</generatorID>
<ownerDesignName>eft_s9</ownerDesignName>
<allowColumnReorder>false</allowColumnReorder>
<existDependencyGenerateInDDl>true</existDependencyGenerateInDDl>
<parsed>true</parsed>
<columns itemClass="oracle.dbtools.crest.model.design.relational.Column">
<Column name="id_personal" id="3C972611-2D23-7B34-C825-6EB1BCDCD4AC">
<createdBy>tazja</createdBy>
<createdTime>2025-10-12 15:52:59 UTC</createdTime>
<generatorID>3FB12732-D0F6-6C8C-40E8-30EFEB44A11F</generatorID>
<ownerDesignName>eft_s9</ownerDesignName>
<useDomainConstraints>false</useDomainConstraints>
<use>1</use>
<logicalDatatype>LOGDT019</logicalDatatype>
<dataTypePrecision>10</dataTypePrecision>
<ownDataTypeParameters>,10,</ownDataTypeParameters>
<autoIncrementCycle>false</autoIncrementCycle>
</Column>
<Column name="rut" id="8544816F-842E-170B-19F0-D3228D9AE67D">
<createdBy>tazja</createdBy>
<createdTime>2025-10-12 15:52:59 UTC</createdTime>
<generatorID>548D31B9-E47E-A317-4EB3-3AEBC2E7CDC6</generatorID>
<ownerDesignName>eft_s9</ownerDesignName>
<useDomainConstraints>false</useDomainConstraints>
<use>1</use>
<logicalDatatype>LOGDT019</logicalDatatype>
<dataTypePrecision>10</dataTypePrecision>
<ownDataTypeParameters>,10,</ownDataTypeParameters>
<autoIncrementCycle>false</autoIncrementCycle>
</Column>
<Column name="dv" id="56D75E3B-8A4C-6D94-36CC-62DC7D070D77">
<createdBy>tazja</createdBy>
<createdTime>2025-10-12 15:52:59 UTC</createdTime>
<generatorID>5BC659C5-2CE7-A282-D27A-AAEEECA97A51</generatorID>
<ownerDesignName>eft_s9</ownerDesignName>
<useDomainConstraints>false</useDomainConstraints>
<use>1</use>
<logicalDatatype>LOGDT025</logicalDatatype>
<dataTypeSize>1</dataTypeSize>
<ownDataTypeParameters>1,,</ownDataTypeParameters>
<autoIncrementCycle>false</autoIncrementCycle>
</Column>
<Column name="nombres" id="CD25A83F-09B7-573F-CBE6-A039F459306B">
<createdBy>tazja</createdBy>
<createdTime>2025-10-12 15:52:59 UTC</createdTime>
<generatorID>2E189A47-FAC3-5C62-8ED6-EE867483BAD3</generatorID>
<ownerDesignName>eft_s9</ownerDesignName>
<useDomainConstraints>false</useDomainConstraints>
<use>1</use>
<logicalDatatype>LOGDT024</logicalDatatype>
<dataTypeSize>100</dataTypeSize>
<ownDataTypeParameters>100,,</ownDataTypeParameters>
<autoIncrementCycle>false</autoIncrementCycle>
</Column>
<Column name="apellido_paterno" id="A5934A46-1741-9DC1-4BDA-894775866A4D">
<createdBy>tazja</createdBy>
<createdTime>2025-10-12 15:52:59 UTC</createdTime>
<generatorID>CF95528A-B6AD-4A43-A16D-A5E5A4FA39BA</generatorID>
<ownerDesignName>eft_s9</ownerDesignName>
<useDomainConstraints>false</useDomainConstraints>
<use>1</use>
<logicalDatatype>LOGDT024</logicalDatatype>
<dataTypeSize>100</dataTypeSize>
<ownDataTypeParameters>100,,</ownDataTypeParameters>
<autoIncrementCycle>false</autoIncrementCycle>
</Column>
<Column name="apellido_materno" id="FDED8BF2-526E-82AC-EA40-F895E30ACF69">
<createdBy>tazja</createdBy>
<createdTime>2025-10-12 15:52:59 UTC</createdTime>
<generatorID>DBA8815F-EEDF-D368-F6D6-1A1698D444AF</generatorID>
<ownerDesignName>eft_s9</ownerDesignName>
<useDomainConstraints>false</useDomainConstraints>
<use>1</use>
<logicalDatatype>LOGDT024</logicalDatatype>
<dataTypeSize>100</dataTypeSize>
<ownDataTypeParameters>100,,</ownDataTypeParameters>
<autoIncrementCycle>false</autoIncrementCycle>
</Column>
<Column name="fecha_contratacion" id="5086FE81-3F98-65B1-414E-98A63013F858">
<createdBy>tazja</createdBy>
<createdTime>2025-10-12 15:52:59 UTC</createdTime>
<generatorID>38C60FEA-F97A-006E-502B-BFE6641F01DE</generatorID>
<ownerDesignName>eft_s9</ownerDesignName>
<useDomainConstraints>false</useDomainConstraints>
<use>1</use>
<logicalDatatype>LOGDT007</logicalDatatype>
<ownDataTypeParameters>,,</ownDataTypeParameters>
<autoIncrementCycle>false</autoIncrementCycle>
</Column>
<Column name="sueldo_base" id="78862D1C-852B-9398-E5B2-863C93872AC4">
<createdBy>tazja</createdBy>
<createdTime>2025-10-12 15:52:59 UTC</createdTime>
<generatorID>C2C07BAB-54D3-4B43-AC10-A460476C605A</generatorID>
<ownerDesignName>eft_s9</ownerDesignName>
<useDomainConstraints>false</useDomainConstraints>
<use>1</use>
<logicalDatatype>LOGDT019</logicalDatatype>
<dataTypePrecision>10</dataTypePrecision>
<ownDataTypeParameters>,10,</ownDataTypeParameters>
<autoIncrementCycle>false</autoIncrementCycle>
</Column>
<Column name="estado_activo" id="DA1E5683-25D3-A704-900B-B5C1C422D34C">
<createdBy>tazja</createdBy>
<createdTime>2025-10-12 15:52:59 UTC</createdTime>
<generatorID>904E1AF2-EFEA-D851-F4C6-E8DE7A5B7484</generatorID>
<ownerDesignName>eft_s9</ownerDesignName>
<constraintName>ck_personal_estado</constraintName>
<useDomainConstraints>false</useDomainConstraints>
<use>1</use>
<logicalDatatype>LOGDT025</logicalDatatype>
<dataTypeSize>1</dataTypeSize>
<defaultValue>s</defaultValue>
<ownDataTypeParameters>1,,</ownDataTypeParameters>
<autoIncrementCycle>false</autoIncrementCycle>
</Column>
<Column name="PLANTA_id_planta" id="AC0A94AA-F3A2-D4C7-FB50-A0EECA0D48AA">
<createdBy>tazja</createdBy>
<createdTime>2025-10-12 15:52:59 UTC</createdTime>
<generatorID>EBDEB55A-B8C0-FDB0-B24A-6188CD8F73C3</generatorID>
<ownerDesignName>eft_s9</ownerDesignName>
<useDomainConstraints>false</useDomainConstraints>
<use>1</use>
<logicalDatatype>LOGDT019</logicalDatatype>
<dataTypePrecision>10</dataTypePrecision>
<ownDataTypeParameters>,,</ownDataTypeParameters>
<previousColumn>false</previousColumn>
<autoIncrementCycle>false</autoIncrementCycle>
<associations>
<colAssociation fkAssociation="3BC2C638-4AB9-301F-D012-25F30331B9F8" referredColumn="D072ABA8-8C47-8ED1-D314-F347BFF7B9E6"/>
</associations>
</Column>
<Column name="AFP_id_afp" id="60DFE1F3-B8E6-2120-9F95-ECF866179253">
<createdBy>tazja</createdBy>
<createdTime>2025-10-12 15:52:59 UTC</createdTime>
<generatorID>E09AEC0C-BEE0-11F3-E01D-AD818BBC3C13</generatorID>
<ownerDesignName>eft_s9</ownerDesignName>
<useDomainConstraints>false</useDomainConstraints>
<use>1</use>
<logicalDatatype>LOGDT019</logicalDatatype>
<dataTypePrecision>10</dataTypePrecision>
<ownDataTypeParameters>,,</ownDataTypeParameters>
<previousColumn>false</previousColumn>
<autoIncrementCycle>false</autoIncrementCycle>
<associations>
<colAssociation fkAssociation="7B2F04DA-2293-23A3-F4F4-E515F4446BB3" referredColumn="19E5B5C6-D361-E520-C050-AC1B9DE80DA6"/>
</associations>
</Column>
<Column name="SALUD_id_salud" id="37AAFCA1-2619-355E-D30B-1585D952DF90">
<createdBy>tazja</createdBy>
<createdTime>2025-10-12 15:52:59 UTC</createdTime>
<generatorID>910A3734-1AE6-66FF-2A78-32EE94365CFD</generatorID>
<ownerDesignName>eft_s9</ownerDesignName>
<useDomainConstraints>false</useDomainConstraints>
<use>1</use>
<logicalDatatype>LOGDT019</logicalDatatype>
<dataTypePrecision>10</dataTypePrecision>
<ownDataTypeParameters>,,</ownDataTypeParameters>
<previousColumn>false</previousColumn>
<autoIncrementCycle>false</autoIncrementCycle>
<associations>
<colAssociation fkAssociation="D3E7FD0F-A9BD-D2C0-48A6-5213F972BE44" referredColumn="1ABEBEAD-42FA-1E56-0397-C984621FAB37"/>
</associations>
</Column>
<Column name="tipo" id="9D3CE3F7-5FCF-7ECD-8722-3F00CA798353">
<createdBy>tazja</createdBy>
<createdTime>2025-10-12 15:52:59 UTC</createdTime>
<generatorID>4BCFCDF7-ADF5-B1E7-8A5F-517EFAA8EBA2</generatorID>
<ownerDesignName>eft_s9</ownerDesignName>
<useDomainConstraints>false</useDomainConstraints>
<use>1</use>
<logicalDatatype>LOGDT024</logicalDatatype>
<dataTypeSize>100</dataTypeSize>
<ownDataTypeParameters>100,,</ownDataTypeParameters>
<autoIncrementCycle>false</autoIncrementCycle>
</Column>
<Column name="PERSONAL_id_personal" id="59EEAF60-D1F8-644B-BC91-38CC233868DA">
<createdBy>tazja</createdBy>
<createdTime>2025-10-12 15:52:59 UTC</createdTime>
<generatorID>ABB41C62-BE99-9693-8439-85D56931B9CF</generatorID>
<ownerDesignName>eft_s9</ownerDesignName>
<nullsAllowed>true</nullsAllowed>
<useDomainConstraints>false</useDomainConstraints>
<use>1</use>
<logicalDatatype>LOGDT019</logicalDatatype>
<dataTypePrecision>10</dataTypePrecision>
<ownDataTypeParameters>,,</ownDataTypeParameters>
<previousColumn>false</previousColumn>
<autoIncrementCycle>false</autoIncrementCycle>
<associations>
<colAssociation fkAssociation="9ED61A4A-6EFC-8937-DD8A-DE7546367572" referredColumn="3C972611-2D23-7B34-C825-6EB1BCDCD4AC"/>
</associations>
</Column>
<Column name="TURNO_id_turno" id="8E808655-53D1-C447-2A9F-E55D7B0635E6">
<createdBy>tazja</createdBy>
<createdTime>2025-10-12 15:52:59 UTC</createdTime>
<generatorID>46EE1BD4-67E5-379B-9941-12F117F222D1</generatorID>
<ownerDesignName>eft_s9</ownerDesignName>
<useDomainConstraints>false</useDomainConstraints>
<use>1</use>
<logicalDatatype>LOGDT019</logicalDatatype>
<dataTypePrecision>10</dataTypePrecision>
<ownDataTypeParameters>,,</ownDataTypeParameters>
<previousColumn>false</previousColumn>
<autoIncrementCycle>false</autoIncrementCycle>
<associations>
<colAssociation fkAssociation="D4D13493-80BC-359A-F2BF-EBD283B4CD2D" referredColumn="CE71ED5E-6F43-236D-92EE-C18DE77D5A21"/>
</associations>
</Column>
</columns>
<indexes itemClass="oracle.dbtools.crest.model.design.relational.Index">
<ind_PK_UK id="0FB091F7-D4D5-E95D-8DA5-D505DA58C310" name="PERSONAL_PK">
<createdBy>tazja</createdBy>
<createdTime>2025-10-12 15:52:59 UTC</createdTime>
<generatorID>59D80237-D4E6-4FDB-121C-32298F14171C</generatorID>
<ownerDesignName>eft_s9</ownerDesignName>
<pk>true</pk>
<indexState>Primary Constraint</indexState>
<isSurrogateKey>false</isSurrogateKey>
<indexColumnUsage>
<colUsage columnID="3C972611-2D23-7B34-C825-6EB1BCDCD4AC"/>
</indexColumnUsage>
</ind_PK_UK>
<ind_PK_UK id="11BDD0C2-B25B-B2D1-2C9D-B5CC1459A864" name="PERSONAL__IDX">
<createdBy>tazja</createdBy>
<createdTime>2025-10-12 15:52:59 UTC</createdTime>
<ownerDesignName>eft_s9</ownerDesignName>
<indexState>Unique Plain Index</indexState>
<isSurrogateKey>false</isSurrogateKey>
<relationGeneratorID>BF572202-043A-5DCB-A5FB-5CB19011D70F</relationGeneratorID>
<indexColumnUsage>
<colUsage columnID="59EEAF60-D1F8-644B-BC91-38CC233868DA"/>
</indexColumnUsage>
</ind_PK_UK>
<ind_PK_UK id="F464F086-3AA7-6A50-A59E-46B0B275DF44" name="PERSONAL_PERSONAL_FK">
<createdBy>tazja</createdBy>
<createdTime>2025-10-12 15:52:59 UTC</createdTime>
<generatorID>BF572202-043A-5DCB-A5FB-5CB19011D70F</generatorID>
<ownerDesignName>eft_s9</ownerDesignName>
<indexState>Foreign Key</indexState>
<isSurrogateKey>false</isSurrogateKey>
<indexColumnUsage>
<colUsage columnID="59EEAF60-D1F8-644B-BC91-38CC233868DA"/>
</indexColumnUsage>
</ind_PK_UK>
<ind_PK_UK id="E893CA33-8682-8B43-3422-E248E29B5112" name="PERSONAL_TURNO_FK">
<createdBy>tazja</createdBy>
<createdTime>2025-10-12 15:52:59 UTC</createdTime>
<generatorID>6AD5ACF6-2B77-0FC6-327B-CC82685E4FB9</generatorID>
<ownerDesignName>eft_s9</ownerDesignName>
<indexState>Foreign Key</indexState>
<isSurrogateKey>false</isSurrogateKey>
<indexColumnUsage>
<colUsage columnID="8E808655-53D1-C447-2A9F-E55D7B0635E6"/>
</indexColumnUsage>
</ind_PK_UK>
<ind_PK_UK id="69124944-9D01-0403-6DD9-B41B02377B04" name="PERSONAL_PLANTA_FK">
<createdBy>tazja</createdBy>
<createdTime>2025-10-12 15:52:59 UTC</createdTime>
<generatorID>C7062373-E9F8-0747-D4FC-B3A427CBD045</generatorID>
<ownerDesignName>eft_s9</ownerDesignName>
<indexState>Foreign Key</indexState>
<isSurrogateKey>false</isSurrogateKey>
<indexColumnUsage>
<colUsage columnID="AC0A94AA-F3A2-D4C7-FB50-A0EECA0D48AA"/>
</indexColumnUsage>
</ind_PK_UK>
<ind_PK_UK id="3BEF112E-1680-20F8-82FB-B0DCD4DC985A" name="PERSONAL_AFP_FK">
<createdBy>tazja</createdBy>
<createdTime>2025-10-12 15:52:59 UTC</createdTime>
<generatorID>B51E6EE8-6D40-E555-A9AE-6113AA391031</generatorID>
<ownerDesignName>eft_s9</ownerDesignName>
<indexState>Foreign Key</indexState>
<isSurrogateKey>false</isSurrogateKey>
<indexColumnUsage>
<colUsage columnID="60DFE1F3-B8E6-2120-9F95-ECF866179253"/>
</indexColumnUsage>
</ind_PK_UK>
<ind_PK_UK id="A076CD7E-2010-D364-D37D-2A774B36403D" name="PERSONAL_SALUD_FK">
<createdBy>tazja</createdBy>
<createdTime>2025-10-12 15:52:59 UTC</createdTime>
<generatorID>B6811854-DF70-CA8F-FF7E-DF5C05BB1CD6</generatorID>
<ownerDesignName>eft_s9</ownerDesignName>
<indexState>Foreign Key</indexState>
<isSurrogateKey>false</isSurrogateKey>
<indexColumnUsage>
<colUsage columnID="37AAFCA1-2619-355E-D30B-1585D952DF90"/>
</indexColumnUsage>
</ind_PK_UK>
</indexes>
</Table>