<?xml version = '1.0' encoding = 'UTF-8'?>
<Arc class="oracle.dbtools.crest.model.design.logical.Arc" directorySegmentName="seg_0" id="57A928D6-8FDF-237F-AE2C-3DB3D45F9543" name="Arc_2">
<createdBy>tazja</createdBy>
<createdTime>2025-10-12 15:52:09 UTC</createdTime>
<ownerDesignName>eft_s9</ownerDesignName>
<engineerTo>
<item key="E4793CD7-1D8E-DA98-60F7-FC63C88A3318" value="true"/>
<item key="E5CD29F0-47BC-C752-8A26-DF427AA98FD8" value="true"/>
</engineerTo>
<entity>E182BF22-8605-93F7-F759-86C203F84D4D</entity>
<relations>
<relationID>1593E645-69D5-2A4C-EBF7-761FA4F00010</relationID>
<relationID>17FF552D-6418-1B64-D19B-F2DFA826712F</relationID>
<relationID>20C6FA87-723F-605D-A65E-C408F7694597</relationID>
</relations>
</Arc>