<?xml version = '1.0' encoding = 'UTF-8'?>
<Relation class="oracle.dbtools.crest.model.design.logical.Relation" name="Relation_19" directorySegmentName="seg_0" id="06327FE0-5890-AB5C-0E51-EF44138EDFE5">
<createdBy>tazja</createdBy>
<createdTime>2025-09-14 17:52:13 UTC</createdTime>
<ownerDesignName>centromedico</ownerDesignName>
<engineerTo>
<item key="20D05DA7-E5D8-2E92-D25A-90B7C6D78FCE" value="true"/>
</engineerTo>
<sourcePk>0A0E9E61-67F1-0410-F5FA-D3B1346E90CB</sourcePk>
<identifying>false</identifying>
<optionalSource>true</optionalSource>
<optionalTarget>false</optionalTarget>
<sourceCardinality>1</sourceCardinality>
<sourceEntity>9DF0BDFC-632C-AF91-066E-9001D584423C</sourceEntity>
<targetCardinalityString>*</targetCardinalityString>
<targetEntity>C189C11A-7F2A-7904-8021-FA58B81D6929</targetEntity>
<transferable>true</transferable>
<deleteRule>NO ACTION</deleteRule>
</Relation>