<?xml version = '1.0' encoding = 'UTF-8'?>
<Relation class="oracle.dbtools.crest.model.design.logical.Relation" name="Relation_2" directorySegmentName="seg_0" id="0DF9163E-C801-2BEB-B63C-1F962EF46D57">
<createdBy>tazja</createdBy>
<createdTime>2025-09-14 17:03:10 UTC</createdTime>
<ownerDesignName>centromedico</ownerDesignName>
<engineerTo>
<item key="20D05DA7-E5D8-2E92-D25A-90B7C6D78FCE" value="true"/>
</engineerTo>
<sourcePk>F5046DAB-E4D2-DD70-7722-434369C4CB17</sourcePk>
<identifying>false</identifying>
<optionalSource>true</optionalSource>
<optionalTarget>false</optionalTarget>
<sourceCardinality>1</sourceCardinality>
<sourceEntity>8C2AFE4B-87F8-14B8-767A-ACDFE518F583</sourceEntity>
<targetCardinalityString>*</targetCardinalityString>
<targetEntity>178D9C5B-5277-E25A-3551-B61225A1A7AB</targetEntity>
<transferable>true</transferable>
<deleteRule>NO ACTION</deleteRule>
</Relation>