<?xml version = '1.0' encoding = 'UTF-8'?>
<Relation class="oracle.dbtools.crest.model.design.logical.Relation" name="Relation_12" directorySegmentName="seg_0" id="5A45081C-5AB0-B925-AFEA-F2362E03C0EF">
<createdBy>tazja</createdBy>
<createdTime>2025-09-14 17:34:53 UTC</createdTime>
<ownerDesignName>centromedico</ownerDesignName>
<engineerTo>
<item key="20D05DA7-E5D8-2E92-D25A-90B7C6D78FCE" value="true"/>
</engineerTo>
<sourcePk>91055FE4-1DE0-65FA-D954-4F1DB30D670C</sourcePk>
<identifying>false</identifying>
<optionalSource>true</optionalSource>
<optionalTarget>false</optionalTarget>
<sourceCardinality>1</sourceCardinality>
<sourceEntity>53A2EDCF-92A8-A36F-EFA4-FD7E8ABE6039</sourceEntity>
<targetCardinalityString>*</targetCardinalityString>
<targetEntity>8C2AFE4B-87F8-14B8-767A-ACDFE518F583</targetEntity>
<transferable>true</transferable>
<deleteRule>NO ACTION</deleteRule>
</Relation>