<?xml version = '1.0' encoding = 'UTF-8'?>
<Relation class="oracle.dbtools.crest.model.design.logical.Relation" name="Relation_18" directorySegmentName="seg_0" id="5F0228F9-B25A-BE69-2AD4-91A88281469F">
<createdBy>tazja</createdBy>
<createdTime>2025-09-14 17:51:28 UTC</createdTime>
<ownerDesignName>centromedico</ownerDesignName>
<engineerTo>
<item key="20D05DA7-E5D8-2E92-D25A-90B7C6D78FCE" value="true"/>
</engineerTo>
<sourcePk>F5046DAB-E4D2-DD70-7722-434369C4CB17</sourcePk>
<identifying>false</identifying>
<optionalSource>true</optionalSource>
<optionalTarget>false</optionalTarget>
<sourceCardinality>1</sourceCardinality>
<sourceEntity>8C2AFE4B-87F8-14B8-767A-ACDFE518F583</sourceEntity>
<targetCardinalityString>*</targetCardinalityString>
<targetEntity>C189C11A-7F2A-7904-8021-FA58B81D6929</targetEntity>
<transferable>true</transferable>
<deleteRule>NO ACTION</deleteRule>
</Relation>