<?xml version = '1.0' encoding = 'UTF-8'?>
<Relation class="oracle.dbtools.crest.model.design.logical.Relation" name="Relation_16" directorySegmentName="seg_0" id="5F1E8046-0604-12BF-3CEE-2BE2205F0077">
<createdBy>tazja</createdBy>
<createdTime>2025-09-14 17:44:29 UTC</createdTime>
<ownerDesignName>centromedico</ownerDesignName>
<engineerTo>
<item key="20D05DA7-E5D8-2E92-D25A-90B7C6D78FCE" value="true"/>
</engineerTo>
<sourcePk>C87731B4-06CD-9E3C-C21E-E035674A5304</sourcePk>
<identifying>false</identifying>
<optionalSource>true</optionalSource>
<optionalTarget>false</optionalTarget>
<sourceCardinality>1</sourceCardinality>
<sourceEntity>F4D805B9-31A5-C4D2-5CEF-769CE2DEE27F</sourceEntity>
<targetCardinalityString>*</targetCardinalityString>
<targetEntity>9DF0BDFC-632C-AF91-066E-9001D584423C</targetEntity>
<transferable>true</transferable>
<deleteRule>NO ACTION</deleteRule>
</Relation>