<?xml version = '1.0' encoding = 'UTF-8'?>
<Relation class="oracle.dbtools.crest.model.design.logical.Relation" name="Relation_3" directorySegmentName="seg_0" id="833D0092-8DF4-159C-27A4-6997575B9435">
<createdBy>tazja</createdBy>
<createdTime>2025-09-14 17:03:19 UTC</createdTime>
<ownerDesignName>centromedico</ownerDesignName>
<engineerTo>
<item key="20D05DA7-E5D8-2E92-D25A-90B7C6D78FCE" value="true"/>
</engineerTo>
<sourcePk>A1625CBD-37B1-ED3E-E6AC-A025812E6ADD</sourcePk>
<identifying>false</identifying>
<optionalSource>true</optionalSource>
<optionalTarget>false</optionalTarget>
<sourceCardinality>1</sourceCardinality>
<sourceEntity>5C63799C-8A63-2340-EBFB-B841E8BAE9AD</sourceEntity>
<targetCardinalityString>*</targetCardinalityString>
<targetEntity>8C2AFE4B-87F8-14B8-767A-ACDFE518F583</targetEntity>
<transferable>true</transferable>
<deleteRule>NO ACTION</deleteRule>
</Relation>