<?xml version = '1.0' encoding = 'UTF-8'?>
<Relation class="oracle.dbtools.crest.model.design.logical.Relation" name="Relation_4" directorySegmentName="seg_0" id="A338FD4B-1B53-395B-B071-5F0ED1E90990">
<createdBy>tazja</createdBy>
<createdTime>2025-09-14 17:03:38 UTC</createdTime>
<ownerDesignName>centromedico</ownerDesignName>
<engineerTo>
<item key="20D05DA7-E5D8-2E92-D25A-90B7C6D78FCE" value="true"/>
</engineerTo>
<sourcePk>1DD21F2C-84C1-48F1-024C-32886FBE09E2</sourcePk>
<targetPk>CE88D880-490A-0971-4D5C-019C31C1D075</targetPk>
<identifying>false</identifying>
<optionalSource>false</optionalSource>
<optionalTarget>true</optionalTarget>
<sourceCardinality>1</sourceCardinality>
<sourceEntity>226EA02B-8525-24CB-5F50-C2919FCE0393</sourceEntity>
<targetCardinalityString>1</targetCardinalityString>
<targetEntity>178D9C5B-5277-E25A-3551-B61225A1A7AB</targetEntity>
<transferable>true</transferable>
<deleteRule>NO ACTION</deleteRule>
</Relation>