<?xml version = '1.0' encoding = 'UTF-8'?>
<Relation class="oracle.dbtools.crest.model.design.logical.Relation" name="Relation_15" directorySegmentName="seg_0" id="B527A093-8B17-B0FC-3B22-E79A434C1932">
<createdBy>tazja</createdBy>
<createdTime>2025-09-14 17:41:32 UTC</createdTime>
<ownerDesignName>centromedico</ownerDesignName>
<engineerTo>
<item key="20D05DA7-E5D8-2E92-D25A-90B7C6D78FCE" value="true"/>
</engineerTo>
<targetPk>F5046DAB-E4D2-DD70-7722-434369C4CB17</targetPk>
<identifying>false</identifying>
<optionalSource>false</optionalSource>
<optionalTarget>true</optionalTarget>
<sourceCardinality>1</sourceCardinality>
<sourceEntity>8C2AFE4B-87F8-14B8-767A-ACDFE518F583</sourceEntity>
<targetCardinalityString>*</targetCardinalityString>
<targetEntity>8C2AFE4B-87F8-14B8-767A-ACDFE518F583</targetEntity>
<transferable>true</transferable>
<deleteRule>NO ACTION</deleteRule>
</Relation>