<?xml version = '1.0' encoding = 'UTF-8'?>
<Relation class="oracle.dbtools.crest.model.design.logical.Relation" name="Relation_17" directorySegmentName="seg_0" id="C42F1562-46C9-D24E-814F-08A2A42D74A6">
<createdBy>tazja</createdBy>
<createdTime>2025-09-14 17:45:12 UTC</createdTime>
<ownerDesignName>centromedico</ownerDesignName>
<engineerTo>
<item key="20D05DA7-E5D8-2E92-D25A-90B7C6D78FCE" value="true"/>
</engineerTo>
<sourcePk>308C2507-AAFC-90AE-6BD9-436642B331AA</sourcePk>
<identifying>false</identifying>
<optionalSource>false</optionalSource>
<optionalTarget>false</optionalTarget>
<sourceCardinality>1</sourceCardinality>
<sourceEntity>2EBB52E5-4F12-5C7B-6D2D-EDC2F2DCED5A</sourceEntity>
<targetCardinalityString>*</targetCardinalityString>
<targetEntity>F4D805B9-31A5-C4D2-5CEF-769CE2DEE27F</targetEntity>
<transferable>true</transferable>
<deleteRule>NO ACTION</deleteRule>
</Relation>