<?xml version = '1.0' encoding = 'UTF-8'?>
<Relation class="oracle.dbtools.crest.model.design.logical.Relation" name="Relation_13" directorySegmentName="seg_0" id="D59C47AA-70E8-3500-D0B8-6184165833A2">
<createdBy>tazja</createdBy>
<createdTime>2025-09-14 17:39:23 UTC</createdTime>
<ownerDesignName>centromedico</ownerDesignName>
<engineerTo>
<item key="20D05DA7-E5D8-2E92-D25A-90B7C6D78FCE" value="true"/>
</engineerTo>
<sourcePk>023882B3-4FA9-DC79-D334-D1AFBB5A9671</sourcePk>
<identifying>false</identifying>
<optionalSource>true</optionalSource>
<optionalTarget>false</optionalTarget>
<sourceCardinality>1</sourceCardinality>
<sourceEntity>C910268A-4B8B-378C-D903-47752156CEA1</sourceEntity>
<targetCardinalityString>*</targetCardinalityString>
<targetEntity>8C2AFE4B-87F8-14B8-767A-ACDFE518F583</targetEntity>
<transferable>true</transferable>
<deleteRule>NO ACTION</deleteRule>
</Relation>