<?xml version = '1.0' encoding = 'UTF-8'?>
<Relation class="oracle.dbtools.crest.model.design.logical.Relation" name="Relation_5" directorySegmentName="seg_0" id="E0629386-F688-456B-1003-965FF01CE9FE">
<createdBy>tazja</createdBy>
<createdTime>2025-09-14 17:03:56 UTC</createdTime>
<ownerDesignName>centromedico</ownerDesignName>
<engineerTo>
<item key="20D05DA7-E5D8-2E92-D25A-90B7C6D78FCE" value="true"/>
</engineerTo>
<sourcePk>0A0E9E61-67F1-0410-F5FA-D3B1346E90CB</sourcePk>
<identifying>false</identifying>
<optionalSource>true</optionalSource>
<optionalTarget>false</optionalTarget>
<sourceCardinality>1</sourceCardinality>
<sourceEntity>9DF0BDFC-632C-AF91-066E-9001D584423C</sourceEntity>
<targetCardinalityString>*</targetCardinalityString>
<targetEntity>178D9C5B-5277-E25A-3551-B61225A1A7AB</targetEntity>
<transferable>true</transferable>
<deleteRule>NO ACTION</deleteRule>
</Relation>