<?xml version = '1.0' encoding = 'UTF-8'?>
<Relation class="oracle.dbtools.crest.model.design.logical.Relation" name="Relation_23" directorySegmentName="seg_0" id="E264762F-DDAF-1A66-8C47-926036C109D0">
<createdBy>tazja</createdBy>
<createdTime>2025-09-14 18:20:14 UTC</createdTime>
<ownerDesignName>centromedico</ownerDesignName>
<engineerTo>
<item key="20D05DA7-E5D8-2E92-D25A-90B7C6D78FCE" value="true"/>
</engineerTo>
<sourcePk>FDA64398-BA29-9EB0-0C1C-282E508C2FF9</sourcePk>
<identifying>false</identifying>
<optionalSource>true</optionalSource>
<optionalTarget>false</optionalTarget>
<sourceCardinality>1</sourceCardinality>
<sourceEntity>9D7D663A-65B3-8BD8-BA82-9D2B1EA93D2B</sourceEntity>
<targetCardinalityString>*</targetCardinalityString>
<targetEntity>9DF0BDFC-632C-AF91-066E-9001D584423C</targetEntity>
<transferable>true</transferable>
<deleteRule>NO ACTION</deleteRule>
</Relation>