<?xml version = '1.0' encoding = 'UTF-8'?>
<Relation class="oracle.dbtools.crest.model.design.logical.Relation" name="Relation_14" directorySegmentName="seg_0" id="E62AC60C-2F7F-1E2F-7937-00CC7159D34C">
<createdBy>tazja</createdBy>
<createdTime>2025-09-14 17:40:31 UTC</createdTime>
<ownerDesignName>centromedico</ownerDesignName>
<engineerTo>
<item key="20D05DA7-E5D8-2E92-D25A-90B7C6D78FCE" value="true"/>
</engineerTo>
<sourcePk>46146F9C-B9A3-E014-9246-5228AAE92AC4</sourcePk>
<identifying>false</identifying>
<optionalSource>true</optionalSource>
<optionalTarget>false</optionalTarget>
<sourceCardinality>1</sourceCardinality>
<sourceEntity>522AFE41-8572-B983-908A-3AEC13E4C3C5</sourceEntity>
<targetCardinalityString>*</targetCardinalityString>
<targetEntity>8C2AFE4B-87F8-14B8-767A-ACDFE518F583</targetEntity>
<transferable>true</transferable>
<deleteRule>NO ACTION</deleteRule>
</Relation>