<?xml version = '1.0' encoding = 'UTF-8'?>
<Relation class="oracle.dbtools.crest.model.design.logical.Relation" name="Relation_10" directorySegmentName="seg_0" id="FD2A705F-11A8-282D-3E69-89FD6CAC49D3">
<createdBy>tazja</createdBy>
<createdTime>2025-09-14 17:19:22 UTC</createdTime>
<ownerDesignName>centromedico</ownerDesignName>
<engineerTo>
<item key="20D05DA7-E5D8-2E92-D25A-90B7C6D78FCE" value="true"/>
</engineerTo>
<sourcePk>9D74B085-7C92-9057-92D4-1A945FF36D3E</sourcePk>
<identifying>false</identifying>
<optionalSource>true</optionalSource>
<optionalTarget>false</optionalTarget>
<sourceCardinality>1</sourceCardinality>
<sourceEntity>131AD729-B8A8-F7F9-1A1A-CC1CC0CC0AC5</sourceEntity>
<targetCardinalityString>*</targetCardinalityString>
<targetEntity>178D9C5B-5277-E25A-3551-B61225A1A7AB</targetEntity>
<transferable>true</transferable>
<deleteRule>NO ACTION</deleteRule>
</Relation>