<?xml version = '1.0' encoding = 'UTF-8'?>
<FKIndexAssociation class="oracle.dbtools.crest.model.design.relational.FKIndexAssociation" directorySegmentName="seg_0" id="085B0A3A-0941-7807-5449-C6A1A0370631" containerWithKeyObject="CD58B33A-A876-E71C-18C5-8B84E2E155DD" localFKIndex="0BC1F4A4-9D5A-55B7-47DA-722C5981AF8E" name="PACIENTE_SEXO_FK">
<createdBy>tazja</createdBy>
<createdTime>2025-09-14 19:06:31 UTC</createdTime>
<generatorID>E264762F-DDAF-1A66-8C47-926036C109D0</generatorID>
<ownerDesignName>centromedico</ownerDesignName>
<referredTableLongName>SEXO</referredTableLongName>
<deleteRule>NO ACTION</deleteRule>
<referredTableID>FCB1C51C-F05B-03BA-D742-C1F8D1A6C65C</referredTableID>
<keyObject>69FFE92F-1DC1-D233-37B5-14E375D7457E</keyObject>
<referredKeyID>69FFE92F-1DC1-D233-37B5-14E375D7457E</referredKeyID>
<mandatory>true</mandatory>
<refColNames>id_sexo</refColNames>
<transferable>true</transferable>
<rely>false</rely>
<columnDependencyConstraintGenerateInDDL>true</columnDependencyConstraintGenerateInDDL>
</FKIndexAssociation>