<?xml version = '1.0' encoding = 'UTF-8'?>
<FKIndexAssociation class="oracle.dbtools.crest.model.design.relational.FKIndexAssociation" directorySegmentName="seg_0" id="0EEDA832-848F-DE29-4FA1-EEE72DCC3C65" containerWithKeyObject="30BC2056-B1C2-C332-FD3C-FA3D534EAFBD" localFKIndex="BD140CA3-3C7B-84ED-51D1-35BB9E917DD9" name="MEDICO_CENTRO_MEDICO_FK">
<createdBy>tazja</createdBy>
<createdTime>2025-09-14 19:06:31 UTC</createdTime>
<generatorID>5A45081C-5AB0-B925-AFEA-F2362E03C0EF</generatorID>
<ownerDesignName>centromedico</ownerDesignName>
<referredTableLongName>CENTRO_MEDICO</referredTableLongName>
<deleteRule>NO ACTION</deleteRule>
<referredTableID>7214D9EB-810F-8768-4D0C-C2D4B7745711</referredTableID>
<keyObject>667B9166-263B-C5B6-EA95-27E8D3DC35D4</keyObject>
<referredKeyID>667B9166-263B-C5B6-EA95-27E8D3DC35D4</referredKeyID>
<mandatory>true</mandatory>
<refColNames>id_centro_medico</refColNames>
<transferable>true</transferable>
<rely>false</rely>
<columnDependencyConstraintGenerateInDDL>true</columnDependencyConstraintGenerateInDDL>
</FKIndexAssociation>