<?xml version = '1.0' encoding = 'UTF-8'?>
<FKIndexAssociation class="oracle.dbtools.crest.model.design.relational.FKIndexAssociation" directorySegmentName="seg_0" id="36C8ED2C-8121-B26C-21E1-9ED654D6AD31" containerWithKeyObject="EBEFB77A-5F1E-E997-963B-E096C2E949C2" localFKIndex="3B94B889-DDE7-3280-C84E-2365522521A5" name="ATENCION_MEDICA_MEDICO_FK">
<createdBy>tazja</createdBy>
<createdTime>2025-09-14 19:06:31 UTC</createdTime>
<generatorID>0DF9163E-C801-2BEB-B63C-1F962EF46D57</generatorID>
<ownerDesignName>centromedico</ownerDesignName>
<referredTableLongName>MEDICO</referredTableLongName>
<deleteRule>NO ACTION</deleteRule>
<referredTableID>30BC2056-B1C2-C332-FD3C-FA3D534EAFBD</referredTableID>
<keyObject>804D0346-FD3D-6A6A-D9A7-9618AE558338</keyObject>
<referredKeyID>804D0346-FD3D-6A6A-D9A7-9618AE558338</referredKeyID>
<mandatory>true</mandatory>
<refColNames>id_medico</refColNames>
<transferable>true</transferable>
<rely>false</rely>
<columnDependencyConstraintGenerateInDDL>true</columnDependencyConstraintGenerateInDDL>
</FKIndexAssociation>