<?xml version = '1.0' encoding = 'UTF-8'?>
<FKIndexAssociation class="oracle.dbtools.crest.model.design.relational.FKIndexAssociation" directorySegmentName="seg_0" id="3A33919A-81F4-8C7B-61A9-7816BF6D79C7" containerWithKeyObject="EBEFB77A-5F1E-E997-963B-E096C2E949C2" localFKIndex="7C929CC8-DAA2-F488-3C8E-69968948C36F" name="ATENCION_MEDICA_CONSULTA_FK">
<createdBy>tazja</createdBy>
<createdTime>2025-09-14 19:06:31 UTC</createdTime>
<generatorID>FD2A705F-11A8-282D-3E69-89FD6CAC49D3</generatorID>
<ownerDesignName>centromedico</ownerDesignName>
<referredTableLongName>CONSULTA</referredTableLongName>
<deleteRule>NO ACTION</deleteRule>
<referredTableID>2DA573E5-09D0-D765-C543-3D2A4E4B07F5</referredTableID>
<keyObject>6367069A-9927-2E5A-136A-37248ED10EE7</keyObject>
<referredKeyID>6367069A-9927-2E5A-136A-37248ED10EE7</referredKeyID>
<mandatory>true</mandatory>
<refColNames>id_tipo</refColNames>
<transferable>true</transferable>
<rely>false</rely>
<columnDependencyConstraintGenerateInDDL>true</columnDependencyConstraintGenerateInDDL>
</FKIndexAssociation>