<?xml version = '1.0' encoding = 'UTF-8'?>
<FKIndexAssociation class="oracle.dbtools.crest.model.design.relational.FKIndexAssociation" directorySegmentName="seg_0" id="53951BA4-89B9-CBAF-4DD2-419E501C1EE9" containerWithKeyObject="30BC2056-B1C2-C332-FD3C-FA3D534EAFBD" localFKIndex="60797DD0-ACBC-0B78-AE4D-B5FABF30B454" name="MEDICO_MEDICO_FK">
<createdBy>tazja</createdBy>
<createdTime>2025-09-14 19:06:31 UTC</createdTime>
<generatorID>B527A093-8B17-B0FC-3B22-E79A434C1932</generatorID>
<ownerDesignName>centromedico</ownerDesignName>
<referredTableLongName>MEDICO</referredTableLongName>
<deleteRule>NO ACTION</deleteRule>
<referredTableID>30BC2056-B1C2-C332-FD3C-FA3D534EAFBD</referredTableID>
<keyObject>804D0346-FD3D-6A6A-D9A7-9618AE558338</keyObject>
<referredKeyID>804D0346-FD3D-6A6A-D9A7-9618AE558338</referredKeyID>
<mandatory>false</mandatory>
<refColNames>id_medico</refColNames>
<transferable>true</transferable>
<rely>false</rely>
<columnDependencyConstraintGenerateInDDL>true</columnDependencyConstraintGenerateInDDL>
</FKIndexAssociation>