<?xml version = '1.0' encoding = 'UTF-8'?>
<FKIndexAssociation class="oracle.dbtools.crest.model.design.relational.FKIndexAssociation" directorySegmentName="seg_0" id="5B8AF668-3CA1-B52E-8744-A96A7823A5A5" containerWithKeyObject="59EAC3E2-A525-B5F4-D0C2-13B22D19522D" localFKIndex="DC4ADCAE-6A1F-E11E-F359-ED81E85179F1" name="EXAMEN_LABORATORIO_PACIENTE_FK">
<createdBy>tazja</createdBy>
<createdTime>2025-09-14 19:06:31 UTC</createdTime>
<generatorID>06327FE0-5890-AB5C-0E51-EF44138EDFE5</generatorID>
<ownerDesignName>centromedico</ownerDesignName>
<referredTableLongName>PACIENTE</referredTableLongName>
<deleteRule>NO ACTION</deleteRule>
<referredTableID>CD58B33A-A876-E71C-18C5-8B84E2E155DD</referredTableID>
<keyObject>CA88F564-0BF6-CFF3-C51F-28BA0F73F027</keyObject>
<referredKeyID>CA88F564-0BF6-CFF3-C51F-28BA0F73F027</referredKeyID>
<mandatory>true</mandatory>
<refColNames>id_paciente</refColNames>
<transferable>true</transferable>
<rely>false</rely>
<columnDependencyConstraintGenerateInDDL>true</columnDependencyConstraintGenerateInDDL>
</FKIndexAssociation>