<?xml version = '1.0' encoding = 'UTF-8'?>
<FKIndexAssociation class="oracle.dbtools.crest.model.design.relational.FKIndexAssociation" directorySegmentName="seg_0" id="5EC8AD28-1BC8-6146-6F22-9A5F59E617BE" containerWithKeyObject="AF3AA322-FB7C-A5BE-15D9-2C528BF62C7F" localFKIndex="F871EDD2-D5BE-A9BB-9D0C-7BF1EA581725" name="COMUNA_REGION_FK">
<createdBy>tazja</createdBy>
<createdTime>2025-09-14 19:06:31 UTC</createdTime>
<generatorID>C42F1562-46C9-D24E-814F-08A2A42D74A6</generatorID>
<ownerDesignName>centromedico</ownerDesignName>
<referredTableLongName>REGION</referredTableLongName>
<deleteRule>NO ACTION</deleteRule>
<referredTableID>BB929975-900E-73E1-A389-B0B96EA3E7C9</referredTableID>
<keyObject>DA89015E-6D66-EF9E-5D05-EC5DD583FAAA</keyObject>
<referredKeyID>DA89015E-6D66-EF9E-5D05-EC5DD583FAAA</referredKeyID>
<mandatory>true</mandatory>
<refColNames>id_region</refColNames>
<transferable>true</transferable>
<rely>false</rely>
<columnDependencyConstraintGenerateInDDL>true</columnDependencyConstraintGenerateInDDL>
</FKIndexAssociation>