<?xml version = '1.0' encoding = 'UTF-8'?>
<FKIndexAssociation class="oracle.dbtools.crest.model.design.relational.FKIndexAssociation" directorySegmentName="seg_0" id="603EB233-7314-07D7-9E8F-2C7C5E757B0B" containerWithKeyObject="30BC2056-B1C2-C332-FD3C-FA3D534EAFBD" localFKIndex="A94F8867-E3FF-1C33-F451-CBB648524398" name="MEDICO_SALUD_FK">
<createdBy>tazja</createdBy>
<createdTime>2025-09-14 19:06:31 UTC</createdTime>
<generatorID>E62AC60C-2F7F-1E2F-7937-00CC7159D34C</generatorID>
<ownerDesignName>centromedico</ownerDesignName>
<referredTableLongName>SALUD</referredTableLongName>
<deleteRule>NO ACTION</deleteRule>
<referredTableID>54328D42-01D6-A7CB-1C35-1D9B0EBF642C</referredTableID>
<keyObject>DB7B46BC-9C40-3AEF-BD32-A9646559EBAF</keyObject>
<referredKeyID>DB7B46BC-9C40-3AEF-BD32-A9646559EBAF</referredKeyID>
<mandatory>true</mandatory>
<refColNames>id_salud</refColNames>
<transferable>true</transferable>
<rely>false</rely>
<columnDependencyConstraintGenerateInDDL>true</columnDependencyConstraintGenerateInDDL>
</FKIndexAssociation>