<?xml version = '1.0' encoding = 'UTF-8'?>
<FKIndexAssociation class="oracle.dbtools.crest.model.design.relational.FKIndexAssociation" directorySegmentName="seg_0" id="6F5D557F-8527-67EA-B263-F4E06FC1AC5F" containerWithKeyObject="59EAC3E2-A525-B5F4-D0C2-13B22D19522D" localFKIndex="975DE4DD-0F90-8B09-E017-76114118EBEB" name="EXAMEN_LABORATORIO_MEDICO_FK">
<createdBy>tazja</createdBy>
<createdTime>2025-09-14 19:06:31 UTC</createdTime>
<generatorID>5F0228F9-B25A-BE69-2AD4-91A88281469F</generatorID>
<ownerDesignName>centromedico</ownerDesignName>
<referredTableLongName>MEDICO</referredTableLongName>
<deleteRule>NO ACTION</deleteRule>
<referredTableID>30BC2056-B1C2-C332-FD3C-FA3D534EAFBD</referredTableID>
<keyObject>804D0346-FD3D-6A6A-D9A7-9618AE558338</keyObject>
<referredKeyID>804D0346-FD3D-6A6A-D9A7-9618AE558338</referredKeyID>
<mandatory>true</mandatory>
<refColNames>id_medico</refColNames>
<transferable>true</transferable>
<rely>false</rely>
<columnDependencyConstraintGenerateInDDL>true</columnDependencyConstraintGenerateInDDL>
</FKIndexAssociation>