<?xml version = '1.0' encoding = 'UTF-8'?>
<FKIndexAssociation class="oracle.dbtools.crest.model.design.relational.FKIndexAssociation" directorySegmentName="seg_0" id="7E5C9192-ABE7-6BD8-9CD4-3BDB9840D2E9" containerWithKeyObject="30BC2056-B1C2-C332-FD3C-FA3D534EAFBD" localFKIndex="F8496D35-6D82-57F8-5FFE-96EFA135044F" name="MEDICO_ESPECIALIDAD_FK">
<createdBy>tazja</createdBy>
<createdTime>2025-09-14 19:06:31 UTC</createdTime>
<generatorID>833D0092-8DF4-159C-27A4-6997575B9435</generatorID>
<ownerDesignName>centromedico</ownerDesignName>
<referredTableLongName>ESPECIALIDAD</referredTableLongName>
<deleteRule>NO ACTION</deleteRule>
<referredTableID>BE714146-C6A0-9F2F-956E-6EF99AF5E769</referredTableID>
<keyObject>4DA825C4-2988-7845-D71D-57FB8AF80C02</keyObject>
<referredKeyID>4DA825C4-2988-7845-D71D-57FB8AF80C02</referredKeyID>
<mandatory>true</mandatory>
<refColNames>id_esp</refColNames>
<transferable>true</transferable>
<rely>false</rely>
<columnDependencyConstraintGenerateInDDL>true</columnDependencyConstraintGenerateInDDL>
</FKIndexAssociation>