<?xml version = '1.0' encoding = 'UTF-8'?>
<FKIndexAssociation class="oracle.dbtools.crest.model.design.relational.FKIndexAssociation" directorySegmentName="seg_0" id="B4224A71-FFC6-3E77-6EF5-04327768B3AA" containerWithKeyObject="EBEFB77A-5F1E-E997-963B-E096C2E949C2" localFKIndex="8C43501C-E9E5-AB40-D1B4-196425791A5F" name="ATENCION_MEDICA_PACIENTE_FK">
<createdBy>tazja</createdBy>
<createdTime>2025-09-14 19:06:31 UTC</createdTime>
<generatorID>E0629386-F688-456B-1003-965FF01CE9FE</generatorID>
<ownerDesignName>centromedico</ownerDesignName>
<referredTableLongName>PACIENTE</referredTableLongName>
<deleteRule>NO ACTION</deleteRule>
<referredTableID>CD58B33A-A876-E71C-18C5-8B84E2E155DD</referredTableID>
<keyObject>CA88F564-0BF6-CFF3-C51F-28BA0F73F027</keyObject>
<referredKeyID>CA88F564-0BF6-CFF3-C51F-28BA0F73F027</referredKeyID>
<mandatory>true</mandatory>
<refColNames>id_paciente</refColNames>
<transferable>true</transferable>
<rely>false</rely>
<columnDependencyConstraintGenerateInDDL>true</columnDependencyConstraintGenerateInDDL>
</FKIndexAssociation>