<?xml version = '1.0' encoding = 'UTF-8'?>
<FKIndexAssociation class="oracle.dbtools.crest.model.design.relational.FKIndexAssociation" directorySegmentName="seg_0" id="BE05A418-B960-6FDD-F9D1-AD21D0EDEC70" containerWithKeyObject="30BC2056-B1C2-C332-FD3C-FA3D534EAFBD" localFKIndex="570B675B-7045-B953-452F-3C54965716A6" name="MEDICO_AFP_FK">
<createdBy>tazja</createdBy>
<createdTime>2025-09-14 19:06:31 UTC</createdTime>
<generatorID>D59C47AA-70E8-3500-D0B8-6184165833A2</generatorID>
<ownerDesignName>centromedico</ownerDesignName>
<referredTableLongName>AFP</referredTableLongName>
<deleteRule>NO ACTION</deleteRule>
<referredTableID>6F178215-6087-8458-4B3B-D50E4910C11D</referredTableID>
<keyObject>2ED3C455-EBAD-1711-1ED9-52D4852EEA62</keyObject>
<referredKeyID>2ED3C455-EBAD-1711-1ED9-52D4852EEA62</referredKeyID>
<mandatory>true</mandatory>
<refColNames>id_afp</refColNames>
<transferable>true</transferable>
<rely>false</rely>
<columnDependencyConstraintGenerateInDDL>true</columnDependencyConstraintGenerateInDDL>
</FKIndexAssociation>