<?xml version = '1.0' encoding = 'UTF-8'?>
<FKIndexAssociation class="oracle.dbtools.crest.model.design.relational.FKIndexAssociation" directorySegmentName="seg_0" id="F76BDB6C-0783-4416-31F8-C968C4255002" containerWithKeyObject="B9B9AD55-328D-CDB6-010E-47F2A8EFAB6E" localFKIndex="A42A2731-DBBA-7AA3-9EF3-2194325ABEED" name="PAGO_ATENCION_ATENCION_MEDICA_FK">
<createdBy>tazja</createdBy>
<createdTime>2025-09-14 19:06:31 UTC</createdTime>
<generatorID>A338FD4B-1B53-395B-B071-5F0ED1E90990</generatorID>
<ownerDesignName>centromedico</ownerDesignName>
<referredTableLongName>ATENCION_MEDICA</referredTableLongName>
<deleteRule>NO ACTION</deleteRule>
<referredTableID>EBEFB77A-5F1E-E997-963B-E096C2E949C2</referredTableID>
<keyObject>69C3C8B5-D453-3D55-58BF-C31ADF07F498</keyObject>
<referredKeyID>69C3C8B5-D453-3D55-58BF-C31ADF07F498</referredKeyID>
<mandatory>true</mandatory>
<refColNames>id_atencion</refColNames>
<transferable>true</transferable>
<rely>false</rely>
<columnDependencyConstraintGenerateInDDL>true</columnDependencyConstraintGenerateInDDL>
</FKIndexAssociation>