<?xml version = '1.0' encoding = 'UTF-8'?>
<FKIndexAssociation class="oracle.dbtools.crest.model.design.relational.FKIndexAssociation" directorySegmentName="seg_0" id="F8C65B7A-631D-1BAA-393A-3FFC6B43F9A1" containerWithKeyObject="CD58B33A-A876-E71C-18C5-8B84E2E155DD" localFKIndex="62AD0C1F-C33B-813D-F830-95DE15203C20" name="PACIENTE_COMUNA_FK">
<createdBy>tazja</createdBy>
<createdTime>2025-09-14 19:06:31 UTC</createdTime>
<generatorID>5F1E8046-0604-12BF-3CEE-2BE2205F0077</generatorID>
<ownerDesignName>centromedico</ownerDesignName>
<referredTableLongName>COMUNA</referredTableLongName>
<deleteRule>NO ACTION</deleteRule>
<referredTableID>AF3AA322-FB7C-A5BE-15D9-2C528BF62C7F</referredTableID>
<keyObject>1FC88E8D-5468-B4CB-EADC-6FC9C1ED66EA</keyObject>
<referredKeyID>1FC88E8D-5468-B4CB-EADC-6FC9C1ED66EA</referredKeyID>
<mandatory>true</mandatory>
<refColNames>id_comuna</refColNames>
<transferable>true</transferable>
<rely>false</rely>
<columnDependencyConstraintGenerateInDDL>true</columnDependencyConstraintGenerateInDDL>
</FKIndexAssociation>