<?xml version = '1.0' encoding = 'UTF-8'?>
<FKIndexAssociation class="oracle.dbtools.crest.model.design.relational.FKIndexAssociation" directorySegmentName="seg_0" id="0533BB5E-712B-AA9E-51D5-1B23FE0BA9F3" containerWithKeyObject="6282E74C-1697-4468-E266-E19939BEEA39" localFKIndex="053F4A31-D270-5595-A4DF-3CECC2766F41" name="COMUNA_REGION_FK">
<createdBy>tazja</createdBy>
<createdTime>2025-10-12 15:52:59 UTC</createdTime>
<generatorID>B39A2375-4F9F-9C08-CF2D-F8025962DD28</generatorID>
<ownerDesignName>eft_s9</ownerDesignName>
<referredTableLongName>REGION</referredTableLongName>
<deleteRule>NO ACTION</deleteRule>
<referredTableID>FBE3FDA6-6469-8144-C6D4-B6A99ED4CAF6</referredTableID>
<keyObject>661FAFD4-3651-DC20-37A3-EBB55CC1B0E4</keyObject>
<referredKeyID>661FAFD4-3651-DC20-37A3-EBB55CC1B0E4</referredKeyID>
<mandatory>true</mandatory>
<refColNames>id_region</refColNames>
<transferable>true</transferable>
<rely>false</rely>
<columnDependencyConstraintGenerateInDDL>true</columnDependencyConstraintGenerateInDDL>
</FKIndexAssociation>