<?xml version = '1.0' encoding = 'UTF-8'?>
<FKIndexAssociation class="oracle.dbtools.crest.model.design.relational.FKIndexAssociation" directorySegmentName="seg_0" id="14C0B5B9-C508-20EF-2ACC-CDE1DAE5A4C7" containerWithKeyObject="5942FD2E-176C-08BB-F824-9BB644CED028" localFKIndex="1204DC9F-63F5-2D46-619E-DD129EA9F0AB" name="O_MANTEN_MAQ_MAQUINA_FK">
<createdBy>tazja</createdBy>
<createdTime>2025-10-12 16:11:11 UTC</createdTime>
<generatorID>A3F547B0-17DE-8B71-E394-0131472C522F</generatorID>
<ownerDesignName>eft_s9</ownerDesignName>
<referredTableLongName>MAQUINA</referredTableLongName>
<deleteRule>NO ACTION</deleteRule>
<referredTableID>8176F6F3-337D-62B9-C577-EE5A04CEA474</referredTableID>
<keyObject>4ABED1F8-1C1A-9D0C-AB17-B08682236A7E</keyObject>
<referredKeyID>4ABED1F8-1C1A-9D0C-AB17-B08682236A7E</referredKeyID>
<mandatory>true</mandatory>
<refColNames>id_maquina,PLANTA_id_planta</refColNames>
<transferable>true</transferable>
<rely>false</rely>
<columnDependencyConstraintGenerateInDDL>true</columnDependencyConstraintGenerateInDDL>
</FKIndexAssociation>