<?xml version = '1.0' encoding = 'UTF-8'?>
<FKIndexAssociation class="oracle.dbtools.crest.model.design.relational.FKIndexAssociation" directorySegmentName="seg_0" id="194EC2D8-5D34-688E-7600-7B8B0964924E" containerWithKeyObject="02EF52F7-1CFC-2BF3-A66B-926101414716" localFKIndex="2DA24D5E-7AA6-61F0-F823-5932434A7143" name="ASIG_TURNO_TURNO_FK">
<createdBy>tazja</createdBy>
<createdTime>2025-10-12 16:11:11 UTC</createdTime>
<generatorID>50B3F881-CAD7-3365-AADA-42413E988D23</generatorID>
<ownerDesignName>eft_s9</ownerDesignName>
<referredTableLongName>TURNO</referredTableLongName>
<deleteRule>NO ACTION</deleteRule>
<referredTableID>04E03665-141F-5B64-DA35-72DA2ABFC849</referredTableID>
<keyObject>D6B93E13-F7AE-00BE-9B6E-B081B514318A</keyObject>
<referredKeyID>D6B93E13-F7AE-00BE-9B6E-B081B514318A</referredKeyID>
<mandatory>true</mandatory>
<refColNames>id_turno</refColNames>
<transferable>true</transferable>
<rely>false</rely>
<columnDependencyConstraintGenerateInDDL>true</columnDependencyConstraintGenerateInDDL>
</FKIndexAssociation>