<?xml version = '1.0' encoding = 'UTF-8'?>
<FKIndexAssociation class="oracle.dbtools.crest.model.design.relational.FKIndexAssociation" directorySegmentName="seg_0" id="3BC2C638-4AB9-301F-D012-25F30331B9F8" containerWithKeyObject="C3B2F7B4-DFF7-9F5C-B873-D576532C5064" localFKIndex="69124944-9D01-0403-6DD9-B41B02377B04" name="PERSONAL_PLANTA_FK">
<createdBy>tazja</createdBy>
<createdTime>2025-10-12 15:52:59 UTC</createdTime>
<generatorID>C7062373-E9F8-0747-D4FC-B3A427CBD045</generatorID>
<ownerDesignName>eft_s9</ownerDesignName>
<referredTableLongName>PLANTA</referredTableLongName>
<deleteRule>NO ACTION</deleteRule>
<referredTableID>6614C96D-E68B-619A-E85F-6D9DDE900A9E</referredTableID>
<keyObject>445AEEA5-CF73-CC7D-84CB-54F425F1A628</keyObject>
<referredKeyID>445AEEA5-CF73-CC7D-84CB-54F425F1A628</referredKeyID>
<mandatory>true</mandatory>
<refColNames>id_planta</refColNames>
<transferable>true</transferable>
<rely>false</rely>
<columnDependencyConstraintGenerateInDDL>true</columnDependencyConstraintGenerateInDDL>
</FKIndexAssociation>