<?xml version = '1.0' encoding = 'UTF-8'?>
<FKIndexAssociation class="oracle.dbtools.crest.model.design.relational.FKIndexAssociation" directorySegmentName="seg_0" id="516323C7-12AA-2EB5-FE86-99A8615AA5C3" containerWithKeyObject="8176F6F3-337D-62B9-C577-EE5A04CEA474" localFKIndex="87FE53B1-D77C-FA15-4384-FAB0169C531B" name="MAQUINA_T_MAQUINA_FK">
<createdBy>tazja</createdBy>
<createdTime>2025-10-12 16:28:54 UTC</createdTime>
<generatorID>1910B86D-F2DC-F8BC-2A6F-612857D9CADF</generatorID>
<ownerDesignName>eft_s9</ownerDesignName>
<referredTableLongName>T_MAQUINA</referredTableLongName>
<deleteRule>NO ACTION</deleteRule>
<referredTableID>2CB07DF3-2B37-D3AB-4690-3A7A72082A4E</referredTableID>
<keyObject>2F17594B-DCE1-A979-BB84-AFBE3A6B7888</keyObject>
<referredKeyID>2F17594B-DCE1-A979-BB84-AFBE3A6B7888</referredKeyID>
<mandatory>true</mandatory>
<refColNames>id_tipo</refColNames>
<transferable>true</transferable>
<rely>false</rely>
<columnDependencyConstraintGenerateInDDL>true</columnDependencyConstraintGenerateInDDL>
</FKIndexAssociation>