<?xml version = '1.0' encoding = 'UTF-8'?>
<FKIndexAssociation class="oracle.dbtools.crest.model.design.relational.FKIndexAssociation" directorySegmentName="seg_0" id="564B572A-56FC-64FE-171E-1BF7FC0AAE42" containerWithKeyObject="02EF52F7-1CFC-2BF3-A66B-926101414716" localFKIndex="C30D4800-9361-6992-F1ED-258758F411D1" name="ASIG_TURNO_PERSONAL_FK">
<createdBy>tazja</createdBy>
<createdTime>2025-10-12 16:11:11 UTC</createdTime>
<generatorID>412D6790-C593-8C19-6A5B-7C4B3B04B87D</generatorID>
<ownerDesignName>eft_s9</ownerDesignName>
<referredTableLongName>PERSONAL</referredTableLongName>
<deleteRule>NO ACTION</deleteRule>
<referredTableID>C3B2F7B4-DFF7-9F5C-B873-D576532C5064</referredTableID>
<keyObject>0FB091F7-D4D5-E95D-8DA5-D505DA58C310</keyObject>
<referredKeyID>0FB091F7-D4D5-E95D-8DA5-D505DA58C310</referredKeyID>
<mandatory>true</mandatory>
<refColNames>id_personal</refColNames>
<transferable>true</transferable>
<rely>false</rely>
<columnDependencyConstraintGenerateInDDL>true</columnDependencyConstraintGenerateInDDL>
</FKIndexAssociation>