<?xml version = '1.0' encoding = 'UTF-8'?>
<FKIndexAssociation class="oracle.dbtools.crest.model.design.relational.FKIndexAssociation" directorySegmentName="seg_0" id="5A0325D9-920A-A1DB-56CF-530675DF9006" containerWithKeyObject="3B75F0E1-F050-7B1E-EB44-11747E44C71C" localFKIndex="B9CDD822-16F1-0A76-12B9-051DF37C88CC" name="OPERARIO_CAT_PROCESO_FK">
<createdBy>tazja</createdBy>
<createdTime>2025-10-12 16:11:11 UTC</createdTime>
<generatorID>02DC0F52-849B-4744-201F-450644C9BB57</generatorID>
<ownerDesignName>eft_s9</ownerDesignName>
<referredTableLongName>CAT_PROCESO</referredTableLongName>
<deleteRule>NO ACTION</deleteRule>
<referredTableID>D7F139C4-EB19-1BE7-1B02-6738E51F12FF</referredTableID>
<keyObject>88C93298-FE70-1910-9EFF-87B08CDF544F</keyObject>
<referredKeyID>88C93298-FE70-1910-9EFF-87B08CDF544F</referredKeyID>
<mandatory>true</mandatory>
<refColNames>id_categoria</refColNames>
<transferable>true</transferable>
<rely>false</rely>
<columnDependencyConstraintGenerateInDDL>true</columnDependencyConstraintGenerateInDDL>
</FKIndexAssociation>