<?xml version = '1.0' encoding = 'UTF-8'?>
<FKIndexAssociation class="oracle.dbtools.crest.model.design.relational.FKIndexAssociation" directorySegmentName="seg_0" id="6391C22D-9755-B103-B0CE-201687AB33FA" containerWithKeyObject="5942FD2E-176C-08BB-F824-9BB644CED028" localFKIndex="36C3EE86-06D9-2140-C2C7-EB2F3DFCFAC5" name="O_MANTEN_MAQ_PERSONAL_FK">
<createdBy>tazja</createdBy>
<createdTime>2025-10-12 16:11:11 UTC</createdTime>
<generatorID>E29D0775-D733-73DA-4EC6-212306881338</generatorID>
<ownerDesignName>eft_s9</ownerDesignName>
<referredTableLongName>PERSONAL</referredTableLongName>
<deleteRule>NO ACTION</deleteRule>
<referredTableID>C3B2F7B4-DFF7-9F5C-B873-D576532C5064</referredTableID>
<keyObject>0FB091F7-D4D5-E95D-8DA5-D505DA58C310</keyObject>
<referredKeyID>0FB091F7-D4D5-E95D-8DA5-D505DA58C310</referredKeyID>
<mandatory>true</mandatory>
<refColNames>id_personal</refColNames>
<transferable>true</transferable>
<rely>false</rely>
<columnDependencyConstraintGenerateInDDL>true</columnDependencyConstraintGenerateInDDL>
</FKIndexAssociation>