<?xml version = '1.0' encoding = 'UTF-8'?>
<FKIndexAssociation class="oracle.dbtools.crest.model.design.relational.FKIndexAssociation" directorySegmentName="seg_0" id="7AE81B8F-2CB3-F279-1446-D9E3F1D0805D" containerWithKeyObject="6614C96D-E68B-619A-E85F-6D9DDE900A9E" localFKIndex="26BC99BF-EDF7-879D-B575-10E57E11F3B7" name="PLANTA_COMUNA_FK">
<createdBy>tazja</createdBy>
<createdTime>2025-10-12 15:52:59 UTC</createdTime>
<generatorID>C45E9A34-5EC7-8F09-8C35-89DDB0FA772C</generatorID>
<ownerDesignName>eft_s9</ownerDesignName>
<referredTableLongName>COMUNA</referredTableLongName>
<deleteRule>NO ACTION</deleteRule>
<referredTableID>6282E74C-1697-4468-E266-E19939BEEA39</referredTableID>
<keyObject>01172418-27DB-2804-687B-CBDA71DBDABD</keyObject>
<referredKeyID>01172418-27DB-2804-687B-CBDA71DBDABD</referredKeyID>
<mandatory>true</mandatory>
<refColNames>id_comuna</refColNames>
<transferable>true</transferable>
<rely>false</rely>
<columnDependencyConstraintGenerateInDDL>true</columnDependencyConstraintGenerateInDDL>
</FKIndexAssociation>