<?xml version = '1.0' encoding = 'UTF-8'?>
<FKIndexAssociation class="oracle.dbtools.crest.model.design.relational.FKIndexAssociation" directorySegmentName="seg_0" id="7B2F04DA-2293-23A3-F4F4-E515F4446BB3" containerWithKeyObject="C3B2F7B4-DFF7-9F5C-B873-D576532C5064" localFKIndex="3BEF112E-1680-20F8-82FB-B0DCD4DC985A" name="PERSONAL_AFP_FK">
<createdBy>tazja</createdBy>
<createdTime>2025-10-12 15:52:59 UTC</createdTime>
<generatorID>B51E6EE8-6D40-E555-A9AE-6113AA391031</generatorID>
<ownerDesignName>eft_s9</ownerDesignName>
<referredTableLongName>AFP</referredTableLongName>
<deleteRule>NO ACTION</deleteRule>
<referredTableID>D840490A-6092-8B1F-227D-2D21E96B8255</referredTableID>
<keyObject>263386AA-6B8C-025F-677A-1837B0DBB2CF</keyObject>
<referredKeyID>263386AA-6B8C-025F-677A-1837B0DBB2CF</referredKeyID>
<mandatory>true</mandatory>
<refColNames>id_afp</refColNames>
<transferable>true</transferable>
<rely>false</rely>
<columnDependencyConstraintGenerateInDDL>true</columnDependencyConstraintGenerateInDDL>
</FKIndexAssociation>