<?xml version = '1.0' encoding = 'UTF-8'?>
<FKIndexAssociation class="oracle.dbtools.crest.model.design.relational.FKIndexAssociation" directorySegmentName="seg_0" id="9ED61A4A-6EFC-8937-DD8A-DE7546367572" containerWithKeyObject="C3B2F7B4-DFF7-9F5C-B873-D576532C5064" localFKIndex="F464F086-3AA7-6A50-A59E-46B0B275DF44" name="PERSONAL_PERSONAL_FK">
<createdBy>tazja</createdBy>
<createdTime>2025-10-12 15:52:59 UTC</createdTime>
<generatorID>BF572202-043A-5DCB-A5FB-5CB19011D70F</generatorID>
<ownerDesignName>eft_s9</ownerDesignName>
<referredTableLongName>PERSONAL</referredTableLongName>
<deleteRule>NO ACTION</deleteRule>
<referredTableID>C3B2F7B4-DFF7-9F5C-B873-D576532C5064</referredTableID>
<keyObject>0FB091F7-D4D5-E95D-8DA5-D505DA58C310</keyObject>
<referredKeyID>0FB091F7-D4D5-E95D-8DA5-D505DA58C310</referredKeyID>
<mandatory>false</mandatory>
<refColNames>id_personal</refColNames>
<transferable>true</transferable>
<rely>false</rely>
<columnDependencyConstraintGenerateInDDL>true</columnDependencyConstraintGenerateInDDL>
</FKIndexAssociation>