<?xml version = '1.0' encoding = 'UTF-8'?>
<FKIndexAssociation class="oracle.dbtools.crest.model.design.relational.FKIndexAssociation" directorySegmentName="seg_0" id="A638556F-DA4C-1522-A1AB-72B997D82D76" containerWithKeyObject="3B75F0E1-F050-7B1E-EB44-11747E44C71C" localFKIndex="9710DDFC-16A9-BF87-41E7-B795AFAB2DCF" name="OPERARIO_PERSONAL_FK">
<createdBy>tazja</createdBy>
<createdTime>2025-10-12 15:52:59 UTC</createdTime>
<generatorID>17FF552D-6418-1B64-D19B-F2DFA826712F</generatorID>
<ownerDesignName>eft_s9</ownerDesignName>
<referredTableLongName>PERSONAL</referredTableLongName>
<arc>8083E326-7968-5373-38AF-75EFDFC8FB9C</arc>
<deleteRule>NO ACTION</deleteRule>
<referredTableID>C3B2F7B4-DFF7-9F5C-B873-D576532C5064</referredTableID>
<keyObject>0FB091F7-D4D5-E95D-8DA5-D505DA58C310</keyObject>
<referredKeyID>0FB091F7-D4D5-E95D-8DA5-D505DA58C310</referredKeyID>
<mandatory>true</mandatory>
<refColNames>id_personal</refColNames>
<transferable>true</transferable>
<rely>false</rely>
<columnDependencyConstraintGenerateInDDL>true</columnDependencyConstraintGenerateInDDL>
</FKIndexAssociation>