<?xml version = '1.0' encoding = 'UTF-8'?>
<FKIndexAssociation class="oracle.dbtools.crest.model.design.relational.FKIndexAssociation" directorySegmentName="seg_0" id="CAE3F67E-FF57-0E07-9EF2-F4207027AD27" containerWithKeyObject="7DDF212A-5DFB-829D-A612-08B7C7B8AB1E" localFKIndex="8944B3EA-1EF8-06AF-D156-C9171D604370" name="TEC_MANTENCION_ESPECIALIDAD_FK">
<createdBy>tazja</createdBy>
<createdTime>2025-10-12 15:52:59 UTC</createdTime>
<generatorID>415056F5-D5E4-FC06-87C3-DB08E1E45B18</generatorID>
<ownerDesignName>eft_s9</ownerDesignName>
<referredTableLongName>ESPECIALIDAD</referredTableLongName>
<deleteRule>NO ACTION</deleteRule>
<referredTableID>80F93AAB-27F6-14FF-4509-BE9655DCB5EA</referredTableID>
<keyObject>3C9845F7-F2FC-62D7-EBF9-DD1B8F2ED407</keyObject>
<referredKeyID>3C9845F7-F2FC-62D7-EBF9-DD1B8F2ED407</referredKeyID>
<mandatory>true</mandatory>
<refColNames>id_espec</refColNames>
<transferable>true</transferable>
<rely>false</rely>
<columnDependencyConstraintGenerateInDDL>true</columnDependencyConstraintGenerateInDDL>
</FKIndexAssociation>