<?xml version = '1.0' encoding = 'UTF-8'?>
<FKIndexAssociation class="oracle.dbtools.crest.model.design.relational.FKIndexAssociation" directorySegmentName="seg_0" id="CEB46110-6155-D5C9-98AD-EE09C029AAAE" containerWithKeyObject="8176F6F3-337D-62B9-C577-EE5A04CEA474" localFKIndex="AD548806-39D9-DAC9-E4E7-7E45E0D4DC73" name="MAQUINA_PLANTA_FK">
<createdBy>tazja</createdBy>
<createdTime>2025-10-12 15:52:59 UTC</createdTime>
<generatorID>71E6E11A-8DCA-0F3E-C6E5-F4F7455F19BF</generatorID>
<ownerDesignName>eft_s9</ownerDesignName>
<referredTableLongName>PLANTA</referredTableLongName>
<deleteRule>NO ACTION</deleteRule>
<referredTableID>6614C96D-E68B-619A-E85F-6D9DDE900A9E</referredTableID>
<keyObject>445AEEA5-CF73-CC7D-84CB-54F425F1A628</keyObject>
<referredKeyID>445AEEA5-CF73-CC7D-84CB-54F425F1A628</referredKeyID>
<mandatory>true</mandatory>
<refColNames>id_planta</refColNames>
<transferable>true</transferable>
<rely>false</rely>
<columnDependencyConstraintGenerateInDDL>true</columnDependencyConstraintGenerateInDDL>
</FKIndexAssociation>