<?xml version = '1.0' encoding = 'UTF-8'?>
<FKIndexAssociation class="oracle.dbtools.crest.model.design.relational.FKIndexAssociation" directorySegmentName="seg_0" id="CF934E01-6C76-33E7-7582-CC9C760321A7" containerWithKeyObject="02EF52F7-1CFC-2BF3-A66B-926101414716" localFKIndex="3708DE67-9920-EAB2-7730-DE66D98E13F5" name="ASIG_TURNO_MAQUINA_FK">
<createdBy>tazja</createdBy>
<createdTime>2025-10-12 16:11:11 UTC</createdTime>
<generatorID>CBE2BF8B-C966-DB96-4630-B51ECC52C0CB</generatorID>
<ownerDesignName>eft_s9</ownerDesignName>
<referredTableLongName>MAQUINA</referredTableLongName>
<deleteRule>NO ACTION</deleteRule>
<referredTableID>8176F6F3-337D-62B9-C577-EE5A04CEA474</referredTableID>
<keyObject>4ABED1F8-1C1A-9D0C-AB17-B08682236A7E</keyObject>
<referredKeyID>4ABED1F8-1C1A-9D0C-AB17-B08682236A7E</referredKeyID>
<mandatory>true</mandatory>
<refColNames>id_maquina,PLANTA_id_planta</refColNames>
<transferable>true</transferable>
<rely>false</rely>
<columnDependencyConstraintGenerateInDDL>true</columnDependencyConstraintGenerateInDDL>
</FKIndexAssociation>