<?xml version = '1.0' encoding = 'UTF-8'?>
<FKIndexAssociation class="oracle.dbtools.crest.model.design.relational.FKIndexAssociation" directorySegmentName="seg_0" id="D3E7FD0F-A9BD-D2C0-48A6-5213F972BE44" containerWithKeyObject="C3B2F7B4-DFF7-9F5C-B873-D576532C5064" localFKIndex="A076CD7E-2010-D364-D37D-2A774B36403D" name="PERSONAL_SALUD_FK">
<createdBy>tazja</createdBy>
<createdTime>2025-10-12 15:52:59 UTC</createdTime>
<generatorID>B6811854-DF70-CA8F-FF7E-DF5C05BB1CD6</generatorID>
<ownerDesignName>eft_s9</ownerDesignName>
<referredTableLongName>SALUD</referredTableLongName>
<deleteRule>NO ACTION</deleteRule>
<referredTableID>58B825B8-DC6F-3219-209A-ABAC8AE471AB</referredTableID>
<keyObject>99037464-1AD5-A43A-8383-66180EE7EFC7</keyObject>
<referredKeyID>99037464-1AD5-A43A-8383-66180EE7EFC7</referredKeyID>
<mandatory>true</mandatory>
<refColNames>id_salud</refColNames>
<transferable>true</transferable>
<rely>false</rely>
<columnDependencyConstraintGenerateInDDL>true</columnDependencyConstraintGenerateInDDL>
</FKIndexAssociation>