<?xml version = '1.0' encoding = 'UTF-8'?>
<FKIndexAssociation class="oracle.dbtools.crest.model.design.relational.FKIndexAssociation" directorySegmentName="seg_0" id="D4D13493-80BC-359A-F2BF-EBD283B4CD2D" containerWithKeyObject="C3B2F7B4-DFF7-9F5C-B873-D576532C5064" localFKIndex="E893CA33-8682-8B43-3422-E248E29B5112" name="PERSONAL_TURNO_FK">
<createdBy>tazja</createdBy>
<createdTime>2025-10-12 15:52:59 UTC</createdTime>
<generatorID>6AD5ACF6-2B77-0FC6-327B-CC82685E4FB9</generatorID>
<ownerDesignName>eft_s9</ownerDesignName>
<referredTableLongName>TURNO</referredTableLongName>
<deleteRule>NO ACTION</deleteRule>
<referredTableID>04E03665-141F-5B64-DA35-72DA2ABFC849</referredTableID>
<keyObject>D6B93E13-F7AE-00BE-9B6E-B081B514318A</keyObject>
<referredKeyID>D6B93E13-F7AE-00BE-9B6E-B081B514318A</referredKeyID>
<mandatory>true</mandatory>
<refColNames>id_turno</refColNames>
<transferable>true</transferable>
<rely>false</rely>
<columnDependencyConstraintGenerateInDDL>true</columnDependencyConstraintGenerateInDDL>
</FKIndexAssociation>