<?xml version = '1.0' encoding = 'UTF-8'?>
<FKIndexAssociation class="oracle.dbtools.crest.model.design.relational.FKIndexAssociation" directorySegmentName="seg_0" id="E33EC024-42F1-E041-0D0A-B901B79EDF8B" containerWithKeyObject="7DDF212A-5DFB-829D-A612-08B7C7B8AB1E" localFKIndex="9E4ADB73-0D75-77D6-3FC9-2FE694259B87" name="TEC_MANTENCION_PERSONAL_FK">
<createdBy>tazja</createdBy>
<createdTime>2025-10-12 15:52:59 UTC</createdTime>
<generatorID>1593E645-69D5-2A4C-EBF7-761FA4F00010</generatorID>
<ownerDesignName>eft_s9</ownerDesignName>
<referredTableLongName>PERSONAL</referredTableLongName>
<arc>8083E326-7968-5373-38AF-75EFDFC8FB9C</arc>
<deleteRule>NO ACTION</deleteRule>
<referredTableID>C3B2F7B4-DFF7-9F5C-B873-D576532C5064</referredTableID>
<keyObject>0FB091F7-D4D5-E95D-8DA5-D505DA58C310</keyObject>
<referredKeyID>0FB091F7-D4D5-E95D-8DA5-D505DA58C310</referredKeyID>
<mandatory>true</mandatory>
<refColNames>id_personal</refColNames>
<transferable>true</transferable>
<rely>false</rely>
<columnDependencyConstraintGenerateInDDL>true</columnDependencyConstraintGenerateInDDL>
</FKIndexAssociation>