<?xml version = '1.0' encoding = 'UTF-8'?>
<Relation class="oracle.dbtools.crest.model.design.logical.InheritanceRelation" name="Hierarchy_12" directorySegmentName="seg_0" id="69CF5179-E1FD-2EBC-7BFD-1C8D01D20562">
<createdBy>tazja</createdBy>
<createdTime>2025-09-07 19:18:42 UTC</createdTime>
<ownerDesignName>exp2_sem1_grupo</ownerDesignName>
<engineerTo>
<item key="A6FAAD27-822A-4095-D12C-3A51CA29815C" value="true"/>
</engineerTo>
<arc>E25824FD-E67C-315C-A9E8-9445F5B525BF</arc>
<identifying>false</identifying>
<nameOnSource>Super Type</nameOnSource>
<nameOnTarget>Sub Type</nameOnTarget>
<optionalSource>true</optionalSource>
<optionalTarget>true</optionalTarget>
<sourceEntity>45E67059-DCD5-1D76-B139-40C0169CFEE6</sourceEntity>
<targetEntity>A736A9F9-B4CD-6A64-D101-FED04278AAA7</targetEntity>
<transferable>true</transferable>
<deleteRule>NO ACTION</deleteRule>
</Relation>