<?xml version = '1.0' encoding = 'UTF-8'?>
<Relation class="oracle.dbtools.crest.model.design.logical.InheritanceRelation" name="Hierarchy_14" directorySegmentName="seg_0" id="7E173082-0490-4106-AF1A-DCFD8D91C083">
<createdBy>tazja</createdBy>
<createdTime>2025-09-07 19:19:25 UTC</createdTime>
<ownerDesignName>exp2_sem1_grupo</ownerDesignName>
<engineerTo>
<item key="A6FAAD27-822A-4095-D12C-3A51CA29815C" value="true"/>
</engineerTo>
<arc>619EAE4E-81B9-C906-0D87-8D9E4C4D3992</arc>
<identifying>false</identifying>
<nameOnSource>Super Type</nameOnSource>
<nameOnTarget>Sub Type</nameOnTarget>
<optionalSource>true</optionalSource>
<optionalTarget>true</optionalTarget>
<sourceEntity>8125129A-7EAF-5630-15D8-FAA0AE70E62E</sourceEntity>
<targetEntity>0188C5CB-E44D-80C8-41A5-CB283044D8A9</targetEntity>
<transferable>true</transferable>
<deleteRule>NO ACTION</deleteRule>
</Relation>