<?xml version = '1.0' encoding = 'UTF-8'?>
<Relation class="oracle.dbtools.crest.model.design.logical.InheritanceRelation" name="Hierarchy_13" directorySegmentName="seg_0" id="7ED8A7BD-5FEE-A40A-6AD0-3AA03BEE4FAD">
<createdBy>tazja</createdBy>
<createdTime>2025-09-07 19:19:21 UTC</createdTime>
<ownerDesignName>exp2_sem1_grupo</ownerDesignName>
<engineerTo>
<item key="A6FAAD27-822A-4095-D12C-3A51CA29815C" value="true"/>
</engineerTo>
<arc>619EAE4E-81B9-C906-0D87-8D9E4C4D3992</arc>
<identifying>false</identifying>
<nameOnSource>Super Type</nameOnSource>
<nameOnTarget>Sub Type</nameOnTarget>
<optionalSource>true</optionalSource>
<optionalTarget>true</optionalTarget>
<sourceEntity>8125129A-7EAF-5630-15D8-FAA0AE70E62E</sourceEntity>
<targetEntity>52C3BD55-54A5-6F4C-8CC0-4CC5A45468F7</targetEntity>
<transferable>true</transferable>
<deleteRule>NO ACTION</deleteRule>
</Relation>