<?xml version = '1.0' encoding = 'UTF-8'?>
<Relation class="oracle.dbtools.crest.model.design.logical.InheritanceRelation" name="Hierarchy_11" directorySegmentName="seg_0" id="CE6E83F5-E8D5-0ACC-B36F-38740739E2FA">
<createdBy>tazja</createdBy>
<createdTime>2025-09-07 19:18:38 UTC</createdTime>
<ownerDesignName>exp2_sem1_grupo</ownerDesignName>
<engineerTo>
<item key="A6FAAD27-822A-4095-D12C-3A51CA29815C" value="true"/>
</engineerTo>
<arc>E25824FD-E67C-315C-A9E8-9445F5B525BF</arc>
<identifying>false</identifying>
<nameOnSource>Super Type</nameOnSource>
<nameOnTarget>Sub Type</nameOnTarget>
<optionalSource>true</optionalSource>
<optionalTarget>true</optionalTarget>
<sourceEntity>45E67059-DCD5-1D76-B139-40C0169CFEE6</sourceEntity>
<targetEntity>7AF5A4F6-E6E8-E203-13B4-9E9575A3E8BB</targetEntity>
<transferable>true</transferable>
<deleteRule>NO ACTION</deleteRule>
</Relation>