<?xml version = '1.0' encoding = 'UTF-8'?>
<Diagram class="oracle.dbtools.crest.swingui.relational.DPVRelational" name="Relational_2" id="BB1AF551-A099-F239-7EE3-005956901590">
<createdBy>tazja</createdBy>
<modifiedBy>tazja</modifiedBy>
<createdTime>2025-10-12 16:38:11 UTC</createdTime>
<autoRoute>false</autoRoute>
<boxInbox>true</boxInbox>
<showLegend>false</showLegend>
<showLabels>false</showLabels>
<showRelAttributes>false</showRelAttributes>
<gridEnabled>false</gridEnabled>
<showGrid>false</showGrid>
<diagramColor>-1</diagramColor>
<display>false</display>
<notation>1</notation>
<objectViews>
<OView class="oracle.dbtools.crest.swingui.relational.TVTable" oid="03E44EA7-2B38-EBC5-2FCB-AE6BCC2042C6" otype="Table" vid="85AED941-B9BD-AA57-9966-B9C431E97526">
<hideElementsInCurrentOnly>false</hideElementsInCurrentOnly>
<bounds x="239" y="31" width="245" height="116"/>
</OView>
<OView class="oracle.dbtools.crest.swingui.relational.TVTable" oid="584225A6-489E-3962-03F4-2C761DF3AB36" otype="Table" vid="1413C88F-EEB4-65EF-D6ED-44FA109CB7C9">
<hideElementsInCurrentOnly>false</hideElementsInCurrentOnly>
<bounds x="872" y="656" width="464" height="182"/>
</OView>
<OView class="oracle.dbtools.crest.swingui.relational.TVTable" oid="5FF8C444-A49A-94A5-6E05-3A0422D98B32" otype="Table" vid="22D1C268-D9A5-C635-EC34-73682454E816">
<hideElementsInCurrentOnly>false</hideElementsInCurrentOnly>
<bounds x="0" y="312" width="178" height="78"/>
</OView>
<OView class="oracle.dbtools.crest.swingui.relational.TVTable" oid="6EB295E0-A1BF-1851-023E-A702BE51F8D2" otype="Table" vid="301762C1-BBC1-CEC2-3FDA-56CF313B891A">
<hideElementsInCurrentOnly>false</hideElementsInCurrentOnly>
<bounds x="19" y="566" width="301" height="103"/>
</OView>
<OView class="oracle.dbtools.crest.swingui.relational.TVTable" oid="7D45E7AD-AACD-2BAC-22E4-B8217AEC44C6" otype="Table" vid="FF2468F5-977D-1ED4-4F97-A2AFC3310BA6">
<hideElementsInCurrentOnly>false</hideElementsInCurrentOnly>
<bounds x="886" y="475" width="197" height="120"/>
</OView>
<OView class="oracle.dbtools.crest.swingui.relational.TVTable" oid="80D2BC4C-6370-BA65-8FB6-E8D6342FE063" otype="Table" vid="4DD83E1E-6A45-12F2-E7EF-2A5B7983A734">
<hideElementsInCurrentOnly>false</hideElementsInCurrentOnly>
<bounds x="1156" y="260" width="164" height="129"/>
</OView>
<OView class="oracle.dbtools.crest.swingui.relational.TVTable" oid="A14B69B0-65B0-DE86-772D-BFEC698731A6" otype="Table" vid="1346D782-5801-E933-DD18-7E3476CED9A5">
<hideElementsInCurrentOnly>false</hideElementsInCurrentOnly>
<bounds x="13" y="700" width="342" height="125"/>
</OView>
<OView class="oracle.dbtools.crest.swingui.relational.TVTable" oid="A8CE7640-57FB-17EB-37E2-806821C89EFB" otype="Table" vid="773B6509-B104-26A6-0C2B-B038570B79E7">
<hideElementsInCurrentOnly>false</hideElementsInCurrentOnly>
<bounds x="978" y="25" width="288" height="171"/>
</OView>
<OView class="oracle.dbtools.crest.swingui.relational.TVTable" oid="AA574DA6-DEF7-3373-21BB-115DD28236D4" otype="Table" vid="2B4E0736-1342-9682-92C4-0808AC30EDE6">
<hideElementsInCurrentOnly>false</hideElementsInCurrentOnly>
<bounds x="644" y="753" width="199" height="89"/>
</OView>
<OView class="oracle.dbtools.crest.swingui.relational.TVTable" oid="BD90E7E5-1DE1-085E-FFCA-383BDF798A3C" otype="Table" vid="919051AC-1125-F22A-8F81-B3892C43C9BA">
<hideElementsInCurrentOnly>false</hideElementsInCurrentOnly>
<bounds x="10" y="193" width="190" height="88"/>
</OView>
<OView class="oracle.dbtools.crest.swingui.relational.TVTable" oid="C37E0CFC-4403-D0F8-A2AD-9B39337589BB" otype="Table" vid="9B2B69A2-197B-59E9-B378-5D1B7530CB7B">
<hideElementsInCurrentOnly>false</hideElementsInCurrentOnly>
<bounds x="408" y="589" width="386" height="119"/>
</OView>
<OView class="oracle.dbtools.crest.swingui.relational.TVTable" oid="C4F72B79-8171-D0F9-AAA6-E58D273E6760" otype="Table" vid="16366684-FCE2-3DE4-B498-CD39FAD6DE4B">
<hideElementsInCurrentOnly>false</hideElementsInCurrentOnly>
<bounds x="417" y="752" width="213" height="91"/>
</OView>
<OView class="oracle.dbtools.crest.swingui.relational.TVTable" oid="D16AAAC9-F2FB-CF0A-314A-7981BFEBCCEF" otype="Table" vid="EB39AC51-2493-3941-E5B6-1301F01DFCF4">
<hideElementsInCurrentOnly>false</hideElementsInCurrentOnly>
<bounds x="9" y="26" width="187" height="84"/>
</OView>
<OView class="oracle.dbtools.crest.swingui.relational.TVTable" oid="E25F9E01-E8C5-FB7C-4518-4C3AAB6F6781" otype="Table" vid="BF070C47-4813-1345-D24D-342C4846D681">
<hideElementsInCurrentOnly>false</hideElementsInCurrentOnly>
<bounds x="550" y="20" width="273" height="150"/>
</OView>
<OView class="oracle.dbtools.crest.swingui.relational.TVTable" oid="EBA7E44A-A8F9-17C3-9708-8F51C6CBDA95" otype="Table" vid="3F74AD07-5090-6933-2222-1791A75950EB">
<hideElementsInCurrentOnly>false</hideElementsInCurrentOnly>
<bounds x="227" y="155" width="311" height="365"/>
</OView>
<OView class="oracle.dbtools.crest.swingui.relational.TVTable" oid="F796DE5D-31FB-EA71-8A1B-458443BD846D" otype="Table" vid="402680C0-F906-A856-9B7A-05BA3FDD43AD">
<hideElementsInCurrentOnly>false</hideElementsInCurrentOnly>
<bounds x="652" y="223" width="448" height="209"/>
</OView>
</objectViews>
<connectors>
<Connector class="oracle.dbtools.crest.swingui.relational.TVFKRelation" oid="0892435B-6E59-FB57-3D61-755C8A223186" otype="FKIndexAssociation" vid_source="919051AC-1125-F22A-8F81-B3892C43C9BA" vid_target="3F74AD07-5090-6933-2222-1791A75950EB">
<hideElementsInCurrentOnly>false</hideElementsInCurrentOnly>
<backgroundColor>-16777216</backgroundColor>
<lineWidth>1</lineWidth>
<points>
<point x="200" y="222"/>
<point x="227" y="222"/>
</points>
</Connector>
<Connector class="oracle.dbtools.crest.swingui.relational.TVFKRelation" oid="14526F2F-3F99-BD0F-AF87-93AF22FF6159" otype="FKIndexAssociation" vid_source="4DD83E1E-6A45-12F2-E7EF-2A5B7983A734" vid_target="773B6509-B104-26A6-0C2B-B038570B79E7">
<hideElementsInCurrentOnly>false</hideElementsInCurrentOnly>
<backgroundColor>-16777216</backgroundColor>
<lineWidth>1</lineWidth>
<points>
<point x="1211" y="260"/>
<point x="1211" y="196"/>
</points>
</Connector>
<Connector class="oracle.dbtools.crest.swingui.relational.TVFKRelation" oid="3E35AA42-C2F4-B8C9-BE78-2FA751BED67E" otype="FKIndexAssociation" vid_source="22D1C268-D9A5-C635-EC34-73682454E816" vid_target="3F74AD07-5090-6933-2222-1791A75950EB">
<hideElementsInCurrentOnly>false</hideElementsInCurrentOnly>
<backgroundColor>-16777216</backgroundColor>
<lineWidth>1</lineWidth>
<points>
<point x="178" y="351"/>
<point x="227" y="351"/>
</points>
</Connector>
<Connector class="oracle.dbtools.crest.swingui.relational.TVFKRelation" oid="3EE089C8-8577-877B-D204-31510A38ECAD" otype="FKIndexAssociation" vid_source="2B4E0736-1342-9682-92C4-0808AC30EDE6" vid_target="9B2B69A2-197B-59E9-B378-5D1B7530CB7B">
<hideElementsInCurrentOnly>false</hideElementsInCurrentOnly>
<backgroundColor>-16777216</backgroundColor>
<lineWidth>1</lineWidth>
<points>
<point x="719" y="753"/>
<point x="719" y="708"/>
</points>
</Connector>
<Connector class="oracle.dbtools.crest.swingui.relational.TVFKRelation" oid="425373A6-80BB-2C84-9544-227A2B732960" otype="FKIndexAssociation" vid_source="16366684-FCE2-3DE4-B498-CD39FAD6DE4B" vid_target="1346D782-5801-E933-DD18-7E3476CED9A5">
<hideElementsInCurrentOnly>false</hideElementsInCurrentOnly>
<backgroundColor>-16777216</backgroundColor>
<lineWidth>1</lineWidth>
<points>
<point x="417" y="788"/>
<point x="355" y="788"/>
</points>
</Connector>
<Connector class="oracle.dbtools.crest.swingui.relational.TVFKRelation" oid="47CCC683-7704-3A8B-162E-1A91F66D0546" otype="FKIndexAssociation" vid_source="773B6509-B104-26A6-0C2B-B038570B79E7" vid_target="402680C0-F906-A856-9B7A-05BA3FDD43AD">
<hideElementsInCurrentOnly>false</hideElementsInCurrentOnly>
<backgroundColor>-16777216</backgroundColor>
<lineWidth>1</lineWidth>
<points>
<point x="1039" y="196"/>
<point x="1039" y="223"/>
</points>
</Connector>
<Connector class="oracle.dbtools.crest.swingui.relational.TVFKRelation" oid="57A658E4-A403-9744-D716-6A0DB6BBC68A" otype="FKIndexAssociation" vid_source="773B6509-B104-26A6-0C2B-B038570B79E7" vid_target="1413C88F-EEB4-65EF-D6ED-44FA109CB7C9">
<hideElementsInCurrentOnly>false</hideElementsInCurrentOnly>
<backgroundColor>-16777216</backgroundColor>
<lineWidth>1</lineWidth>
<points>
<point x="1122" y="196"/>
<point x="1122" y="656"/>
</points>
</Connector>
<Connector class="oracle.dbtools.crest.swingui.relational.TVFKRelation" oid="58B27671-F15C-237A-EBF0-C7D8DFDA3F25" otype="FKIndexAssociation" vid_source="EB39AC51-2493-3941-E5B6-1301F01DFCF4" vid_target="85AED941-B9BD-AA57-9966-B9C431E97526">
<hideElementsInCurrentOnly>false</hideElementsInCurrentOnly>
<backgroundColor>-16777216</backgroundColor>
<lineWidth>1</lineWidth>
<points>
<point x="196" y="85"/>
<point x="239" y="85"/>
</points>
</Connector>
<Connector class="oracle.dbtools.crest.swingui.relational.TVFKRelation" oid="7C872E53-0A62-2B78-5250-1F33341F7342" otype="FKIndexAssociation" vid_source="FF2468F5-977D-1ED4-4F97-A2AFC3310BA6" vid_target="3F74AD07-5090-6933-2222-1791A75950EB">
<hideElementsInCurrentOnly>false</hideElementsInCurrentOnly>
<backgroundColor>-16777216</backgroundColor>
<lineWidth>1</lineWidth>
<points>
<point x="886" y="497"/>
<point x="538" y="497"/>
</points>
</Connector>
<Connector class="oracle.dbtools.crest.swingui.relational.TVFKRelation" oid="7EE209C1-34AF-BD3B-98A8-D993877C5983" otype="FKIndexAssociation" vid_source="3F74AD07-5090-6933-2222-1791A75950EB" vid_target="3F74AD07-5090-6933-2222-1791A75950EB">
<hideElementsInCurrentOnly>false</hideElementsInCurrentOnly>
<backgroundColor>-16777216</backgroundColor>
<lineWidth>1</lineWidth>
<points>
<point x="538" y="400"/>
<point x="563" y="400"/>
<point x="569" y="556"/>
<point x="428" y="560"/>
<point x="428" y="520"/>
</points>
</Connector>
<Connector class="oracle.dbtools.crest.swingui.relational.TVFKRelation" oid="8042D4BA-095E-E4A8-5036-3108B531145F" otype="FKIndexAssociation" vid_source="3F74AD07-5090-6933-2222-1791A75950EB" vid_target="1413C88F-EEB4-65EF-D6ED-44FA109CB7C9">
<hideElementsInCurrentOnly>false</hideElementsInCurrentOnly>
<backgroundColor>-16777216</backgroundColor>
<lineWidth>1</lineWidth>
<points>
<point x="538" y="425"/>
<point x="943" y="656"/>
</points>
</Connector>
<Connector class="oracle.dbtools.crest.swingui.relational.TVFKRelation" oid="8621B250-A468-553F-F088-8DA712245875" otype="FKIndexAssociation" vid_source="3F74AD07-5090-6933-2222-1791A75950EB" vid_target="301762C1-BBC1-CEC2-3FDA-56CF313B891A">
<hideElementsInCurrentOnly>false</hideElementsInCurrentOnly>
<backgroundColor>-16777216</backgroundColor>
<lineWidth>1</lineWidth>
<points>
<point x="273" y="520"/>
<point x="273" y="566"/>
</points>
</Connector>
<Connector class="oracle.dbtools.crest.swingui.relational.TVFKRelation" oid="8ECD6CB7-F106-9FB7-E95A-AB96EBE3FD5A" otype="FKIndexAssociation" vid_source="BF070C47-4813-1345-D24D-342C4846D681" vid_target="773B6509-B104-26A6-0C2B-B038570B79E7">
<hideElementsInCurrentOnly>false</hideElementsInCurrentOnly>
<backgroundColor>-16777216</backgroundColor>
<lineWidth>1</lineWidth>
<points>
<point x="823" y="97"/>
<point x="978" y="97"/>
</points>
</Connector>
<Connector class="oracle.dbtools.crest.swingui.relational.TVFKRelation" oid="93B9E1C7-0207-1673-8A25-E606CEFE7640" otype="FKIndexAssociation" vid_source="FF2468F5-977D-1ED4-4F97-A2AFC3310BA6" vid_target="402680C0-F906-A856-9B7A-05BA3FDD43AD">
<hideElementsInCurrentOnly>false</hideElementsInCurrentOnly>
<backgroundColor>-16777216</backgroundColor>
<lineWidth>1</lineWidth>
<points>
<point x="984" y="475"/>
<point x="984" y="432"/>
</points>
</Connector>
<Connector class="oracle.dbtools.crest.swingui.relational.TVFKRelation" oid="A2E154CF-669C-70AB-93A0-C28100345E1D" otype="FKIndexAssociation" vid_source="85AED941-B9BD-AA57-9966-B9C431E97526" vid_target="BF070C47-4813-1345-D24D-342C4846D681">
<hideElementsInCurrentOnly>false</hideElementsInCurrentOnly>
<backgroundColor>-16777216</backgroundColor>
<lineWidth>1</lineWidth>
<points>
<point x="484" y="89"/>
<point x="550" y="89"/>
</points>
</Connector>
<Connector class="oracle.dbtools.crest.swingui.relational.TVFKRelation" oid="C200FD4B-FFFA-4988-D192-5E09FCE94F4F" otype="FKIndexAssociation" vid_source="3F74AD07-5090-6933-2222-1791A75950EB" vid_target="9B2B69A2-197B-59E9-B378-5D1B7530CB7B">
<hideElementsInCurrentOnly>false</hideElementsInCurrentOnly>
<backgroundColor>-16777216</backgroundColor>
<lineWidth>1</lineWidth>
<points>
<point x="473" y="520"/>
<point x="473" y="589"/>
</points>
</Connector>
<Connector class="oracle.dbtools.crest.swingui.relational.TVFKRelation" oid="DD710970-C7BF-D180-96D0-3619CD15687A" otype="FKIndexAssociation" vid_source="BF070C47-4813-1345-D24D-342C4846D681" vid_target="3F74AD07-5090-6933-2222-1791A75950EB">
<hideElementsInCurrentOnly>false</hideElementsInCurrentOnly>
<backgroundColor>-16777216</backgroundColor>
<lineWidth>1</lineWidth>
<points>
<point x="550" y="162"/>
<point x="538" y="162"/>
</points>
</Connector>
<Connector class="oracle.dbtools.crest.swingui.relational.TVFKRelation" oid="E4FFD2CF-1FF0-4F45-8430-5D4E4BA4EC3E" otype="FKIndexAssociation" vid_source="3F74AD07-5090-6933-2222-1791A75950EB" vid_target="1346D782-5801-E933-DD18-7E3476CED9A5">
<hideElementsInCurrentOnly>false</hideElementsInCurrentOnly>
<backgroundColor>-16777216</backgroundColor>
<lineWidth>1</lineWidth>
<points>
<point x="393" y="520"/>
<point x="393" y="568"/>
<point x="355" y="700"/>
</points>
</Connector>
<Connector class="oracle.dbtools.crest.swingui.relational.TVFKRelation" oid="EB1B29BD-D568-29AB-E810-7050856DA3D6" otype="FKIndexAssociation" vid_source="3F74AD07-5090-6933-2222-1791A75950EB" vid_target="402680C0-F906-A856-9B7A-05BA3FDD43AD">
<hideElementsInCurrentOnly>false</hideElementsInCurrentOnly>
<backgroundColor>-16777216</backgroundColor>
<lineWidth>1</lineWidth>
<points>
<point x="538" y="327"/>
<point x="652" y="327"/>
</points>
</Connector>
</connectors>
<arcs>
<Arc class="oracle.dbtools.crest.swingui.relational.TVFKArc" oid="E45EF057-EDB2-9FCB-2C4E-43B99E212B86" otype="FKArc" vid="6CACB760-51AE-3B44-549C-8367F0D96D48">
<hideElementsInCurrentOnly>false</hideElementsInCurrentOnly>
<bounds x="207" y="135" width="351" height="405"/>
</Arc>
</arcs>
</Diagram>