<?xml version = '1.0' encoding = 'UTF-8'?>
<FKIndexAssociation class="oracle.dbtools.crest.model.design.relational.FKIndexAssociation" directorySegmentName="seg_0" id="0892435B-6E59-FB57-3D61-755C8A223186" containerWithKeyObject="EBA7E44A-A8F9-17C3-9708-8F51C6CBDA95" localFKIndex="10117CFA-82D3-1F15-A8FB-EED06C3EE69B" name="PERSONAL_AFP_FK">
<createdBy>tazja</createdBy>
<createdTime>2025-10-12 16:38:39 UTC</createdTime>
<generatorID>B51E6EE8-6D40-E555-A9AE-6113AA391031</generatorID>
<ownerDesignName>eft_s9</ownerDesignName>
<referredTableLongName>AFP</referredTableLongName>
<deleteRule>NO ACTION</deleteRule>
<referredTableID>BD90E7E5-1DE1-085E-FFCA-383BDF798A3C</referredTableID>
<keyObject>109E7138-662B-F2CA-03E3-C9560A14A81D</keyObject>
<referredKeyID>109E7138-662B-F2CA-03E3-C9560A14A81D</referredKeyID>
<mandatory>true</mandatory>
<refColNames>id_afp</refColNames>
<transferable>true</transferable>
<rely>false</rely>
<columnDependencyConstraintGenerateInDDL>true</columnDependencyConstraintGenerateInDDL>
</FKIndexAssociation>