<?xml version = '1.0' encoding = 'UTF-8'?>
<FKIndexAssociation class="oracle.dbtools.crest.model.design.relational.FKIndexAssociation" directorySegmentName="seg_0" id="14526F2F-3F99-BD0F-AF87-93AF22FF6159" containerWithKeyObject="A8CE7640-57FB-17EB-37E2-806821C89EFB" localFKIndex="0D03EAA1-53A0-1667-CB62-116ECA6CE253" name="MAQUINA_T_MAQUINA_FK">
<createdBy>tazja</createdBy>
<createdTime>2025-10-12 16:38:39 UTC</createdTime>
<generatorID>1910B86D-F2DC-F8BC-2A6F-612857D9CADF</generatorID>
<ownerDesignName>eft_s9</ownerDesignName>
<referredTableLongName>T_MAQUINA</referredTableLongName>
<deleteRule>NO ACTION</deleteRule>
<referredTableID>80D2BC4C-6370-BA65-8FB6-E8D6342FE063</referredTableID>
<keyObject>A02417EF-CE19-0119-5BAB-F95C8E7637A8</keyObject>
<referredKeyID>A02417EF-CE19-0119-5BAB-F95C8E7637A8</referredKeyID>
<mandatory>true</mandatory>
<refColNames>id_tipo</refColNames>
<transferable>true</transferable>
<rely>false</rely>
<columnDependencyConstraintGenerateInDDL>true</columnDependencyConstraintGenerateInDDL>
</FKIndexAssociation>