<?xml version = '1.0' encoding = 'UTF-8'?>
<FKIndexAssociation class="oracle.dbtools.crest.model.design.relational.FKIndexAssociation" directorySegmentName="seg_0" id="3E35AA42-C2F4-B8C9-BE78-2FA751BED67E" containerWithKeyObject="EBA7E44A-A8F9-17C3-9708-8F51C6CBDA95" localFKIndex="1F95E8D3-3DAE-7102-F802-84C26EB7AB07" name="PERSONAL_SALUD_FK">
<createdBy>tazja</createdBy>
<createdTime>2025-10-12 16:38:39 UTC</createdTime>
<generatorID>B6811854-DF70-CA8F-FF7E-DF5C05BB1CD6</generatorID>
<ownerDesignName>eft_s9</ownerDesignName>
<referredTableLongName>SALUD</referredTableLongName>
<deleteRule>NO ACTION</deleteRule>
<referredTableID>5FF8C444-A49A-94A5-6E05-3A0422D98B32</referredTableID>
<keyObject>C52B6CB3-3E11-C237-BDDB-569C6B89FAB4</keyObject>
<referredKeyID>C52B6CB3-3E11-C237-BDDB-569C6B89FAB4</referredKeyID>
<mandatory>true</mandatory>
<refColNames>id_salud</refColNames>
<transferable>true</transferable>
<rely>false</rely>
<columnDependencyConstraintGenerateInDDL>true</columnDependencyConstraintGenerateInDDL>
</FKIndexAssociation>