<?xml version = '1.0' encoding = 'UTF-8'?>
<FKIndexAssociation class="oracle.dbtools.crest.model.design.relational.FKIndexAssociation" directorySegmentName="seg_0" id="3EE089C8-8577-877B-D204-31510A38ECAD" containerWithKeyObject="C37E0CFC-4403-D0F8-A2AD-9B39337589BB" localFKIndex="36F1886A-1BBD-70F3-0FB2-6E4F5C9AFB53" name="TEC_MANTENCION_ESPECIALIDAD_FK">
<createdBy>tazja</createdBy>
<createdTime>2025-10-12 16:38:39 UTC</createdTime>
<generatorID>415056F5-D5E4-FC06-87C3-DB08E1E45B18</generatorID>
<ownerDesignName>eft_s9</ownerDesignName>
<referredTableLongName>ESPECIALIDAD</referredTableLongName>
<deleteRule>NO ACTION</deleteRule>
<referredTableID>AA574DA6-DEF7-3373-21BB-115DD28236D4</referredTableID>
<keyObject>0D3E09AA-0FFA-24A1-D6CB-90F940288C90</keyObject>
<referredKeyID>0D3E09AA-0FFA-24A1-D6CB-90F940288C90</referredKeyID>
<mandatory>true</mandatory>
<refColNames>id_espec</refColNames>
<transferable>true</transferable>
<rely>false</rely>
<columnDependencyConstraintGenerateInDDL>true</columnDependencyConstraintGenerateInDDL>
</FKIndexAssociation>