<?xml version = '1.0' encoding = 'UTF-8'?>
<FKIndexAssociation class="oracle.dbtools.crest.model.design.relational.FKIndexAssociation" directorySegmentName="seg_0" id="425373A6-80BB-2C84-9544-227A2B732960" containerWithKeyObject="A14B69B0-65B0-DE86-772D-BFEC698731A6" localFKIndex="9CD034B8-1D3D-2A5D-564B-ECB020620194" name="OPERARIO_CAT_PROCESO_FK">
<createdBy>tazja</createdBy>
<createdTime>2025-10-12 16:38:39 UTC</createdTime>
<generatorID>02DC0F52-849B-4744-201F-450644C9BB57</generatorID>
<ownerDesignName>eft_s9</ownerDesignName>
<referredTableLongName>CAT_PROCESO</referredTableLongName>
<deleteRule>NO ACTION</deleteRule>
<referredTableID>C4F72B79-8171-D0F9-AAA6-E58D273E6760</referredTableID>
<keyObject>8FDA413E-D5D8-EFF0-9868-C3D28D0DA572</keyObject>
<referredKeyID>8FDA413E-D5D8-EFF0-9868-C3D28D0DA572</referredKeyID>
<mandatory>true</mandatory>
<refColNames>id_categoria</refColNames>
<transferable>true</transferable>
<rely>false</rely>
<columnDependencyConstraintGenerateInDDL>true</columnDependencyConstraintGenerateInDDL>
</FKIndexAssociation>