<?xml version = '1.0' encoding = 'UTF-8'?>
<FKIndexAssociation class="oracle.dbtools.crest.model.design.relational.FKIndexAssociation" directorySegmentName="seg_0" id="47CCC683-7704-3A8B-162E-1A91F66D0546" containerWithKeyObject="F796DE5D-31FB-EA71-8A1B-458443BD846D" localFKIndex="4E191712-6E21-679E-DF11-AA88D34B9150" name="ASIG_TURNO_MAQUINA_FK">
<createdBy>tazja</createdBy>
<createdTime>2025-10-12 16:38:39 UTC</createdTime>
<generatorID>CBE2BF8B-C966-DB96-4630-B51ECC52C0CB</generatorID>
<ownerDesignName>eft_s9</ownerDesignName>
<referredTableLongName>MAQUINA</referredTableLongName>
<deleteRule>NO ACTION</deleteRule>
<referredTableID>A8CE7640-57FB-17EB-37E2-806821C89EFB</referredTableID>
<keyObject>81C28F67-0A49-28C0-9B08-00D68DC4A20E</keyObject>
<referredKeyID>81C28F67-0A49-28C0-9B08-00D68DC4A20E</referredKeyID>
<mandatory>true</mandatory>
<refColNames>id_maquina,PLANTA_id_planta</refColNames>
<transferable>true</transferable>
<rely>false</rely>
<columnDependencyConstraintGenerateInDDL>true</columnDependencyConstraintGenerateInDDL>
</FKIndexAssociation>