<?xml version = '1.0' encoding = 'UTF-8'?>
<FKIndexAssociation class="oracle.dbtools.crest.model.design.relational.FKIndexAssociation" directorySegmentName="seg_0" id="57A658E4-A403-9744-D716-6A0DB6BBC68A" containerWithKeyObject="584225A6-489E-3962-03F4-2C761DF3AB36" localFKIndex="83FD03D3-707B-7BB5-D270-E3612AEF9322" name="O_MANTEN_MAQ_MAQUINA_FK">
<createdBy>tazja</createdBy>
<createdTime>2025-10-12 16:38:39 UTC</createdTime>
<generatorID>A3F547B0-17DE-8B71-E394-0131472C522F</generatorID>
<ownerDesignName>eft_s9</ownerDesignName>
<referredTableLongName>MAQUINA</referredTableLongName>
<deleteRule>NO ACTION</deleteRule>
<referredTableID>A8CE7640-57FB-17EB-37E2-806821C89EFB</referredTableID>
<keyObject>81C28F67-0A49-28C0-9B08-00D68DC4A20E</keyObject>
<referredKeyID>81C28F67-0A49-28C0-9B08-00D68DC4A20E</referredKeyID>
<mandatory>true</mandatory>
<refColNames>id_maquina,PLANTA_id_planta</refColNames>
<transferable>true</transferable>
<rely>false</rely>
<columnDependencyConstraintGenerateInDDL>true</columnDependencyConstraintGenerateInDDL>
</FKIndexAssociation>