<?xml version = '1.0' encoding = 'UTF-8'?>
<FKIndexAssociation class="oracle.dbtools.crest.model.design.relational.FKIndexAssociation" directorySegmentName="seg_0" id="58B27671-F15C-237A-EBF0-C7D8DFDA3F25" containerWithKeyObject="03E44EA7-2B38-EBC5-2FCB-AE6BCC2042C6" localFKIndex="F96E7D88-06AE-FFEE-9792-C6D2A1FE972D" name="COMUNA_REGION_FK">
<createdBy>tazja</createdBy>
<createdTime>2025-10-12 16:38:39 UTC</createdTime>
<generatorID>B39A2375-4F9F-9C08-CF2D-F8025962DD28</generatorID>
<ownerDesignName>eft_s9</ownerDesignName>
<referredTableLongName>REGION</referredTableLongName>
<deleteRule>NO ACTION</deleteRule>
<referredTableID>D16AAAC9-F2FB-CF0A-314A-7981BFEBCCEF</referredTableID>
<keyObject>7550528D-ABF2-FCE6-0C23-C6DC0C572BC4</keyObject>
<referredKeyID>7550528D-ABF2-FCE6-0C23-C6DC0C572BC4</referredKeyID>
<mandatory>true</mandatory>
<refColNames>id_region</refColNames>
<transferable>true</transferable>
<rely>false</rely>
<columnDependencyConstraintGenerateInDDL>true</columnDependencyConstraintGenerateInDDL>
</FKIndexAssociation>