<?xml version = '1.0' encoding = 'UTF-8'?>
<FKIndexAssociation class="oracle.dbtools.crest.model.design.relational.FKIndexAssociation" directorySegmentName="seg_0" id="7C872E53-0A62-2B78-5250-1F33341F7342" containerWithKeyObject="EBA7E44A-A8F9-17C3-9708-8F51C6CBDA95" localFKIndex="9D588F35-00EF-1065-BE60-A093761ED3D5" name="PERSONAL_TURNO_FK">
<createdBy>tazja</createdBy>
<createdTime>2025-10-12 16:38:39 UTC</createdTime>
<generatorID>6AD5ACF6-2B77-0FC6-327B-CC82685E4FB9</generatorID>
<ownerDesignName>eft_s9</ownerDesignName>
<referredTableLongName>TURNO</referredTableLongName>
<deleteRule>NO ACTION</deleteRule>
<referredTableID>7D45E7AD-AACD-2BAC-22E4-B8217AEC44C6</referredTableID>
<keyObject>9EEFB6F6-D2A3-C8DB-5D7D-4C51D8C95D46</keyObject>
<referredKeyID>9EEFB6F6-D2A3-C8DB-5D7D-4C51D8C95D46</referredKeyID>
<mandatory>true</mandatory>
<refColNames>id_turno</refColNames>
<transferable>true</transferable>
<rely>false</rely>
<columnDependencyConstraintGenerateInDDL>true</columnDependencyConstraintGenerateInDDL>
</FKIndexAssociation>