<?xml version = '1.0' encoding = 'UTF-8'?>
<FKIndexAssociation class="oracle.dbtools.crest.model.design.relational.FKIndexAssociation" directorySegmentName="seg_0" id="8042D4BA-095E-E4A8-5036-3108B531145F" containerWithKeyObject="584225A6-489E-3962-03F4-2C761DF3AB36" localFKIndex="56E863CF-E691-61ED-64F3-50437B57BE0F" name="O_MANTEN_MAQ_PERSONAL_FK">
<createdBy>tazja</createdBy>
<createdTime>2025-10-12 16:38:39 UTC</createdTime>
<generatorID>E29D0775-D733-73DA-4EC6-212306881338</generatorID>
<ownerDesignName>eft_s9</ownerDesignName>
<referredTableLongName>PERSONAL</referredTableLongName>
<deleteRule>NO ACTION</deleteRule>
<referredTableID>EBA7E44A-A8F9-17C3-9708-8F51C6CBDA95</referredTableID>
<keyObject>F4C9925F-B60A-4F9E-E1B1-189E8E31B96D</keyObject>
<referredKeyID>F4C9925F-B60A-4F9E-E1B1-189E8E31B96D</referredKeyID>
<mandatory>true</mandatory>
<refColNames>id_personal</refColNames>
<transferable>true</transferable>
<rely>false</rely>
<columnDependencyConstraintGenerateInDDL>true</columnDependencyConstraintGenerateInDDL>
</FKIndexAssociation>