<?xml version = '1.0' encoding = 'UTF-8'?>
<FKIndexAssociation class="oracle.dbtools.crest.model.design.relational.FKIndexAssociation" directorySegmentName="seg_0" id="8621B250-A468-553F-F088-8DA712245875" containerWithKeyObject="6EB295E0-A1BF-1851-023E-A702BE51F8D2" localFKIndex="6CFE77F8-0234-C22A-A49B-AA6E17920C08" name="J_TURNO_PERSONAL_FK">
<createdBy>tazja</createdBy>
<createdTime>2025-10-12 16:38:39 UTC</createdTime>
<generatorID>20C6FA87-723F-605D-A65E-C408F7694597</generatorID>
<ownerDesignName>eft_s9</ownerDesignName>
<referredTableLongName>PERSONAL</referredTableLongName>
<arc>E45EF057-EDB2-9FCB-2C4E-43B99E212B86</arc>
<deleteRule>NO ACTION</deleteRule>
<referredTableID>EBA7E44A-A8F9-17C3-9708-8F51C6CBDA95</referredTableID>
<keyObject>F4C9925F-B60A-4F9E-E1B1-189E8E31B96D</keyObject>
<referredKeyID>F4C9925F-B60A-4F9E-E1B1-189E8E31B96D</referredKeyID>
<mandatory>true</mandatory>
<refColNames>id_personal</refColNames>
<transferable>true</transferable>
<rely>false</rely>
<discriminatorValue>1</discriminatorValue>
<columnDependencyConstraintGenerateInDDL>true</columnDependencyConstraintGenerateInDDL>
</FKIndexAssociation>