<?xml version = '1.0' encoding = 'UTF-8'?>
<FKIndexAssociation class="oracle.dbtools.crest.model.design.relational.FKIndexAssociation" directorySegmentName="seg_0" id="8ECD6CB7-F106-9FB7-E95A-AB96EBE3FD5A" containerWithKeyObject="A8CE7640-57FB-17EB-37E2-806821C89EFB" localFKIndex="99618867-A45C-A185-1D78-B4E6101327AC" name="MAQUINA_PLANTA_FK">
<createdBy>tazja</createdBy>
<createdTime>2025-10-12 16:38:39 UTC</createdTime>
<generatorID>71E6E11A-8DCA-0F3E-C6E5-F4F7455F19BF</generatorID>
<ownerDesignName>eft_s9</ownerDesignName>
<referredTableLongName>PLANTA</referredTableLongName>
<deleteRule>NO ACTION</deleteRule>
<referredTableID>E25F9E01-E8C5-FB7C-4518-4C3AAB6F6781</referredTableID>
<keyObject>BF91A8D5-8987-14A4-341B-751B4B10429F</keyObject>
<referredKeyID>BF91A8D5-8987-14A4-341B-751B4B10429F</referredKeyID>
<mandatory>true</mandatory>
<refColNames>id_planta</refColNames>
<transferable>true</transferable>
<rely>false</rely>
<columnDependencyConstraintGenerateInDDL>true</columnDependencyConstraintGenerateInDDL>
</FKIndexAssociation>