<?xml version = '1.0' encoding = 'UTF-8'?>
<FKIndexAssociation class="oracle.dbtools.crest.model.design.relational.FKIndexAssociation" directorySegmentName="seg_0" id="93B9E1C7-0207-1673-8A25-E606CEFE7640" containerWithKeyObject="F796DE5D-31FB-EA71-8A1B-458443BD846D" localFKIndex="6384E937-93D8-3E04-7291-AAEEB5D9D58B" name="ASIG_TURNO_TURNO_FK">
<createdBy>tazja</createdBy>
<createdTime>2025-10-12 16:38:39 UTC</createdTime>
<generatorID>50B3F881-CAD7-3365-AADA-42413E988D23</generatorID>
<ownerDesignName>eft_s9</ownerDesignName>
<referredTableLongName>TURNO</referredTableLongName>
<deleteRule>NO ACTION</deleteRule>
<referredTableID>7D45E7AD-AACD-2BAC-22E4-B8217AEC44C6</referredTableID>
<keyObject>9EEFB6F6-D2A3-C8DB-5D7D-4C51D8C95D46</keyObject>
<referredKeyID>9EEFB6F6-D2A3-C8DB-5D7D-4C51D8C95D46</referredKeyID>
<mandatory>true</mandatory>
<refColNames>id_turno</refColNames>
<transferable>true</transferable>
<rely>false</rely>
<columnDependencyConstraintGenerateInDDL>true</columnDependencyConstraintGenerateInDDL>
</FKIndexAssociation>