<?xml version = '1.0' encoding = 'UTF-8'?>
<FKIndexAssociation class="oracle.dbtools.crest.model.design.relational.FKIndexAssociation" directorySegmentName="seg_0" id="A2E154CF-669C-70AB-93A0-C28100345E1D" containerWithKeyObject="E25F9E01-E8C5-FB7C-4518-4C3AAB6F6781" localFKIndex="FFEAAD2C-AA13-D2CF-2806-B3CCA3EA1907" name="PLANTA_COMUNA_FK">
<createdBy>tazja</createdBy>
<createdTime>2025-10-12 16:38:39 UTC</createdTime>
<generatorID>C45E9A34-5EC7-8F09-8C35-89DDB0FA772C</generatorID>
<ownerDesignName>eft_s9</ownerDesignName>
<referredTableLongName>COMUNA</referredTableLongName>
<deleteRule>NO ACTION</deleteRule>
<referredTableID>03E44EA7-2B38-EBC5-2FCB-AE6BCC2042C6</referredTableID>
<keyObject>FCDEEB34-2B62-096E-D3D4-0418C47F71E9</keyObject>
<referredKeyID>FCDEEB34-2B62-096E-D3D4-0418C47F71E9</referredKeyID>
<mandatory>true</mandatory>
<refColNames>id_comuna</refColNames>
<transferable>true</transferable>
<rely>false</rely>
<columnDependencyConstraintGenerateInDDL>true</columnDependencyConstraintGenerateInDDL>
</FKIndexAssociation>