<?xml version = '1.0' encoding = 'UTF-8'?>
<FKIndexAssociation class="oracle.dbtools.crest.model.design.relational.FKIndexAssociation" directorySegmentName="seg_0" id="C200FD4B-FFFA-4988-D192-5E09FCE94F4F" containerWithKeyObject="C37E0CFC-4403-D0F8-A2AD-9B39337589BB" localFKIndex="2FC6BD0E-2AA2-B3D5-8255-C33D81C1A70F" name="TEC_MANTENCION_PERSONAL_FK">
<createdBy>tazja</createdBy>
<createdTime>2025-10-12 16:38:39 UTC</createdTime>
<generatorID>1593E645-69D5-2A4C-EBF7-761FA4F00010</generatorID>
<ownerDesignName>eft_s9</ownerDesignName>
<referredTableLongName>PERSONAL</referredTableLongName>
<arc>E45EF057-EDB2-9FCB-2C4E-43B99E212B86</arc>
<deleteRule>NO ACTION</deleteRule>
<referredTableID>EBA7E44A-A8F9-17C3-9708-8F51C6CBDA95</referredTableID>
<keyObject>F4C9925F-B60A-4F9E-E1B1-189E8E31B96D</keyObject>
<referredKeyID>F4C9925F-B60A-4F9E-E1B1-189E8E31B96D</referredKeyID>
<mandatory>true</mandatory>
<refColNames>id_personal</refColNames>
<transferable>true</transferable>
<rely>false</rely>
<discriminatorValue>3</discriminatorValue>
<columnDependencyConstraintGenerateInDDL>true</columnDependencyConstraintGenerateInDDL>
</FKIndexAssociation>