<?xml version = '1.0' encoding = 'UTF-8'?>
<FKIndexAssociation class="oracle.dbtools.crest.model.design.relational.FKIndexAssociation" directorySegmentName="seg_0" id="DD710970-C7BF-D180-96D0-3619CD15687A" containerWithKeyObject="EBA7E44A-A8F9-17C3-9708-8F51C6CBDA95" localFKIndex="29C837BE-D4D4-8287-7046-3BEB24E5DEFD" name="PERSONAL_PLANTA_FK">
<createdBy>tazja</createdBy>
<createdTime>2025-10-12 16:38:39 UTC</createdTime>
<generatorID>C7062373-E9F8-0747-D4FC-B3A427CBD045</generatorID>
<ownerDesignName>eft_s9</ownerDesignName>
<referredTableLongName>PLANTA</referredTableLongName>
<deleteRule>NO ACTION</deleteRule>
<referredTableID>E25F9E01-E8C5-FB7C-4518-4C3AAB6F6781</referredTableID>
<keyObject>BF91A8D5-8987-14A4-341B-751B4B10429F</keyObject>
<referredKeyID>BF91A8D5-8987-14A4-341B-751B4B10429F</referredKeyID>
<mandatory>true</mandatory>
<refColNames>id_planta</refColNames>
<transferable>true</transferable>
<rely>false</rely>
<columnDependencyConstraintGenerateInDDL>true</columnDependencyConstraintGenerateInDDL>
</FKIndexAssociation>