<?xml version = '1.0' encoding = 'UTF-8'?>
<FKIndexAssociation class="oracle.dbtools.crest.model.design.relational.FKIndexAssociation" directorySegmentName="seg_0" id="E4FFD2CF-1FF0-4F45-8430-5D4E4BA4EC3E" containerWithKeyObject="A14B69B0-65B0-DE86-772D-BFEC698731A6" localFKIndex="8AC91769-55D7-7497-0C2C-5219A6DA4382" name="OPERARIO_PERSONAL_FK">
<createdBy>tazja</createdBy>
<createdTime>2025-10-12 16:38:39 UTC</createdTime>
<generatorID>17FF552D-6418-1B64-D19B-F2DFA826712F</generatorID>
<ownerDesignName>eft_s9</ownerDesignName>
<referredTableLongName>PERSONAL</referredTableLongName>
<arc>E45EF057-EDB2-9FCB-2C4E-43B99E212B86</arc>
<deleteRule>NO ACTION</deleteRule>
<referredTableID>EBA7E44A-A8F9-17C3-9708-8F51C6CBDA95</referredTableID>
<keyObject>F4C9925F-B60A-4F9E-E1B1-189E8E31B96D</keyObject>
<referredKeyID>F4C9925F-B60A-4F9E-E1B1-189E8E31B96D</referredKeyID>
<mandatory>true</mandatory>
<refColNames>id_personal</refColNames>
<transferable>true</transferable>
<rely>false</rely>
<discriminatorValue>2</discriminatorValue>
<columnDependencyConstraintGenerateInDDL>true</columnDependencyConstraintGenerateInDDL>
</FKIndexAssociation>