<?xml version = '1.0' encoding = 'UTF-8'?>
<FKIndexAssociation class="oracle.dbtools.crest.model.design.relational.FKIndexAssociation" directorySegmentName="seg_0" id="EB1B29BD-D568-29AB-E810-7050856DA3D6" containerWithKeyObject="F796DE5D-31FB-EA71-8A1B-458443BD846D" localFKIndex="D48B0705-2F46-EF04-3969-CEFAB813308B" name="ASIG_TURNO_PERSONAL_FK">
<createdBy>tazja</createdBy>
<createdTime>2025-10-12 16:38:39 UTC</createdTime>
<generatorID>412D6790-C593-8C19-6A5B-7C4B3B04B87D</generatorID>
<ownerDesignName>eft_s9</ownerDesignName>
<referredTableLongName>PERSONAL</referredTableLongName>
<deleteRule>NO ACTION</deleteRule>
<referredTableID>EBA7E44A-A8F9-17C3-9708-8F51C6CBDA95</referredTableID>
<keyObject>F4C9925F-B60A-4F9E-E1B1-189E8E31B96D</keyObject>
<referredKeyID>F4C9925F-B60A-4F9E-E1B1-189E8E31B96D</referredKeyID>
<mandatory>true</mandatory>
<refColNames>id_personal</refColNames>
<transferable>true</transferable>
<rely>false</rely>
<columnDependencyConstraintGenerateInDDL>true</columnDependencyConstraintGenerateInDDL>
</FKIndexAssociation>