<?xml version = '1.0' encoding = 'UTF-8'?>
<relationalModel class="oracle.dbtools.crest.model.design.relational.RelationalDesign" name="Relational_1" id="FBB65622-A2D7-6A06-1A15-C66650F1D87A" mainViewID="ACE509B1-6FC7-7D16-5829-A75C2F9ADBDA">
<createdBy>tazja</createdBy>
<createdTime>2025-08-23 21:02:10 UTC</createdTime>
<ownerDesignName>exp1_sem2_grupo7</ownerDesignName>
<shouldBeOpen>false</shouldBeOpen>
<selectedRDBMSSite>32076570-2523-435C-2E92-BF29817DFF70</selectedRDBMSSite>
</relationalModel>