<?xml version = '1.0' encoding = 'UTF-8'?>
<Diagram class="oracle.dbtools.crest.swingui.logical.DPVLogical" name="Logical" id="9938A375-3CC7-7BD2-F72F-E7DE96B703F8">
<createdBy>tazja</createdBy>
<modifiedBy>tazja</modifiedBy>
<createdTime>2025-08-30 14:39:33 UTC</createdTime>
<autoRoute>false</autoRoute>
<boxInbox>false</boxInbox>
<showLegend>false</showLegend>
<showLabels>false</showLabels>
<showRelAttributes>false</showRelAttributes>
<gridEnabled>false</gridEnabled>
<showGrid>false</showGrid>
<diagramColor>-1</diagramColor>
<display>false</display>
<notation>1</notation>
<objectViews>
<OView class="oracle.dbtools.crest.swingui.logical.TVEntity" oid="120CF03D-8219-B6BC-A972-5C727DEA817F" otype="Entity" vid="D415AF70-54B6-5095-0FEF-19A5AE92C40B">
<hideElementsInCurrentOnly>false</hideElementsInCurrentOnly>
<bounds x="1087" y="436" width="183" height="110"/>
</OView>
<OView class="oracle.dbtools.crest.swingui.logical.TVEntity" oid="16D0448E-BB05-59FC-0BB1-7EA84DC18F90" otype="Entity" vid="E9F84076-94AA-6D91-261C-C1DD0082686D">
<hideElementsInCurrentOnly>false</hideElementsInCurrentOnly>
<bounds x="882" y="400" width="191" height="157"/>
</OView>
<OView class="oracle.dbtools.crest.swingui.logical.TVEntity" oid="55C026E1-02FC-E1D3-8703-3B3B58E3C0FD" otype="Entity" vid="5CDF20D7-F05F-B194-CEC0-04F49C08A49D">
<hideElementsInCurrentOnly>false</hideElementsInCurrentOnly>
<bounds x="221" y="256" width="231" height="130"/>
</OView>
<OView class="oracle.dbtools.crest.swingui.logical.TVEntity" oid="5B5172BB-1871-B02D-5EA1-D78C6AC8427F" otype="Entity" vid="622B3A9B-1B6E-1567-DC88-7178C27EBEDE">
<hideElementsInCurrentOnly>false</hideElementsInCurrentOnly>
<bounds x="269" y="11" width="256" height="110"/>
</OView>
<OView class="oracle.dbtools.crest.swingui.logical.TVEntity" oid="8CC4E3CD-4F2D-82C8-DE2D-26D941454C64" otype="Entity" vid="36DD6881-D371-36EE-B245-9FD33B877909">
<hideElementsInCurrentOnly>false</hideElementsInCurrentOnly>
<bounds x="652" y="272" width="216" height="76"/>
</OView>
<OView class="oracle.dbtools.crest.swingui.logical.TVEntity" oid="93803243-F274-043E-AAF5-33E211413B3A" otype="Entity" vid="0559B962-AEE7-A65C-982C-8B0184721E74">
<hideElementsInCurrentOnly>false</hideElementsInCurrentOnly>
<bounds x="36" y="11" width="205" height="152"/>
</OView>
<OView class="oracle.dbtools.crest.swingui.logical.TVEntity" oid="9FEC83BC-2F70-4794-893E-35425898408B" otype="Entity" vid="116BE035-868A-A339-EEA4-14AA61FCEE85">
<hideElementsInCurrentOnly>false</hideElementsInCurrentOnly>
<bounds x="673" y="450" width="167" height="57"/>
</OView>
<OView class="oracle.dbtools.crest.swingui.logical.TVEntity" oid="B0A95797-303C-B9B1-3899-2DD98E0EC191" otype="Entity" vid="F1CC8C63-F0D1-739B-C119-982989BE3FD4">
<hideElementsInCurrentOnly>false</hideElementsInCurrentOnly>
<bounds x="566" y="31" width="364" height="197"/>
</OView>
<OView class="oracle.dbtools.crest.swingui.logical.TVEntity" oid="D3DB7743-A3F9-D788-AED6-ACC2B6F65EFB" otype="Entity" vid="AA99BFDB-B04C-D8FD-4D32-ECFC36EF9B9E">
<hideElementsInCurrentOnly>false</hideElementsInCurrentOnly>
<bounds x="1070" y="284" width="158" height="92"/>
</OView>
<OView class="oracle.dbtools.crest.swingui.logical.TVEntity" oid="D516E22C-5C0E-BA79-A96B-E98232B1E06B" otype="Entity" vid="39B17E34-FEA8-55CC-F673-EA94CFA7B8FF">
<hideElementsInCurrentOnly>false</hideElementsInCurrentOnly>
<bounds x="1013" y="60" width="227" height="167"/>
</OView>
<OView class="oracle.dbtools.crest.swingui.logical.TVEntity" oid="E0962187-3096-F590-959D-3E8209F21FB4" otype="Entity" vid="FA760C36-1C7A-BBFE-76DF-0F9EAFDD4DA1">
<hideElementsInCurrentOnly>false</hideElementsInCurrentOnly>
<bounds x="1235" y="272" width="218" height="86"/>
</OView>
<OView class="oracle.dbtools.crest.swingui.logical.TVEntity" oid="F977C5AC-115E-F39C-98A5-5801A46DB481" otype="Entity" vid="0E555D55-442B-AE10-2470-956AA14A41F9">
<hideElementsInCurrentOnly>false</hideElementsInCurrentOnly>
<bounds x="277" y="124" width="212" height="108"/>
</OView>
<OView class="oracle.dbtools.crest.swingui.logical.TVEntity" oid="FD83F4A3-D012-92C6-7B7A-418FBFA693BD" otype="Entity" vid="F295CB69-1665-F920-B5DF-36CE52300931">
<hideElementsInCurrentOnly>false</hideElementsInCurrentOnly>
<bounds x="659" y="515" width="183" height="57"/>
</OView>
<OView class="oracle.dbtools.crest.swingui.logical.TVEntity" oid="FF3B37BE-353B-BF56-A6C7-DEE1A8D52A61" otype="Entity" vid="9375ADA8-DAC2-D228-5C32-A7306C979862">
<hideElementsInCurrentOnly>false</hideElementsInCurrentOnly>
<bounds x="385" y="425" width="249" height="151"/>
</OView>
</objectViews>
<connectors>
<Connector class="oracle.dbtools.crest.swingui.logical.TVRelation" oid="0BDB1A74-056F-48BE-0437-D18F8EC2633C" otype="Relation" vid_source="FA760C36-1C7A-BBFE-76DF-0F9EAFDD4DA1" vid_target="FA760C36-1C7A-BBFE-76DF-0F9EAFDD4DA1">
<hideElementsInCurrentOnly>false</hideElementsInCurrentOnly>
<backgroundColor>-16777216</backgroundColor>
<lineWidth>1</lineWidth>
<points>
<point x="1421" y="325"/>
<point x="1421" y="322"/>
<point x="1421" y="458"/>
<point x="1285" y="458"/>
<point x="1285" y="358"/>
</points>
</Connector>
<Connector class="oracle.dbtools.crest.swingui.logical.TVInheritanceRelation" oid="0DCBF3B3-8FAD-BC21-2B24-CAD38AF80BA1" otype="Hierarchy relation" vid_source="F1CC8C63-F0D1-739B-C119-982989BE3FD4" vid_target="0E555D55-442B-AE10-2470-956AA14A41F9">
<hideElementsInCurrentOnly>false</hideElementsInCurrentOnly>
<backgroundColor>-65536</backgroundColor>
<lineWidth>1</lineWidth>
<points>
<point x="566" y="191"/>
<point x="489" y="191"/>
</points>
</Connector>
<Connector class="oracle.dbtools.crest.swingui.logical.TVRelation" oid="1529512E-73AD-E401-A6AF-5F051A8DE859" otype="Relation" vid_source="D415AF70-54B6-5095-0FEF-19A5AE92C40B" vid_target="E9F84076-94AA-6D91-261C-C1DD0082686D">
<hideElementsInCurrentOnly>false</hideElementsInCurrentOnly>
<backgroundColor>-16777216</backgroundColor>
<lineWidth>1</lineWidth>
<points>
<point x="1087" y="491"/>
<point x="1073" y="491"/>
</points>
</Connector>
<Connector class="oracle.dbtools.crest.swingui.logical.TVRelation" oid="24E6ABC5-1DE4-2A5C-A426-43B4B5B365F9" otype="Relation" vid_source="F1CC8C63-F0D1-739B-C119-982989BE3FD4" vid_target="5CDF20D7-F05F-B194-CEC0-04F49C08A49D">
<hideElementsInCurrentOnly>false</hideElementsInCurrentOnly>
<backgroundColor>-16777216</backgroundColor>
<lineWidth>1</lineWidth>
<points>
<point x="566" y="214"/>
<point x="452" y="267"/>
</points>
</Connector>
<Connector class="oracle.dbtools.crest.swingui.logical.TVInheritanceRelation" oid="2DE9750A-0337-1DE2-2DE5-BDFB290FC741" otype="Hierarchy relation" vid_source="F1CC8C63-F0D1-739B-C119-982989BE3FD4" vid_target="622B3A9B-1B6E-1567-DC88-7178C27EBEDE">
<hideElementsInCurrentOnly>false</hideElementsInCurrentOnly>
<backgroundColor>-65536</backgroundColor>
<lineWidth>1</lineWidth>
<points>
<point x="566" y="91"/>
<point x="525" y="91"/>
</points>
</Connector>
<Connector class="oracle.dbtools.crest.swingui.logical.TVInheritanceRelation" oid="3D4EF529-D0ED-BBF3-3E42-14B70FD872A0" otype="Hierarchy relation" vid_source="E9F84076-94AA-6D91-261C-C1DD0082686D" vid_target="116BE035-868A-A339-EEA4-14AA61FCEE85">
<hideElementsInCurrentOnly>false</hideElementsInCurrentOnly>
<backgroundColor>-65536</backgroundColor>
<lineWidth>1</lineWidth>
<points>
<point x="882" y="463"/>
<point x="840" y="463"/>
</points>
</Connector>
<Connector class="oracle.dbtools.crest.swingui.logical.TVInheritanceRelation" oid="421D627D-52DC-A183-6225-33E4E59F1AD4" otype="Hierarchy relation" vid_source="39B17E34-FEA8-55CC-F673-EA94CFA7B8FF" vid_target="AA99BFDB-B04C-D8FD-4D32-ECFC36EF9B9E">
<hideElementsInCurrentOnly>false</hideElementsInCurrentOnly>
<backgroundColor>-65536</backgroundColor>
<lineWidth>1</lineWidth>
<points>
<point x="1164" y="227"/>
<point x="1164" y="284"/>
</points>
</Connector>
<Connector class="oracle.dbtools.crest.swingui.logical.TVRelation" oid="4A59AD3E-6F65-FEC3-8456-A717964825EB" otype="Relation" vid_source="E9F84076-94AA-6D91-261C-C1DD0082686D" vid_target="F1CC8C63-F0D1-739B-C119-982989BE3FD4">
<hideElementsInCurrentOnly>false</hideElementsInCurrentOnly>
<backgroundColor>-16777216</backgroundColor>
<lineWidth>1</lineWidth>
<points>
<point x="906" y="400"/>
<point x="906" y="228"/>
</points>
</Connector>
<Connector class="oracle.dbtools.crest.swingui.logical.TVInheritanceRelation" oid="5ABB6FDF-A44C-DB03-2A2C-2831EAC45B9F" otype="Hierarchy relation" vid_source="F1CC8C63-F0D1-739B-C119-982989BE3FD4" vid_target="36DD6881-D371-36EE-B245-9FD33B877909">
<hideElementsInCurrentOnly>false</hideElementsInCurrentOnly>
<backgroundColor>-65536</backgroundColor>
<lineWidth>1</lineWidth>
<points>
<point x="566" y="31"/>
<point x="652" y="272"/>
</points>
</Connector>
<Connector class="oracle.dbtools.crest.swingui.logical.TVRelation" oid="64EF0211-35B4-A11B-B1C5-FAF347E0B9B2" otype="Relation" vid_source="5CDF20D7-F05F-B194-CEC0-04F49C08A49D" vid_target="0559B962-AEE7-A65C-982C-8B0184721E74">
<hideElementsInCurrentOnly>false</hideElementsInCurrentOnly>
<backgroundColor>-16777216</backgroundColor>
<lineWidth>1</lineWidth>
<points>
<point x="231" y="256"/>
<point x="231" y="163"/>
</points>
</Connector>
<Connector class="oracle.dbtools.crest.swingui.logical.TVRelation" oid="8487777D-B820-88CC-D770-B9C2C41337B9" otype="Relation" vid_source="9375ADA8-DAC2-D228-5C32-A7306C979862" vid_target="F1CC8C63-F0D1-739B-C119-982989BE3FD4">
<hideElementsInCurrentOnly>false</hideElementsInCurrentOnly>
<backgroundColor>-16777216</backgroundColor>
<lineWidth>1</lineWidth>
<points>
<point x="630" y="425"/>
<point x="630" y="228"/>
</points>
</Connector>
<Connector class="oracle.dbtools.crest.swingui.logical.TVInheritanceRelation" oid="8B05C93F-1E99-BF9A-8680-4A2A67626F3C" otype="Hierarchy relation" vid_source="E9F84076-94AA-6D91-261C-C1DD0082686D" vid_target="F295CB69-1665-F920-B5DF-36CE52300931">
<hideElementsInCurrentOnly>false</hideElementsInCurrentOnly>
<backgroundColor>-65536</backgroundColor>
<lineWidth>1</lineWidth>
<points>
<point x="882" y="521"/>
<point x="842" y="521"/>
</points>
</Connector>
<Connector class="oracle.dbtools.crest.swingui.logical.TVRelation" oid="AA59FC15-9D56-2EE4-0A5B-70377F65BC0A" otype="Relation" vid_source="9375ADA8-DAC2-D228-5C32-A7306C979862" vid_target="36DD6881-D371-36EE-B245-9FD33B877909">
<hideElementsInCurrentOnly>false</hideElementsInCurrentOnly>
<backgroundColor>-16777216</backgroundColor>
<lineWidth>1</lineWidth>
<points>
<point x="608" y="425"/>
<point x="710" y="348"/>
</points>
</Connector>
<Connector class="oracle.dbtools.crest.swingui.logical.TVRelation" oid="AD1DA151-7FF8-7E70-2FC3-387227D2BC50" otype="Relation" vid_source="D415AF70-54B6-5095-0FEF-19A5AE92C40B" vid_target="39B17E34-FEA8-55CC-F673-EA94CFA7B8FF">
<hideElementsInCurrentOnly>false</hideElementsInCurrentOnly>
<backgroundColor>-16777216</backgroundColor>
<lineWidth>1</lineWidth>
<points>
<point x="1103" y="436"/>
<point x="1103" y="227"/>
</points>
</Connector>
<Connector class="oracle.dbtools.crest.swingui.logical.TVRelation" oid="B6E6C460-7726-8759-1C18-3CFC1877D1DD" otype="Relation" vid_source="9375ADA8-DAC2-D228-5C32-A7306C979862" vid_target="5CDF20D7-F05F-B194-CEC0-04F49C08A49D">
<hideElementsInCurrentOnly>false</hideElementsInCurrentOnly>
<backgroundColor>-16777216</backgroundColor>
<lineWidth>1</lineWidth>
<points>
<point x="418" y="425"/>
<point x="418" y="386"/>
</points>
</Connector>
<Connector class="oracle.dbtools.crest.swingui.logical.TVInheritanceRelation" oid="C1BAF5D0-66C7-446F-6ACC-958EFB4BC28B" otype="Hierarchy relation" vid_source="39B17E34-FEA8-55CC-F673-EA94CFA7B8FF" vid_target="FA760C36-1C7A-BBFE-76DF-0F9EAFDD4DA1">
<hideElementsInCurrentOnly>false</hideElementsInCurrentOnly>
<backgroundColor>-65536</backgroundColor>
<lineWidth>1</lineWidth>
<points>
<point x="1238" y="227"/>
<point x="1238" y="255"/>
<point x="1238" y="272"/>
</points>
</Connector>
</connectors>
<arcs>
<Arc class="oracle.dbtools.crest.swingui.logical.TVArc" oid="532C1FFD-49F3-9768-1741-C00442CCEA15" otype="Arc" vid="1907FB3C-CC8A-553C-06A5-DBE4E81B0D23">
<hideElementsInCurrentOnly>false</hideElementsInCurrentOnly>
<bounds x="862" y="380" width="231" height="197"/>
</Arc>
<Arc class="oracle.dbtools.crest.swingui.logical.TVArc" oid="C875F415-43F6-1764-3C57-C02E14F1CF9C" otype="Arc" vid="2D547FDC-9B0E-5C5E-2D35-050388C56BA8">
<hideElementsInCurrentOnly>false</hideElementsInCurrentOnly>
<bounds x="546" y="11" width="404" height="237"/>
</Arc>
<Arc class="oracle.dbtools.crest.swingui.logical.TVArc" oid="E1EF186C-8454-B65C-24DC-145525BE11B4" otype="Arc" vid="D7148075-614D-E343-DFEF-1D5CE55A71CD">
<hideElementsInCurrentOnly>false</hideElementsInCurrentOnly>
<bounds x="993" y="40" width="267" height="207"/>
</Arc>
</arcs>
</Diagram>