<?xml version = '1.0' encoding = 'UTF-8'?>
<Diagram class="oracle.dbtools.crest.swingui.relational.DPVRelational" name="Relational_1" id="B0424974-0BA7-99B5-8626-8F4A3579A5F9">
<createdBy>tazja</createdBy>
<modifiedBy>tazja</modifiedBy>
<createdTime>2025-09-14 19:04:09 UTC</createdTime>
<autoRoute>false</autoRoute>
<boxInbox>true</boxInbox>
<showLegend>false</showLegend>
<showLabels>false</showLabels>
<showRelAttributes>false</showRelAttributes>
<gridEnabled>false</gridEnabled>
<showGrid>false</showGrid>
<diagramColor>-1</diagramColor>
<display>false</display>
<notation>1</notation>
<objectViews>
<OView class="oracle.dbtools.crest.swingui.relational.TVTable" oid="2DA573E5-09D0-D765-C543-3D2A4E4B07F5" otype="Table" vid="36810C73-D9B7-1673-EAB1-85C88F794117">
<hideElementsInCurrentOnly>false</hideElementsInCurrentOnly>
<bounds x="1342" y="41" width="237" height="104"/>
</OView>
<OView class="oracle.dbtools.crest.swingui.relational.TVTable" oid="30BC2056-B1C2-C332-FD3C-FA3D534EAFBD" otype="Table" vid="9F49F3A7-4ED4-22FC-4831-5A8A54A2D96D">
<hideElementsInCurrentOnly>false</hideElementsInCurrentOnly>
<bounds x="63" y="617" width="372" height="293"/>
</OView>
<OView class="oracle.dbtools.crest.swingui.relational.TVTable" oid="54328D42-01D6-A7CB-1C35-1D9B0EBF642C" otype="Table" vid="85F32A1A-1B74-4D6E-E4EF-70D7C0022230">
<hideElementsInCurrentOnly>false</hideElementsInCurrentOnly>
<bounds x="686" y="744" width="229" height="104"/>
</OView>
<OView class="oracle.dbtools.crest.swingui.relational.TVTable" oid="59EAC3E2-A525-B5F4-D0C2-13B22D19522D" otype="Table" vid="F7708C23-EF81-582A-E3BE-8471D8828B0B">
<hideElementsInCurrentOnly>false</hideElementsInCurrentOnly>
<bounds x="202" y="389" width="378" height="191"/>
</OView>
<OView class="oracle.dbtools.crest.swingui.relational.TVTable" oid="6F178215-6087-8458-4B3B-D50E4910C11D" otype="Table" vid="5F6BF0A9-ECF5-79DB-8D31-DA3005826577">
<hideElementsInCurrentOnly>false</hideElementsInCurrentOnly>
<bounds x="624" y="595" width="193" height="90"/>
</OView>
<OView class="oracle.dbtools.crest.swingui.relational.TVTable" oid="7214D9EB-810F-8768-4D0C-C2D4B7745711" otype="Table" vid="6BF57240-F0BF-6BC7-A438-B85463AE1A30">
<hideElementsInCurrentOnly>false</hideElementsInCurrentOnly>
<bounds x="544" y="887" width="391" height="97"/>
</OView>
<OView class="oracle.dbtools.crest.swingui.relational.TVTable" oid="AF3AA322-FB7C-A5BE-15D9-2C528BF62C7F" otype="Table" vid="E8215E00-EBAA-6128-3F7A-EA66F879BE19">
<hideElementsInCurrentOnly>false</hideElementsInCurrentOnly>
<bounds x="719" y="15" width="263" height="139"/>
</OView>
<OView class="oracle.dbtools.crest.swingui.relational.TVTable" oid="B9B9AD55-328D-CDB6-010E-47F2A8EFAB6E" otype="Table" vid="23DEE828-EA78-C3CD-F312-CAFB5CA23EC2">
<hideElementsInCurrentOnly>false</hideElementsInCurrentOnly>
<bounds x="974" y="679" width="413" height="270"/>
</OView>
<OView class="oracle.dbtools.crest.swingui.relational.TVTable" oid="BB929975-900E-73E1-A389-B0B96EA3E7C9" otype="Table" vid="A40298AB-F5ED-0D70-23C9-29A21F7BEF64">
<hideElementsInCurrentOnly>false</hideElementsInCurrentOnly>
<bounds x="1055" y="27" width="239" height="94"/>
</OView>
<OView class="oracle.dbtools.crest.swingui.relational.TVTable" oid="BE714146-C6A0-9F2F-956E-6EF99AF5E769" otype="Table" vid="B7925F59-EC21-3020-B5FC-D7AECFBFB0FB">
<hideElementsInCurrentOnly>false</hideElementsInCurrentOnly>
<bounds x="17" y="952" width="351" height="106"/>
</OView>
<OView class="oracle.dbtools.crest.swingui.relational.TVTable" oid="CD58B33A-A876-E71C-18C5-8B84E2E155DD" otype="Table" vid="69FF5DA8-9DA0-75E5-D130-B40A8CF69B91">
<hideElementsInCurrentOnly>false</hideElementsInCurrentOnly>
<bounds x="230" y="36" width="270" height="276"/>
</OView>
<OView class="oracle.dbtools.crest.swingui.relational.TVTable" oid="EBEFB77A-5F1E-E997-963B-E096C2E949C2" otype="Table" vid="A8140D40-63C7-459A-CEF2-30197BDFAF7C">
<hideElementsInCurrentOnly>false</hideElementsInCurrentOnly>
<bounds x="902" y="326" width="323" height="284"/>
</OView>
<OView class="oracle.dbtools.crest.swingui.relational.TVTable" oid="FCB1C51C-F05B-03BA-D742-C1F8D1A6C65C" otype="Table" vid="B72DFF19-C967-99A6-DF8B-D29AD6744405">
<hideElementsInCurrentOnly>false</hideElementsInCurrentOnly>
<bounds x="784" y="175" width="222" height="91"/>
</OView>
</objectViews>
<connectors>
<Connector class="oracle.dbtools.crest.swingui.relational.TVFKRelation" oid="085B0A3A-0941-7807-5449-C6A1A0370631" otype="FKIndexAssociation" vid_source="B72DFF19-C967-99A6-DF8B-D29AD6744405" vid_target="69FF5DA8-9DA0-75E5-D130-B40A8CF69B91">
<hideElementsInCurrentOnly>false</hideElementsInCurrentOnly>
<backgroundColor>-16777216</backgroundColor>
<lineWidth>1</lineWidth>
<points>
<point x="784" y="235"/>
<point x="500" y="235"/>
</points>
</Connector>
<Connector class="oracle.dbtools.crest.swingui.relational.TVFKRelation" oid="0EEDA832-848F-DE29-4FA1-EEE72DCC3C65" otype="FKIndexAssociation" vid_source="6BF57240-F0BF-6BC7-A438-B85463AE1A30" vid_target="9F49F3A7-4ED4-22FC-4831-5A8A54A2D96D">
<hideElementsInCurrentOnly>false</hideElementsInCurrentOnly>
<backgroundColor>-16777216</backgroundColor>
<lineWidth>1</lineWidth>
<points>
<point x="544" y="898"/>
<point x="435" y="898"/>
</points>
</Connector>
<Connector class="oracle.dbtools.crest.swingui.relational.TVFKRelation" oid="36C8ED2C-8121-B26C-21E1-9ED654D6AD31" otype="FKIndexAssociation" vid_source="9F49F3A7-4ED4-22FC-4831-5A8A54A2D96D" vid_target="A8140D40-63C7-459A-CEF2-30197BDFAF7C">
<hideElementsInCurrentOnly>false</hideElementsInCurrentOnly>
<backgroundColor>-16777216</backgroundColor>
<lineWidth>1</lineWidth>
<points>
<point x="435" y="696"/>
<point x="902" y="526"/>
</points>
</Connector>
<Connector class="oracle.dbtools.crest.swingui.relational.TVFKRelation" oid="3A33919A-81F4-8C7B-61A9-7816BF6D79C7" otype="FKIndexAssociation" vid_source="36810C73-D9B7-1673-EAB1-85C88F794117" vid_target="A8140D40-63C7-459A-CEF2-30197BDFAF7C">
<hideElementsInCurrentOnly>false</hideElementsInCurrentOnly>
<backgroundColor>-16777216</backgroundColor>
<lineWidth>1</lineWidth>
<points>
<point x="1405" y="145"/>
<point x="1213" y="326"/>
</points>
</Connector>
<Connector class="oracle.dbtools.crest.swingui.relational.TVFKRelation" oid="53951BA4-89B9-CBAF-4DD2-419E501C1EE9" otype="FKIndexAssociation" vid_source="9F49F3A7-4ED4-22FC-4831-5A8A54A2D96D" vid_target="9F49F3A7-4ED4-22FC-4831-5A8A54A2D96D">
<hideElementsInCurrentOnly>false</hideElementsInCurrentOnly>
<backgroundColor>-16777216</backgroundColor>
<lineWidth>1</lineWidth>
<points>
<point x="435" y="783"/>
<point x="456" y="783"/>
<point x="459" y="893"/>
<point x="333" y="893"/>
<point x="333" y="910"/>
</points>
</Connector>
<Connector class="oracle.dbtools.crest.swingui.relational.TVFKRelation" oid="5B8AF668-3CA1-B52E-8744-A96A7823A5A5" otype="FKIndexAssociation" vid_source="69FF5DA8-9DA0-75E5-D130-B40A8CF69B91" vid_target="F7708C23-EF81-582A-E3BE-8471D8828B0B">
<hideElementsInCurrentOnly>false</hideElementsInCurrentOnly>
<backgroundColor>-16777216</backgroundColor>
<lineWidth>1</lineWidth>
<points>
<point x="365" y="312"/>
<point x="365" y="389"/>
</points>
</Connector>
<Connector class="oracle.dbtools.crest.swingui.relational.TVFKRelation" oid="5EC8AD28-1BC8-6146-6F22-9A5F59E617BE" otype="FKIndexAssociation" vid_source="A40298AB-F5ED-0D70-23C9-29A21F7BEF64" vid_target="E8215E00-EBAA-6128-3F7A-EA66F879BE19">
<hideElementsInCurrentOnly>false</hideElementsInCurrentOnly>
<backgroundColor>-16777216</backgroundColor>
<lineWidth>1</lineWidth>
<points>
<point x="1055" y="74"/>
<point x="982" y="74"/>
</points>
</Connector>
<Connector class="oracle.dbtools.crest.swingui.relational.TVFKRelation" oid="603EB233-7314-07D7-9E8F-2C7C5E757B0B" otype="FKIndexAssociation" vid_source="85F32A1A-1B74-4D6E-E4EF-70D7C0022230" vid_target="9F49F3A7-4ED4-22FC-4831-5A8A54A2D96D">
<hideElementsInCurrentOnly>false</hideElementsInCurrentOnly>
<backgroundColor>-16777216</backgroundColor>
<lineWidth>1</lineWidth>
<points>
<point x="686" y="796"/>
<point x="435" y="796"/>
</points>
</Connector>
<Connector class="oracle.dbtools.crest.swingui.relational.TVFKRelation" oid="6F5D557F-8527-67EA-B263-F4E06FC1AC5F" otype="FKIndexAssociation" vid_source="9F49F3A7-4ED4-22FC-4831-5A8A54A2D96D" vid_target="F7708C23-EF81-582A-E3BE-8471D8828B0B">
<hideElementsInCurrentOnly>false</hideElementsInCurrentOnly>
<backgroundColor>-16777216</backgroundColor>
<lineWidth>1</lineWidth>
<points>
<point x="318" y="617"/>
<point x="318" y="580"/>
</points>
</Connector>
<Connector class="oracle.dbtools.crest.swingui.relational.TVFKRelation" oid="7E5C9192-ABE7-6BD8-9CD4-3BDB9840D2E9" otype="FKIndexAssociation" vid_source="B7925F59-EC21-3020-B5FC-D7AECFBFB0FB" vid_target="9F49F3A7-4ED4-22FC-4831-5A8A54A2D96D">
<hideElementsInCurrentOnly>false</hideElementsInCurrentOnly>
<backgroundColor>-16777216</backgroundColor>
<lineWidth>1</lineWidth>
<points>
<point x="215" y="952"/>
<point x="215" y="910"/>
</points>
</Connector>
<Connector class="oracle.dbtools.crest.swingui.relational.TVFKRelation" oid="B4224A71-FFC6-3E77-6EF5-04327768B3AA" otype="FKIndexAssociation" vid_source="69FF5DA8-9DA0-75E5-D130-B40A8CF69B91" vid_target="A8140D40-63C7-459A-CEF2-30197BDFAF7C">
<hideElementsInCurrentOnly>false</hideElementsInCurrentOnly>
<backgroundColor>-16777216</backgroundColor>
<lineWidth>1</lineWidth>
<points>
<point x="500" y="230"/>
<point x="902" y="400"/>
</points>
</Connector>
<Connector class="oracle.dbtools.crest.swingui.relational.TVFKRelation" oid="BE05A418-B960-6FDD-F9D1-AD21D0EDEC70" otype="FKIndexAssociation" vid_source="5F6BF0A9-ECF5-79DB-8D31-DA3005826577" vid_target="9F49F3A7-4ED4-22FC-4831-5A8A54A2D96D">
<hideElementsInCurrentOnly>false</hideElementsInCurrentOnly>
<backgroundColor>-16777216</backgroundColor>
<lineWidth>1</lineWidth>
<points>
<point x="624" y="651"/>
<point x="435" y="651"/>
</points>
</Connector>
<Connector class="oracle.dbtools.crest.swingui.relational.TVFKRelation" oid="F76BDB6C-0783-4416-31F8-C968C4255002" otype="FKIndexAssociation" vid_source="A8140D40-63C7-459A-CEF2-30197BDFAF7C" vid_target="23DEE828-EA78-C3CD-F312-CAFB5CA23EC2">
<hideElementsInCurrentOnly>false</hideElementsInCurrentOnly>
<backgroundColor>-16777216</backgroundColor>
<lineWidth>1</lineWidth>
<points>
<point x="1099" y="610"/>
<point x="1099" y="679"/>
</points>
</Connector>
<Connector class="oracle.dbtools.crest.swingui.relational.TVFKRelation" oid="F8C65B7A-631D-1BAA-393A-3FFC6B43F9A1" otype="FKIndexAssociation" vid_source="E8215E00-EBAA-6128-3F7A-EA66F879BE19" vid_target="69FF5DA8-9DA0-75E5-D130-B40A8CF69B91">
<hideElementsInCurrentOnly>false</hideElementsInCurrentOnly>
<backgroundColor>-16777216</backgroundColor>
<lineWidth>1</lineWidth>
<points>
<point x="719" y="95"/>
<point x="500" y="95"/>
</points>
</Connector>
</connectors>
</Diagram>