<?xml version = '1.0' encoding = 'UTF-8'?>
<Entity class="oracle.dbtools.crest.model.design.logical.Entity" directorySegmentName="seg_0" id="65C6EB20-F9CD-E848-734A-31CDBD5792D6" name="MAQUINA">
<createdBy>tazja</createdBy>
<createdTime>2025-10-12 15:28:32 UTC</createdTime>
<ownerDesignName>eft_s9</ownerDesignName>
<engineerTo>
<item key="E4793CD7-1D8E-DA98-60F7-FC63C88A3318" value="true"/>
<item key="E5CD29F0-47BC-C752-8A26-DF427AA98FD8" value="true"/>
</engineerTo>
<adequatelyNormalized>NO</adequatelyNormalized>
<expectedVolumes>0</expectedVolumes>
<fwdEngineeringStrategyName>Single Table</fwdEngineeringStrategyName>
<growthPercent>0</growthPercent>
<growthType>Year</growthType>
<maxVolumes>9999999</maxVolumes>
<minVolumes>0</minVolumes>
<normalForm>Third</normalForm>
<attributes itemClass="oracle.dbtools.crest.model.design.logical.Attribute">
<Attribute name="id_maquina" id="30A249C0-C85D-C047-C7A4-7FBBE7226470">
<createdBy>tazja</createdBy>
<createdTime>2025-10-12 15:28:37 UTC</createdTime>
<ownerDesignName>eft_s9</ownerDesignName>
<engineerTo>
<item key="E4793CD7-1D8E-DA98-60F7-FC63C88A3318" value="true"/>
<item key="E5CD29F0-47BC-C752-8A26-DF427AA98FD8" value="true"/>
</engineerTo>
<useDomainConstraints>false</useDomainConstraints>
<use>1</use>
<logicalDatatype>LOGDT019</logicalDatatype>
<dataTypePrecision>10</dataTypePrecision>
<ownDataTypeParameters>,10,</ownDataTypeParameters>
</Attribute>
<Attribute name="nombre" id="F75949D2-1135-3EB8-7373-94D23D2863C3">
<createdBy>tazja</createdBy>
<createdTime>2025-10-12 15:28:51 UTC</createdTime>
<ownerDesignName>eft_s9</ownerDesignName>
<engineerTo>
<item key="E4793CD7-1D8E-DA98-60F7-FC63C88A3318" value="true"/>
<item key="E5CD29F0-47BC-C752-8A26-DF427AA98FD8" value="true"/>
</engineerTo>
<useDomainConstraints>false</useDomainConstraints>
<use>1</use>
<logicalDatatype>LOGDT024</logicalDatatype>
<dataTypeSize>100</dataTypeSize>
<ownDataTypeParameters>100,,</ownDataTypeParameters>
</Attribute>
<Attribute name="estado_activo" id="2568AAE8-A03D-460E-0680-CAF7C5109311">
<createdBy>tazja</createdBy>
<createdTime>2025-10-12 15:29:00 UTC</createdTime>
<ownerDesignName>eft_s9</ownerDesignName>
<engineerTo>
<item key="E4793CD7-1D8E-DA98-60F7-FC63C88A3318" value="true"/>
<item key="E5CD29F0-47BC-C752-8A26-DF427AA98FD8" value="true"/>
</engineerTo>
<useDomainConstraints>false</useDomainConstraints>
<use>1</use>
<logicalDatatype>LOGDT025</logicalDatatype>
<dataTypeSize>1</dataTypeSize>
<ownDataTypeParameters>1,,</ownDataTypeParameters>
</Attribute>
<Attribute name="id_planta" id="5EC99DE9-2A96-1DA2-F0DE-556394AC0588">
<createdBy>tazja</createdBy>
<createdTime>2025-10-12 15:30:23 UTC</createdTime>
<generatorID>71E6E11A-8DCA-0F3E-C6E5-F4F7455F19BF</generatorID>
<ownerDesignName>eft_s9</ownerDesignName>
<engineerTo>
<item key="E4793CD7-1D8E-DA98-60F7-FC63C88A3318" value="true"/>
<item key="E5CD29F0-47BC-C752-8A26-DF427AA98FD8" value="true"/>
</engineerTo>
<referedAttribute>E1170477-7566-C4A3-150E-05FF5B784C00</referedAttribute>
<useDomainConstraints>false</useDomainConstraints>
<use>1</use>
<logicalDatatype>LOGDT019</logicalDatatype>
<dataTypePrecision>10</dataTypePrecision>
<ownDataTypeParameters>,,</ownDataTypeParameters>
</Attribute>
<Attribute name="id_tipo" id="D43E0AE0-741E-8EEF-A105-FCAB55B3D1B3">
<createdBy>tazja</createdBy>
<createdTime>2025-10-12 16:26:08 UTC</createdTime>
<generatorID>1910B86D-F2DC-F8BC-2A6F-612857D9CADF</generatorID>
<ownerDesignName>eft_s9</ownerDesignName>
<engineerTo>
<item key="E4793CD7-1D8E-DA98-60F7-FC63C88A3318" value="true"/>
<item key="E5CD29F0-47BC-C752-8A26-DF427AA98FD8" value="true"/>
</engineerTo>
<referedAttribute>CA26B74B-6625-9E5C-F07A-27AB7C7F6E94</referedAttribute>
<useDomainConstraints>false</useDomainConstraints>
<use>1</use>
<logicalDatatype>LOGDT019</logicalDatatype>
<dataTypePrecision>10</dataTypePrecision>
<ownDataTypeParameters>,,</ownDataTypeParameters>
</Attribute>
</attributes>
<identifiers itemClass="oracle.dbtools.crest.model.design.logical.CandidateKey">
<identifier id="11BB764D-F462-70A2-86F9-48592E62A831" name="MAQUINA PK">
<createdBy>tazja</createdBy>
<createdTime>2025-10-12 15:28:50 UTC</createdTime>
<ownerDesignName>eft_s9</ownerDesignName>
<engineerTo>
<item key="E4793CD7-1D8E-DA98-60F7-FC63C88A3318" value="true"/>
<item key="E5CD29F0-47BC-C752-8A26-DF427AA98FD8" value="false"/>
</engineerTo>
<pk>true</pk>
<usedAttributes>
<attributeRef>30A249C0-C85D-C047-C7A4-7FBBE7226470</attributeRef>
<attributeRef>5EC99DE9-2A96-1DA2-F0DE-556394AC0588</attributeRef>
</usedAttributes>
</identifier>
</identifiers>
</Entity>