<?xml version = '1.0' encoding = 'UTF-8'?>
<Entity class="oracle.dbtools.crest.model.design.logical.Entity" directorySegmentName="seg_0" id="961EDCC3-9ED5-4B39-2019-7CCACA19367D" name="ASIG_TURNO">
<createdBy>tazja</createdBy>
<createdTime>2025-10-12 15:39:37 UTC</createdTime>
<ownerDesignName>eft_s9</ownerDesignName>
<engineerTo>
<item key="E4793CD7-1D8E-DA98-60F7-FC63C88A3318" value="true"/>
<item key="E5CD29F0-47BC-C752-8A26-DF427AA98FD8" value="true"/>
</engineerTo>
<adequatelyNormalized>NO</adequatelyNormalized>
<expectedVolumes>0</expectedVolumes>
<fwdEngineeringStrategyName>Single Table</fwdEngineeringStrategyName>
<growthPercent>0</growthPercent>
<growthType>Year</growthType>
<maxVolumes>9999999</maxVolumes>
<minVolumes>0</minVolumes>
<normalForm>Third</normalForm>
<attributes itemClass="oracle.dbtools.crest.model.design.logical.Attribute">
<Attribute name="id_asigna" id="47D92FDB-89F4-5743-4A01-52C9574F51B3">
<createdBy>tazja</createdBy>
<createdTime>2025-10-12 15:39:45 UTC</createdTime>
<ownerDesignName>eft_s9</ownerDesignName>
<engineerTo>
<item key="E4793CD7-1D8E-DA98-60F7-FC63C88A3318" value="true"/>
<item key="E5CD29F0-47BC-C752-8A26-DF427AA98FD8" value="true"/>
</engineerTo>
<useDomainConstraints>false</useDomainConstraints>
<use>1</use>
<logicalDatatype>LOGDT019</logicalDatatype>
<dataTypePrecision>10</dataTypePrecision>
<ownDataTypeParameters>,10,</ownDataTypeParameters>
</Attribute>
<Attribute name="fecha_asig" id="B9C3A853-C169-435E-B1E1-9AA590BDB982">
<createdBy>tazja</createdBy>
<createdTime>2025-10-12 15:39:57 UTC</createdTime>
<ownerDesignName>eft_s9</ownerDesignName>
<engineerTo>
<item key="E4793CD7-1D8E-DA98-60F7-FC63C88A3318" value="true"/>
<item key="E5CD29F0-47BC-C752-8A26-DF427AA98FD8" value="true"/>
</engineerTo>
<useDomainConstraints>false</useDomainConstraints>
<use>1</use>
<logicalDatatype>LOGDT007</logicalDatatype>
<ownDataTypeParameters>,,</ownDataTypeParameters>
</Attribute>
<Attribute name="rol" id="F82A3FEE-9521-9C16-C2FB-D8F273B033A1">
<createdBy>tazja</createdBy>
<createdTime>2025-10-12 15:41:13 UTC</createdTime>
<ownerDesignName>eft_s9</ownerDesignName>
<engineerTo>
<item key="E4793CD7-1D8E-DA98-60F7-FC63C88A3318" value="true"/>
<item key="E5CD29F0-47BC-C752-8A26-DF427AA98FD8" value="true"/>
</engineerTo>
<nullsAllowed>true</nullsAllowed>
<useDomainConstraints>false</useDomainConstraints>
<use>1</use>
<logicalDatatype>LOGDT024</logicalDatatype>
<dataTypeSize>100</dataTypeSize>
<ownDataTypeParameters>100,,</ownDataTypeParameters>
</Attribute>
<Attribute name="id_maquina" id="53E99088-86AA-381E-7D45-E4E299E8AC79">
<createdBy>tazja</createdBy>
<createdTime>2025-10-12 16:10:38 UTC</createdTime>
<generatorID>CBE2BF8B-C966-DB96-4630-B51ECC52C0CB</generatorID>
<ownerDesignName>eft_s9</ownerDesignName>
<engineerTo>
<item key="E4793CD7-1D8E-DA98-60F7-FC63C88A3318" value="true"/>
<item key="E5CD29F0-47BC-C752-8A26-DF427AA98FD8" value="true"/>
</engineerTo>
<referedAttribute>30A249C0-C85D-C047-C7A4-7FBBE7226470</referedAttribute>
<useDomainConstraints>false</useDomainConstraints>
<use>1</use>
<logicalDatatype>LOGDT019</logicalDatatype>
<dataTypePrecision>10</dataTypePrecision>
<ownDataTypeParameters>,,</ownDataTypeParameters>
</Attribute>
<Attribute name="id_planta" id="D58991C8-3C60-C6E0-09E3-4AECE3E2AABF">
<createdBy>tazja</createdBy>
<createdTime>2025-10-12 16:10:38 UTC</createdTime>
<generatorID>CBE2BF8B-C966-DB96-4630-B51ECC52C0CB</generatorID>
<ownerDesignName>eft_s9</ownerDesignName>
<engineerTo>
<item key="E4793CD7-1D8E-DA98-60F7-FC63C88A3318" value="true"/>
<item key="E5CD29F0-47BC-C752-8A26-DF427AA98FD8" value="true"/>
</engineerTo>
<referedAttribute>5EC99DE9-2A96-1DA2-F0DE-556394AC0588</referedAttribute>
<useDomainConstraints>false</useDomainConstraints>
<use>1</use>
<logicalDatatype>LOGDT019</logicalDatatype>
<dataTypePrecision>10</dataTypePrecision>
<ownDataTypeParameters>,,</ownDataTypeParameters>
</Attribute>
<Attribute name="id_turno" id="99E11419-F70F-E22B-F2AB-162C59F49A19">
<createdBy>tazja</createdBy>
<createdTime>2025-10-12 16:10:45 UTC</createdTime>
<generatorID>50B3F881-CAD7-3365-AADA-42413E988D23</generatorID>
<ownerDesignName>eft_s9</ownerDesignName>
<engineerTo>
<item key="E4793CD7-1D8E-DA98-60F7-FC63C88A3318" value="true"/>
<item key="E5CD29F0-47BC-C752-8A26-DF427AA98FD8" value="true"/>
</engineerTo>
<referedAttribute>85C63B75-B3A5-98AB-24D9-3C6F078D629F</referedAttribute>
<useDomainConstraints>false</useDomainConstraints>
<use>1</use>
<logicalDatatype>LOGDT019</logicalDatatype>
<dataTypePrecision>10</dataTypePrecision>
<ownDataTypeParameters>,,</ownDataTypeParameters>
</Attribute>
<Attribute name="id_personal" id="4611D6CE-01DF-A591-3F6C-6EE2E3D2EA5E">
<createdBy>tazja</createdBy>
<createdTime>2025-10-12 16:10:52 UTC</createdTime>
<generatorID>412D6790-C593-8C19-6A5B-7C4B3B04B87D</generatorID>
<ownerDesignName>eft_s9</ownerDesignName>
<engineerTo>
<item key="E4793CD7-1D8E-DA98-60F7-FC63C88A3318" value="true"/>
<item key="E5CD29F0-47BC-C752-8A26-DF427AA98FD8" value="true"/>
</engineerTo>
<referedAttribute>3FB12732-D0F6-6C8C-40E8-30EFEB44A11F</referedAttribute>
<useDomainConstraints>false</useDomainConstraints>
<use>1</use>
<logicalDatatype>LOGDT019</logicalDatatype>
<dataTypePrecision>10</dataTypePrecision>
<ownDataTypeParameters>,,</ownDataTypeParameters>
</Attribute>
</attributes>
<identifiers itemClass="oracle.dbtools.crest.model.design.logical.CandidateKey">
<identifier id="5430E4B6-7A8A-6645-58A4-6347FD7CF3AD" name="ASIG_TURNO PK">
<createdBy>tazja</createdBy>
<createdTime>2025-10-12 15:39:55 UTC</createdTime>
<ownerDesignName>eft_s9</ownerDesignName>
<engineerTo>
<item key="E4793CD7-1D8E-DA98-60F7-FC63C88A3318" value="true"/>
<item key="E5CD29F0-47BC-C752-8A26-DF427AA98FD8" value="false"/>
</engineerTo>
<pk>true</pk>
<newElementsIDs>47D92FDB-89F4-5743-4A01-52C9574F51B3</newElementsIDs>
<usedAttributes>
<attributeRef>47D92FDB-89F4-5743-4A01-52C9574F51B3</attributeRef>
</usedAttributes>
</identifier>
</identifiers>
</Entity>