<?xml version = '1.0' encoding = 'UTF-8'?>
<Arc class="oracle.dbtools.crest.model.design.logical.Arc" directorySegmentName="seg_0" id="532C1FFD-49F3-9768-1741-C00442CCEA15" name="Arc_9">
<createdBy>tazja</createdBy>
<createdTime>2025-08-30 17:23:00 UTC</createdTime>
<ownerDesignName>exp1_sem3_christian_norambuena</ownerDesignName>
<engineerTo>
<item key="3D9C19E6-F60E-C912-C70B-D3B26D81F6D3" value="true"/>
</engineerTo>
<entity>16D0448E-BB05-59FC-0BB1-7EA84DC18F90</entity>
<relations>
<relationID>8B05C93F-1E99-BF9A-8680-4A2A67626F3C</relationID>
<relationID>3D4EF529-D0ED-BBF3-3E42-14B70FD872A0</relationID>
</relations>
</Arc>