<?xml version = '1.0' encoding = 'UTF-8'?>
<Arc class="oracle.dbtools.crest.model.design.logical.Arc" directorySegmentName="seg_0" id="C875F415-43F6-1764-3C57-C02E14F1CF9C" name="Arc_2">
<createdBy>tazja</createdBy>
<createdTime>2025-08-30 15:25:12 UTC</createdTime>
<ownerDesignName>exp1_sem3_christian_norambuena</ownerDesignName>
<engineerTo>
<item key="3D9C19E6-F60E-C912-C70B-D3B26D81F6D3" value="true"/>
</engineerTo>
<entity>B0A95797-303C-B9B1-3899-2DD98E0EC191</entity>
<relations>
<relationID>2DE9750A-0337-1DE2-2DE5-BDFB290FC741</relationID>
<relationID>0DCBF3B3-8FAD-BC21-2B24-CAD38AF80BA1</relationID>
</relations>
</Arc>