<?xml version = '1.0' encoding = 'UTF-8'?>
<Arc class="oracle.dbtools.crest.model.design.logical.Arc" directorySegmentName="seg_0" id="E1EF186C-8454-B65C-24DC-145525BE11B4" name="Arc_11">
<createdBy>tazja</createdBy>
<createdTime>2025-08-30 17:36:36 UTC</createdTime>
<ownerDesignName>exp1_sem3_christian_norambuena</ownerDesignName>
<engineerTo>
<item key="3D9C19E6-F60E-C912-C70B-D3B26D81F6D3" value="true"/>
</engineerTo>
<entity>D516E22C-5C0E-BA79-A96B-E98232B1E06B</entity>
<relations>
<relationID>421D627D-52DC-A183-6225-33E4E59F1AD4</relationID>
<relationID>C1BAF5D0-66C7-446F-6ACC-958EFB4BC28B</relationID>
</relations>
</Arc>