<?xml version = '1.0' encoding = 'UTF-8'?>
<Table class="oracle.dbtools.crest.model.design.relational.Table" directorySegmentName="seg_0" id="30BC2056-B1C2-C332-FD3C-FA3D534EAFBD" name="MEDICO">
<createdBy>tazja</createdBy>
<createdTime>2025-09-14 19:06:31 UTC</createdTime>
<generatorID>8C2AFE4B-87F8-14B8-767A-ACDFE518F583</generatorID>
<ownerDesignName>centromedico</ownerDesignName>
<allowColumnReorder>false</allowColumnReorder>
<existDependencyGenerateInDDl>true</existDependencyGenerateInDDl>
<parsed>true</parsed>
<columns itemClass="oracle.dbtools.crest.model.design.relational.Column">
<Column name="id_medico" id="24D86DB7-6A5D-00AA-AE7A-6DB8D8442CEC">
<createdBy>tazja</createdBy>
<createdTime>2025-09-14 19:06:31 UTC</createdTime>
<generatorID>52AC8CD4-DBEE-7593-E2D4-96AB1AFC8D80</generatorID>
<ownerDesignName>centromedico</ownerDesignName>
<useDomainConstraints>false</useDomainConstraints>
<use>1</use>
<logicalDatatype>LOGDT019</logicalDatatype>
<ownDataTypeParameters>,,</ownDataTypeParameters>
<autoIncrementCycle>false</autoIncrementCycle>
</Column>
<Column name="rut_medico" id="F625E668-136E-E18C-E127-710496D8AE07">
<createdBy>tazja</createdBy>
<createdTime>2025-09-14 19:06:31 UTC</createdTime>
<generatorID>77FCDB8F-1F6B-100D-7EBB-AD0C899F69FC</generatorID>
<ownerDesignName>centromedico</ownerDesignName>
<useDomainConstraints>false</useDomainConstraints>
<use>1</use>
<logicalDatatype>LOGDT024</logicalDatatype>
<ownDataTypeParameters>,,</ownDataTypeParameters>
<autoIncrementCycle>false</autoIncrementCycle>
</Column>
<Column name="digito" id="332BDA64-19BB-8DA9-384D-234C41D26538">
<createdBy>tazja</createdBy>
<createdTime>2025-09-14 19:06:31 UTC</createdTime>
<generatorID>C4B7B89F-5647-330E-26A7-46C0CFA50F8E</generatorID>
<ownerDesignName>centromedico</ownerDesignName>
<constraintName>CK_MEDICO_DIGITO</constraintName>
<useDomainConstraints>false</useDomainConstraints>
<use>1</use>
<logicalDatatype>LOGDT024</logicalDatatype>
<listOfValues>
<valueDef value="&quot;1&quot;" description=""/>
<valueDef value="&quot;2&quot;" description=""/>
<valueDef value="&quot;3&quot;" description=""/>
<valueDef value="&quot;4&quot;" description=""/>
<valueDef value="&quot;5&quot;" description=""/>
<valueDef value="&quot;6&quot;" description=""/>
<valueDef value="&quot;7&quot;" description=""/>
<valueDef value="&quot;8&quot;" description=""/>
<valueDef value="&quot;9&quot;" description=""/>
<valueDef value="&quot;K&quot;" description=""/>
</listOfValues>
<ownDataTypeParameters>,,</ownDataTypeParameters>
<autoIncrementCycle>false</autoIncrementCycle>
</Column>
<Column name="nombre_medico" id="4F2DC1B1-25EE-9386-F2FD-D2C025DDF583">
<createdBy>tazja</createdBy>
<createdTime>2025-09-14 19:06:31 UTC</createdTime>
<generatorID>8C624758-4A78-2805-295A-6F9B9E20B7E1</generatorID>
<ownerDesignName>centromedico</ownerDesignName>
<useDomainConstraints>false</useDomainConstraints>
<use>1</use>
<logicalDatatype>LOGDT024</logicalDatatype>
<ownDataTypeParameters>,,</ownDataTypeParameters>
<autoIncrementCycle>false</autoIncrementCycle>
</Column>
<Column name="fecha_ingreso" id="078DE4FB-C51E-F322-C3EC-6CEC15CF8127">
<createdBy>tazja</createdBy>
<createdTime>2025-09-14 19:06:31 UTC</createdTime>
<generatorID>C0F08EF2-5012-33DE-2290-FC9822194B43</generatorID>
<ownerDesignName>centromedico</ownerDesignName>
<useDomainConstraints>false</useDomainConstraints>
<use>1</use>
<logicalDatatype>LOGDT024</logicalDatatype>
<ownDataTypeParameters>,,</ownDataTypeParameters>
<autoIncrementCycle>false</autoIncrementCycle>
</Column>
<Column name="ESPECIALIDAD_id_esp" id="C34A3EAD-7CF3-B9BF-396E-5665C116D229">
<createdBy>tazja</createdBy>
<createdTime>2025-09-14 19:06:31 UTC</createdTime>
<generatorID>58031798-D250-0313-D8F6-0EA36AD3C396</generatorID>
<ownerDesignName>centromedico</ownerDesignName>
<useDomainConstraints>false</useDomainConstraints>
<use>1</use>
<logicalDatatype>LOGDT024</logicalDatatype>
<ownDataTypeParameters>,,</ownDataTypeParameters>
<previousColumn>false</previousColumn>
<autoIncrementCycle>false</autoIncrementCycle>
<associations>
<colAssociation fkAssociation="7E5C9192-ABE7-6BD8-9CD4-3BDB9840D2E9" referredColumn="6984D5EF-C8E4-D054-926B-E34A73E4EFA7"/>
</associations>
</Column>
<Column name="CENTRO_MEDICO_id_centro_medico" id="9A44C3E5-F6E1-66D8-5344-11374FCAB9AA">
<createdBy>tazja</createdBy>
<createdTime>2025-09-14 19:06:31 UTC</createdTime>
<generatorID>E8347A5E-8A72-6DA0-216A-F47C4AC7F41E</generatorID>
<ownerDesignName>centromedico</ownerDesignName>
<useDomainConstraints>false</useDomainConstraints>
<use>1</use>
<logicalDatatype>LOGDT019</logicalDatatype>
<ownDataTypeParameters>,,</ownDataTypeParameters>
<previousColumn>false</previousColumn>
<autoIncrementCycle>false</autoIncrementCycle>
<associations>
<colAssociation fkAssociation="0EEDA832-848F-DE29-4FA1-EEE72DCC3C65" referredColumn="CD879DF6-88C9-2D2F-71E4-192CB5026862"/>
</associations>
</Column>
<Column name="AFP_id_afp" id="278FA270-B310-F884-0F68-0252C33F50B1">
<createdBy>tazja</createdBy>
<createdTime>2025-09-14 19:06:31 UTC</createdTime>
<generatorID>2ADBF014-AE68-07DC-AAD7-D044C7409C20</generatorID>
<ownerDesignName>centromedico</ownerDesignName>
<useDomainConstraints>false</useDomainConstraints>
<use>1</use>
<logicalDatatype>LOGDT019</logicalDatatype>
<ownDataTypeParameters>,,</ownDataTypeParameters>
<previousColumn>false</previousColumn>
<autoIncrementCycle>false</autoIncrementCycle>
<associations>
<colAssociation fkAssociation="BE05A418-B960-6FDD-F9D1-AD21D0EDEC70" referredColumn="FB1F868D-8146-8A01-0E1D-ADCBEF0F0928"/>
</associations>
</Column>
<Column name="SALUD_id_salud" id="4D511BD0-BCDE-460D-F377-E0C6A3C9E228">
<createdBy>tazja</createdBy>
<createdTime>2025-09-14 19:06:31 UTC</createdTime>
<generatorID>DFE9B9B6-6E5B-7026-BF6A-8F06F6938A82</generatorID>
<ownerDesignName>centromedico</ownerDesignName>
<useDomainConstraints>false</useDomainConstraints>
<use>1</use>
<logicalDatatype>LOGDT019</logicalDatatype>
<ownDataTypeParameters>,,</ownDataTypeParameters>
<previousColumn>false</previousColumn>
<autoIncrementCycle>false</autoIncrementCycle>
<associations>
<colAssociation fkAssociation="603EB233-7314-07D7-9E8F-2C7C5E757B0B" referredColumn="DFE3FC9B-D871-8B2D-B150-7BAAF0F9CF66"/>
</associations>
</Column>
<Column name="MEDICO_id_medico" id="CB96C770-B220-0CE8-A177-3E845291F4D6">
<createdBy>tazja</createdBy>
<createdTime>2025-09-14 19:06:31 UTC</createdTime>
<generatorID>EE559829-3C6C-4000-A7B1-BF44A9185C3E</generatorID>
<ownerDesignName>centromedico</ownerDesignName>
<nullsAllowed>true</nullsAllowed>
<useDomainConstraints>false</useDomainConstraints>
<use>1</use>
<logicalDatatype>LOGDT019</logicalDatatype>
<ownDataTypeParameters>,,</ownDataTypeParameters>
<previousColumn>false</previousColumn>
<autoIncrementCycle>false</autoIncrementCycle>
<associations>
<colAssociation fkAssociation="53951BA4-89B9-CBAF-4DD2-419E501C1EE9" referredColumn="24D86DB7-6A5D-00AA-AE7A-6DB8D8442CEC"/>
</associations>
</Column>
</columns>
<indexes itemClass="oracle.dbtools.crest.model.design.relational.Index">
<ind_PK_UK id="804D0346-FD3D-6A6A-D9A7-9618AE558338" name="MEDICO_PK">
<createdBy>tazja</createdBy>
<createdTime>2025-09-14 19:06:31 UTC</createdTime>
<generatorID>F5046DAB-E4D2-DD70-7722-434369C4CB17</generatorID>
<ownerDesignName>centromedico</ownerDesignName>
<pk>true</pk>
<indexState>Primary Constraint</indexState>
<isSurrogateKey>false</isSurrogateKey>
<indexColumnUsage>
<colUsage columnID="24D86DB7-6A5D-00AA-AE7A-6DB8D8442CEC"/>
</indexColumnUsage>
</ind_PK_UK>
<ind_PK_UK id="BD140CA3-3C7B-84ED-51D1-35BB9E917DD9" name="MEDICO_CENTRO_MEDICO_FK">
<createdBy>tazja</createdBy>
<createdTime>2025-09-14 19:06:31 UTC</createdTime>
<generatorID>5A45081C-5AB0-B925-AFEA-F2362E03C0EF</generatorID>
<ownerDesignName>centromedico</ownerDesignName>
<indexState>Foreign Key</indexState>
<isSurrogateKey>false</isSurrogateKey>
<indexColumnUsage>
<colUsage columnID="9A44C3E5-F6E1-66D8-5344-11374FCAB9AA"/>
</indexColumnUsage>
</ind_PK_UK>
<ind_PK_UK id="570B675B-7045-B953-452F-3C54965716A6" name="MEDICO_AFP_FK">
<createdBy>tazja</createdBy>
<createdTime>2025-09-14 19:06:31 UTC</createdTime>
<generatorID>D59C47AA-70E8-3500-D0B8-6184165833A2</generatorID>
<ownerDesignName>centromedico</ownerDesignName>
<indexState>Foreign Key</indexState>
<isSurrogateKey>false</isSurrogateKey>
<indexColumnUsage>
<colUsage columnID="278FA270-B310-F884-0F68-0252C33F50B1"/>
</indexColumnUsage>
</ind_PK_UK>
<ind_PK_UK id="A94F8867-E3FF-1C33-F451-CBB648524398" name="MEDICO_SALUD_FK">
<createdBy>tazja</createdBy>
<createdTime>2025-09-14 19:06:31 UTC</createdTime>
<generatorID>E62AC60C-2F7F-1E2F-7937-00CC7159D34C</generatorID>
<ownerDesignName>centromedico</ownerDesignName>
<indexState>Foreign Key</indexState>
<isSurrogateKey>false</isSurrogateKey>
<indexColumnUsage>
<colUsage columnID="4D511BD0-BCDE-460D-F377-E0C6A3C9E228"/>
</indexColumnUsage>
</ind_PK_UK>
<ind_PK_UK id="60797DD0-ACBC-0B78-AE4D-B5FABF30B454" name="MEDICO_MEDICO_FK">
<createdBy>tazja</createdBy>
<createdTime>2025-09-14 19:06:31 UTC</createdTime>
<generatorID>B527A093-8B17-B0FC-3B22-E79A434C1932</generatorID>
<ownerDesignName>centromedico</ownerDesignName>
<indexState>Foreign Key</indexState>
<isSurrogateKey>false</isSurrogateKey>
<indexColumnUsage>
<colUsage columnID="CB96C770-B220-0CE8-A177-3E845291F4D6"/>
</indexColumnUsage>
</ind_PK_UK>
<ind_PK_UK id="F8496D35-6D82-57F8-5FFE-96EFA135044F" name="MEDICO_ESPECIALIDAD_FK">
<createdBy>tazja</createdBy>
<createdTime>2025-09-14 19:06:31 UTC</createdTime>
<generatorID>833D0092-8DF4-159C-27A4-6997575B9435</generatorID>
<ownerDesignName>centromedico</ownerDesignName>
<indexState>Foreign Key</indexState>
<isSurrogateKey>false</isSurrogateKey>
<indexColumnUsage>
<colUsage columnID="C34A3EAD-7CF3-B9BF-396E-5665C116D229"/>
</indexColumnUsage>
</ind_PK_UK>
</indexes>
</Table>