<?xml version = '1.0' encoding = 'UTF-8'?>
<Table class="oracle.dbtools.crest.model.design.relational.Table" directorySegmentName="seg_0" id="54328D42-01D6-A7CB-1C35-1D9B0EBF642C" name="SALUD">
<createdBy>tazja</createdBy>
<createdTime>2025-09-14 19:06:31 UTC</createdTime>
<generatorID>522AFE41-8572-B983-908A-3AEC13E4C3C5</generatorID>
<ownerDesignName>centromedico</ownerDesignName>
<allowColumnReorder>false</allowColumnReorder>
<existDependencyGenerateInDDl>true</existDependencyGenerateInDDl>
<parsed>true</parsed>
<columns itemClass="oracle.dbtools.crest.model.design.relational.Column">
<Column name="id_salud" id="DFE3FC9B-D871-8B2D-B150-7BAAF0F9CF66">
<createdBy>tazja</createdBy>
<createdTime>2025-09-14 19:06:31 UTC</createdTime>
<generatorID>8FACA84A-1D89-0F3A-BDA8-2DCCA4E3963E</generatorID>
<ownerDesignName>centromedico</ownerDesignName>
<useDomainConstraints>false</useDomainConstraints>
<use>1</use>
<logicalDatatype>LOGDT019</logicalDatatype>
<ownDataTypeParameters>,,</ownDataTypeParameters>
<autoIncrementCycle>false</autoIncrementCycle>
</Column>
<Column name="nombre_salud" id="4264364A-FE74-1712-6791-D9D3FEA5B923">
<createdBy>tazja</createdBy>
<createdTime>2025-09-14 19:06:31 UTC</createdTime>
<generatorID>4BBF592E-5846-2DA3-AAEF-132854524F2E</generatorID>
<ownerDesignName>centromedico</ownerDesignName>
<useDomainConstraints>false</useDomainConstraints>
<use>1</use>
<logicalDatatype>LOGDT024</logicalDatatype>
<ownDataTypeParameters>,,</ownDataTypeParameters>
<autoIncrementCycle>false</autoIncrementCycle>
</Column>
</columns>
<indexes itemClass="oracle.dbtools.crest.model.design.relational.Index">
<ind_PK_UK id="DB7B46BC-9C40-3AEF-BD32-A9646559EBAF" name="SALUD_PK">
<createdBy>tazja</createdBy>
<createdTime>2025-09-14 19:06:31 UTC</createdTime>
<generatorID>46146F9C-B9A3-E014-9246-5228AAE92AC4</generatorID>
<ownerDesignName>centromedico</ownerDesignName>
<pk>true</pk>
<indexState>Primary Constraint</indexState>
<isSurrogateKey>false</isSurrogateKey>
<indexColumnUsage>
<colUsage columnID="DFE3FC9B-D871-8B2D-B150-7BAAF0F9CF66"/>
</indexColumnUsage>
</ind_PK_UK>
<ind_PK_UK id="E5556630-5724-60F6-4C03-D81F9623061A" name="SALUD_nombre_salud_UN">
<createdBy>tazja</createdBy>
<createdTime>2025-09-14 19:06:31 UTC</createdTime>
<generatorID>C05C51BE-F5C9-34AF-DB29-19304FBE8C1F</generatorID>
<ownerDesignName>centromedico</ownerDesignName>
<indexState>Unique Constraint</indexState>
<isSurrogateKey>false</isSurrogateKey>
<indexColumnUsage>
<colUsage columnID="4264364A-FE74-1712-6791-D9D3FEA5B923"/>
</indexColumnUsage>
</ind_PK_UK>
</indexes>
</Table>