<?xml version = '1.0' encoding = 'UTF-8'?>
<Table class="oracle.dbtools.crest.model.design.relational.Table" directorySegmentName="seg_0" id="59EAC3E2-A525-B5F4-D0C2-13B22D19522D" name="EXAMEN_LABORATORIO">
<createdBy>tazja</createdBy>
<createdTime>2025-09-14 19:06:31 UTC</createdTime>
<generatorID>C189C11A-7F2A-7904-8021-FA58B81D6929</generatorID>
<ownerDesignName>centromedico</ownerDesignName>
<allowColumnReorder>false</allowColumnReorder>
<existDependencyGenerateInDDl>true</existDependencyGenerateInDDl>
<parsed>true</parsed>
<columns itemClass="oracle.dbtools.crest.model.design.relational.Column">
<Column name="id_examen" id="2A9D8367-3EF1-CC68-D707-96710A0941B4">
<createdBy>tazja</createdBy>
<createdTime>2025-09-14 19:06:31 UTC</createdTime>
<generatorID>68BC6825-A9C1-3A14-1812-625B5A43024E</generatorID>
<ownerDesignName>centromedico</ownerDesignName>
<useDomainConstraints>false</useDomainConstraints>
<use>1</use>
<logicalDatatype>LOGDT019</logicalDatatype>
<ownDataTypeParameters>,,</ownDataTypeParameters>
<autoIncrementCycle>false</autoIncrementCycle>
</Column>
<Column name="nombre_examen" id="BEACD10C-07B6-6730-1B0F-7E88715C6C27">
<createdBy>tazja</createdBy>
<createdTime>2025-09-14 19:06:31 UTC</createdTime>
<generatorID>45BBA26B-DABF-B5FF-300E-DFB86B0CBCEE</generatorID>
<ownerDesignName>centromedico</ownerDesignName>
<useDomainConstraints>false</useDomainConstraints>
<use>1</use>
<logicalDatatype>LOGDT024</logicalDatatype>
<ownDataTypeParameters>,,</ownDataTypeParameters>
<autoIncrementCycle>false</autoIncrementCycle>
</Column>
<Column name="tipo_muestra" id="2A1D069D-4061-D9ED-7202-F01A7F085939">
<createdBy>tazja</createdBy>
<createdTime>2025-09-14 19:06:31 UTC</createdTime>
<generatorID>BB88014C-80E5-BD02-46EC-78EF75DD693D</generatorID>
<ownerDesignName>centromedico</ownerDesignName>
<useDomainConstraints>false</useDomainConstraints>
<use>1</use>
<logicalDatatype>LOGDT024</logicalDatatype>
<ownDataTypeParameters>,,</ownDataTypeParameters>
<autoIncrementCycle>false</autoIncrementCycle>
</Column>
<Column name="cond_preparacion" id="8F5E02AA-EAE0-0389-7DF2-849709DFDDBE">
<createdBy>tazja</createdBy>
<createdTime>2025-09-14 19:06:31 UTC</createdTime>
<generatorID>40E28A09-A8D2-E192-CD87-EC68A2969BBA</generatorID>
<ownerDesignName>centromedico</ownerDesignName>
<useDomainConstraints>false</useDomainConstraints>
<use>1</use>
<logicalDatatype>LOGDT024</logicalDatatype>
<ownDataTypeParameters>,,</ownDataTypeParameters>
<autoIncrementCycle>false</autoIncrementCycle>
</Column>
<Column name="MEDICO_id_medico" id="3E2893A7-0E94-5976-AE68-8AF0AC771B83">
<createdBy>tazja</createdBy>
<createdTime>2025-09-14 19:06:31 UTC</createdTime>
<generatorID>A877811C-D190-739C-D481-2F9E803E4206</generatorID>
<ownerDesignName>centromedico</ownerDesignName>
<useDomainConstraints>false</useDomainConstraints>
<use>1</use>
<logicalDatatype>LOGDT019</logicalDatatype>
<ownDataTypeParameters>,,</ownDataTypeParameters>
<previousColumn>false</previousColumn>
<autoIncrementCycle>false</autoIncrementCycle>
<associations>
<colAssociation fkAssociation="6F5D557F-8527-67EA-B263-F4E06FC1AC5F" referredColumn="24D86DB7-6A5D-00AA-AE7A-6DB8D8442CEC"/>
</associations>
</Column>
<Column name="PACIENTE_id_paciente" id="1B7636D6-2322-5698-D8F0-55DD884BE5F6">
<createdBy>tazja</createdBy>
<createdTime>2025-09-14 19:06:31 UTC</createdTime>
<generatorID>92FA8D33-8603-1267-0286-FDD17CE57429</generatorID>
<ownerDesignName>centromedico</ownerDesignName>
<useDomainConstraints>false</useDomainConstraints>
<use>1</use>
<logicalDatatype>LOGDT019</logicalDatatype>
<ownDataTypeParameters>,,</ownDataTypeParameters>
<previousColumn>false</previousColumn>
<autoIncrementCycle>false</autoIncrementCycle>
<associations>
<colAssociation fkAssociation="5B8AF668-3CA1-B52E-8744-A96A7823A5A5" referredColumn="118C53C4-2E92-0F3D-D9C6-F2020681C47E"/>
</associations>
</Column>
</columns>
<indexes itemClass="oracle.dbtools.crest.model.design.relational.Index">
<ind_PK_UK id="64444254-6AAE-68AA-3FFE-1C1C3469C844" name="EXAMEN_LABORATORIO_PK">
<createdBy>tazja</createdBy>
<createdTime>2025-09-14 19:06:31 UTC</createdTime>
<generatorID>802B011A-694A-CE94-3876-552DA4FBC532</generatorID>
<ownerDesignName>centromedico</ownerDesignName>
<pk>true</pk>
<indexState>Primary Constraint</indexState>
<isSurrogateKey>false</isSurrogateKey>
<indexColumnUsage>
<colUsage columnID="2A9D8367-3EF1-CC68-D707-96710A0941B4"/>
</indexColumnUsage>
</ind_PK_UK>
<ind_PK_UK id="2441C277-0EEE-54D8-87DB-3D407479B6E6" name="EXAMEN_LABORATORIO_nombre_examen_UN">
<createdBy>tazja</createdBy>
<createdTime>2025-09-14 19:06:31 UTC</createdTime>
<generatorID>77B3C62B-A836-18F1-2D78-A5210297AB02</generatorID>
<ownerDesignName>centromedico</ownerDesignName>
<indexState>Unique Constraint</indexState>
<isSurrogateKey>false</isSurrogateKey>
<indexColumnUsage>
<colUsage columnID="BEACD10C-07B6-6730-1B0F-7E88715C6C27"/>
</indexColumnUsage>
</ind_PK_UK>
<ind_PK_UK id="975DE4DD-0F90-8B09-E017-76114118EBEB" name="EXAMEN_LABORATORIO_MEDICO_FK">
<createdBy>tazja</createdBy>
<createdTime>2025-09-14 19:06:31 UTC</createdTime>
<generatorID>5F0228F9-B25A-BE69-2AD4-91A88281469F</generatorID>
<ownerDesignName>centromedico</ownerDesignName>
<indexState>Foreign Key</indexState>
<isSurrogateKey>false</isSurrogateKey>
<indexColumnUsage>
<colUsage columnID="3E2893A7-0E94-5976-AE68-8AF0AC771B83"/>
</indexColumnUsage>
</ind_PK_UK>
<ind_PK_UK id="DC4ADCAE-6A1F-E11E-F359-ED81E85179F1" name="EXAMEN_LABORATORIO_PACIENTE_FK">
<createdBy>tazja</createdBy>
<createdTime>2025-09-14 19:06:31 UTC</createdTime>
<generatorID>06327FE0-5890-AB5C-0E51-EF44138EDFE5</generatorID>
<ownerDesignName>centromedico</ownerDesignName>
<indexState>Foreign Key</indexState>
<isSurrogateKey>false</isSurrogateKey>
<indexColumnUsage>
<colUsage columnID="1B7636D6-2322-5698-D8F0-55DD884BE5F6"/>
</indexColumnUsage>
</ind_PK_UK>
</indexes>
</Table>