<?xml version = '1.0' encoding = 'UTF-8'?>
<Table class="oracle.dbtools.crest.model.design.relational.Table" directorySegmentName="seg_0" id="6F178215-6087-8458-4B3B-D50E4910C11D" name="AFP">
<createdBy>tazja</createdBy>
<createdTime>2025-09-14 19:06:31 UTC</createdTime>
<generatorID>C910268A-4B8B-378C-D903-47752156CEA1</generatorID>
<ownerDesignName>centromedico</ownerDesignName>
<allowColumnReorder>false</allowColumnReorder>
<existDependencyGenerateInDDl>true</existDependencyGenerateInDDl>
<parsed>true</parsed>
<columns itemClass="oracle.dbtools.crest.model.design.relational.Column">
<Column name="id_afp" id="FB1F868D-8146-8A01-0E1D-ADCBEF0F0928">
<createdBy>tazja</createdBy>
<createdTime>2025-09-14 19:06:31 UTC</createdTime>
<generatorID>EA455E8C-4506-F50E-3F02-E1507D499AB0</generatorID>
<ownerDesignName>centromedico</ownerDesignName>
<useDomainConstraints>false</useDomainConstraints>
<use>1</use>
<logicalDatatype>LOGDT019</logicalDatatype>
<ownDataTypeParameters>,,</ownDataTypeParameters>
<autoIncrementCycle>false</autoIncrementCycle>
</Column>
<Column name="nombre_afp" id="17D034BE-D908-30E0-9C07-C091532E286A">
<createdBy>tazja</createdBy>
<createdTime>2025-09-14 19:06:31 UTC</createdTime>
<generatorID>1608A991-A17D-A5F1-1AA2-B081D73D3AEF</generatorID>
<ownerDesignName>centromedico</ownerDesignName>
<useDomainConstraints>false</useDomainConstraints>
<use>1</use>
<logicalDatatype>LOGDT024</logicalDatatype>
<ownDataTypeParameters>,,</ownDataTypeParameters>
<autoIncrementCycle>false</autoIncrementCycle>
</Column>
</columns>
<indexes itemClass="oracle.dbtools.crest.model.design.relational.Index">
<ind_PK_UK id="2ED3C455-EBAD-1711-1ED9-52D4852EEA62" name="AFP_PK">
<createdBy>tazja</createdBy>
<createdTime>2025-09-14 19:06:31 UTC</createdTime>
<generatorID>023882B3-4FA9-DC79-D334-D1AFBB5A9671</generatorID>
<ownerDesignName>centromedico</ownerDesignName>
<pk>true</pk>
<indexState>Primary Constraint</indexState>
<isSurrogateKey>false</isSurrogateKey>
<indexColumnUsage>
<colUsage columnID="FB1F868D-8146-8A01-0E1D-ADCBEF0F0928"/>
</indexColumnUsage>
</ind_PK_UK>
<ind_PK_UK id="9ECD81A8-593D-6124-ED72-CE251B7C7DBB" name="AFP_nombre_afp_UN">
<createdBy>tazja</createdBy>
<createdTime>2025-09-14 19:06:31 UTC</createdTime>
<generatorID>98EA5C15-ECAB-1E2E-8C04-C6FAFFED81C6</generatorID>
<ownerDesignName>centromedico</ownerDesignName>
<indexState>Unique Constraint</indexState>
<isSurrogateKey>false</isSurrogateKey>
<indexColumnUsage>
<colUsage columnID="17D034BE-D908-30E0-9C07-C091532E286A"/>
</indexColumnUsage>
</ind_PK_UK>
</indexes>
</Table>