<?xml version = '1.0' encoding = 'UTF-8'?>
<Table class="oracle.dbtools.crest.model.design.relational.Table" directorySegmentName="seg_0" id="7214D9EB-810F-8768-4D0C-C2D4B7745711" name="CENTRO_MEDICO">
<createdBy>tazja</createdBy>
<createdTime>2025-09-14 19:06:31 UTC</createdTime>
<generatorID>53A2EDCF-92A8-A36F-EFA4-FD7E8ABE6039</generatorID>
<ownerDesignName>centromedico</ownerDesignName>
<allowColumnReorder>false</allowColumnReorder>
<existDependencyGenerateInDDl>true</existDependencyGenerateInDDl>
<parsed>true</parsed>
<columns itemClass="oracle.dbtools.crest.model.design.relational.Column">
<Column name="id_centro_medico" id="CD879DF6-88C9-2D2F-71E4-192CB5026862">
<createdBy>tazja</createdBy>
<createdTime>2025-09-14 19:06:31 UTC</createdTime>
<generatorID>16CA6980-C24A-E970-FCC4-DEAE68DFEF89</generatorID>
<ownerDesignName>centromedico</ownerDesignName>
<useDomainConstraints>false</useDomainConstraints>
<use>1</use>
<logicalDatatype>LOGDT019</logicalDatatype>
<ownDataTypeParameters>,,</ownDataTypeParameters>
<autoIncrementCycle>false</autoIncrementCycle>
</Column>
<Column name="nombre_centro_medico" id="7D8E49D4-53FC-DACC-45E4-A96D50FE89D9">
<createdBy>tazja</createdBy>
<createdTime>2025-09-14 19:06:31 UTC</createdTime>
<generatorID>80F3AB9C-E829-DD49-4780-9DF846698A22</generatorID>
<ownerDesignName>centromedico</ownerDesignName>
<useDomainConstraints>false</useDomainConstraints>
<use>1</use>
<logicalDatatype>LOGDT024</logicalDatatype>
<ownDataTypeParameters>,,</ownDataTypeParameters>
<autoIncrementCycle>false</autoIncrementCycle>
</Column>
</columns>
<indexes itemClass="oracle.dbtools.crest.model.design.relational.Index">
<ind_PK_UK id="667B9166-263B-C5B6-EA95-27E8D3DC35D4" name="CENTRO_MEDICO_PK">
<createdBy>tazja</createdBy>
<createdTime>2025-09-14 19:06:31 UTC</createdTime>
<generatorID>91055FE4-1DE0-65FA-D954-4F1DB30D670C</generatorID>
<ownerDesignName>centromedico</ownerDesignName>
<pk>true</pk>
<indexState>Primary Constraint</indexState>
<isSurrogateKey>false</isSurrogateKey>
<indexColumnUsage>
<colUsage columnID="CD879DF6-88C9-2D2F-71E4-192CB5026862"/>
</indexColumnUsage>
</ind_PK_UK>
<ind_PK_UK id="8FA2F700-BE34-F985-5F80-404CC801C4CE" name="CENTRO_MEDICO_nombre_centro_medico_UN">
<createdBy>tazja</createdBy>
<createdTime>2025-09-14 19:06:31 UTC</createdTime>
<generatorID>50ACA9B0-FA49-BA1A-2225-4AF4D04A3159</generatorID>
<ownerDesignName>centromedico</ownerDesignName>
<indexState>Unique Constraint</indexState>
<isSurrogateKey>false</isSurrogateKey>
<indexColumnUsage>
<colUsage columnID="7D8E49D4-53FC-DACC-45E4-A96D50FE89D9"/>
</indexColumnUsage>
</ind_PK_UK>
</indexes>
</Table>