<?xml version = '1.0' encoding = 'UTF-8'?>
<Table class="oracle.dbtools.crest.model.design.relational.Table" directorySegmentName="seg_0" id="AF3AA322-FB7C-A5BE-15D9-2C528BF62C7F" name="COMUNA">
<createdBy>tazja</createdBy>
<createdTime>2025-09-14 19:06:31 UTC</createdTime>
<generatorID>F4D805B9-31A5-C4D2-5CEF-769CE2DEE27F</generatorID>
<ownerDesignName>centromedico</ownerDesignName>
<allowColumnReorder>false</allowColumnReorder>
<existDependencyGenerateInDDl>true</existDependencyGenerateInDDl>
<parsed>true</parsed>
<columns itemClass="oracle.dbtools.crest.model.design.relational.Column">
<Column name="id_comuna" id="073E2EF5-153C-E740-8286-D94C198FB90E">
<createdBy>tazja</createdBy>
<createdTime>2025-09-14 19:06:31 UTC</createdTime>
<generatorID>58EFC8DE-535E-F66E-8BA8-7E428936AD97</generatorID>
<ownerDesignName>centromedico</ownerDesignName>
<useDomainConstraints>false</useDomainConstraints>
<use>1</use>
<logicalDatatype>LOGDT019</logicalDatatype>
<ownDataTypeParameters>,,</ownDataTypeParameters>
<autoIncrementCycle>false</autoIncrementCycle>
</Column>
<Column name="nombre_comuna" id="59E342FD-A982-E01F-062B-BF4BF0D619C7">
<createdBy>tazja</createdBy>
<createdTime>2025-09-14 19:06:31 UTC</createdTime>
<generatorID>2A5C6FCE-AC7E-3F71-6987-B92A0D5CB3B6</generatorID>
<ownerDesignName>centromedico</ownerDesignName>
<useDomainConstraints>false</useDomainConstraints>
<use>1</use>
<logicalDatatype>LOGDT024</logicalDatatype>
<ownDataTypeParameters>,,</ownDataTypeParameters>
<autoIncrementCycle>false</autoIncrementCycle>
</Column>
<Column name="REGION_id_region" id="8AEFD4E3-AC47-EA63-99F5-2F28926C7AC1">
<createdBy>tazja</createdBy>
<createdTime>2025-09-14 19:06:31 UTC</createdTime>
<generatorID>98FD518F-3B82-6604-E519-632383B8C5A0</generatorID>
<ownerDesignName>centromedico</ownerDesignName>
<useDomainConstraints>false</useDomainConstraints>
<use>1</use>
<logicalDatatype>LOGDT019</logicalDatatype>
<ownDataTypeParameters>,,</ownDataTypeParameters>
<previousColumn>false</previousColumn>
<autoIncrementCycle>false</autoIncrementCycle>
<associations>
<colAssociation fkAssociation="5EC8AD28-1BC8-6146-6F22-9A5F59E617BE" referredColumn="E9C112EE-8040-FE00-07A4-F7C20E01528E"/>
</associations>
</Column>
</columns>
<indexes itemClass="oracle.dbtools.crest.model.design.relational.Index">
<ind_PK_UK id="1FC88E8D-5468-B4CB-EADC-6FC9C1ED66EA" name="COMUNA_PK">
<createdBy>tazja</createdBy>
<createdTime>2025-09-14 19:06:31 UTC</createdTime>
<generatorID>C87731B4-06CD-9E3C-C21E-E035674A5304</generatorID>
<ownerDesignName>centromedico</ownerDesignName>
<pk>true</pk>
<indexState>Primary Constraint</indexState>
<isSurrogateKey>false</isSurrogateKey>
<indexColumnUsage>
<colUsage columnID="073E2EF5-153C-E740-8286-D94C198FB90E"/>
</indexColumnUsage>
</ind_PK_UK>
<ind_PK_UK id="6C3254B5-CE6B-8256-55BD-BF9201F13729" name="COMUNA_nombre_comuna_UN">
<createdBy>tazja</createdBy>
<createdTime>2025-09-14 19:06:31 UTC</createdTime>
<generatorID>26035D4A-8CB7-0ED2-DCAF-F0902EFC83A5</generatorID>
<ownerDesignName>centromedico</ownerDesignName>
<indexState>Unique Constraint</indexState>
<isSurrogateKey>false</isSurrogateKey>
<indexColumnUsage>
<colUsage columnID="59E342FD-A982-E01F-062B-BF4BF0D619C7"/>
</indexColumnUsage>
</ind_PK_UK>
<ind_PK_UK id="F871EDD2-D5BE-A9BB-9D0C-7BF1EA581725" name="COMUNA_REGION_FK">
<createdBy>tazja</createdBy>
<createdTime>2025-09-14 19:06:31 UTC</createdTime>
<generatorID>C42F1562-46C9-D24E-814F-08A2A42D74A6</generatorID>
<ownerDesignName>centromedico</ownerDesignName>
<indexState>Foreign Key</indexState>
<isSurrogateKey>false</isSurrogateKey>
<indexColumnUsage>
<colUsage columnID="8AEFD4E3-AC47-EA63-99F5-2F28926C7AC1"/>
</indexColumnUsage>
</ind_PK_UK>
</indexes>
</Table>