<?xml version = '1.0' encoding = 'UTF-8'?>
<Table class="oracle.dbtools.crest.model.design.relational.Table" directorySegmentName="seg_0" id="B9B9AD55-328D-CDB6-010E-47F2A8EFAB6E" name="PAGO_ATENCION">
<createdBy>tazja</createdBy>
<createdTime>2025-09-14 19:06:31 UTC</createdTime>
<generatorID>226EA02B-8525-24CB-5F50-C2919FCE0393</generatorID>
<ownerDesignName>centromedico</ownerDesignName>
<allowColumnReorder>false</allowColumnReorder>
<existDependencyGenerateInDDl>true</existDependencyGenerateInDDl>
<parsed>true</parsed>
<columns itemClass="oracle.dbtools.crest.model.design.relational.Column">
<Column name="id_pago" id="6A9F125C-769B-2451-2A00-BD6BF891FC5C">
<createdBy>tazja</createdBy>
<createdTime>2025-09-14 19:06:31 UTC</createdTime>
<generatorID>407DF0AB-1A95-6D3C-8D40-154D5B2FCC7F</generatorID>
<ownerDesignName>centromedico</ownerDesignName>
<useDomainConstraints>false</useDomainConstraints>
<use>1</use>
<logicalDatatype>LOGDT019</logicalDatatype>
<ownDataTypeParameters>,,</ownDataTypeParameters>
<autoIncrementCycle>false</autoIncrementCycle>
</Column>
<Column name="fecha_pago" id="D10ADB50-CDA9-621D-D322-F1FEE647B115">
<createdBy>tazja</createdBy>
<createdTime>2025-09-14 19:06:31 UTC</createdTime>
<generatorID>2ECA83DF-0ADA-68EC-9D6C-CA83A5EFF3B0</generatorID>
<ownerDesignName>centromedico</ownerDesignName>
<useDomainConstraints>false</useDomainConstraints>
<use>1</use>
<logicalDatatype>LOGDT007</logicalDatatype>
<ownDataTypeParameters>,,</ownDataTypeParameters>
<autoIncrementCycle>false</autoIncrementCycle>
</Column>
<Column name="monto" id="407E7BDA-8C72-40D0-907C-F38D0870DF96">
<createdBy>tazja</createdBy>
<createdTime>2025-09-14 19:06:31 UTC</createdTime>
<generatorID>CB79F85A-C93A-1686-706E-16052091F345</generatorID>
<ownerDesignName>centromedico</ownerDesignName>
<useDomainConstraints>false</useDomainConstraints>
<use>1</use>
<logicalDatatype>LOGDT019</logicalDatatype>
<ownDataTypeParameters>,,</ownDataTypeParameters>
<autoIncrementCycle>false</autoIncrementCycle>
</Column>
<Column name="ATENCION_MEDICA_id_atencion" id="03DBA061-AF54-8161-A7B8-1BC27753FEE2">
<createdBy>tazja</createdBy>
<createdTime>2025-09-14 19:06:31 UTC</createdTime>
<generatorID>44145117-B394-A186-1B28-B0F0C0DCB006</generatorID>
<ownerDesignName>centromedico</ownerDesignName>
<useDomainConstraints>false</useDomainConstraints>
<use>1</use>
<logicalDatatype>LOGDT019</logicalDatatype>
<ownDataTypeParameters>,,</ownDataTypeParameters>
<previousColumn>false</previousColumn>
<autoIncrementCycle>false</autoIncrementCycle>
<associations>
<colAssociation fkAssociation="F76BDB6C-0783-4416-31F8-C968C4255002" referredColumn="530F28DE-5FA3-4E32-5074-38EE380B218C"/>
</associations>
</Column>
<Column name="tipo_pago_atencion" id="76008ED5-B01A-CE22-3141-C2CAFF5F53FC">
<createdBy>tazja</createdBy>
<createdTime>2025-09-14 19:24:48 UTC</createdTime>
<ownerDesignName>centromedico</ownerDesignName>
<useDomainConstraints>false</useDomainConstraints>
<use>1</use>
<logicalDatatype>LOGDT024</logicalDatatype>
<ownDataTypeParameters>,,</ownDataTypeParameters>
<autoIncrementCycle>false</autoIncrementCycle>
</Column>
<Column name="id_efectivo" id="6276577C-11E4-BD7F-03B4-BB4D29BB8F84">
<createdBy>tazja</createdBy>
<createdTime>2025-09-14 19:24:48 UTC</createdTime>
<ownerDesignName>centromedico</ownerDesignName>
<nullsAllowed>true</nullsAllowed>
<useDomainConstraints>false</useDomainConstraints>
<use>1</use>
<logicalDatatype>LOGDT019</logicalDatatype>
<ownDataTypeParameters>,,</ownDataTypeParameters>
<autoIncrementCycle>false</autoIncrementCycle>
</Column>
<Column name="id_tarjeta" id="B0AC47C8-9640-6FC8-2BC1-6531184DFC3C">
<createdBy>tazja</createdBy>
<createdTime>2025-09-14 19:24:48 UTC</createdTime>
<ownerDesignName>centromedico</ownerDesignName>
<nullsAllowed>true</nullsAllowed>
<useDomainConstraints>false</useDomainConstraints>
<use>1</use>
<logicalDatatype>LOGDT019</logicalDatatype>
<ownDataTypeParameters>,,</ownDataTypeParameters>
<autoIncrementCycle>false</autoIncrementCycle>
</Column>
<Column name="id_convenio" id="526C785B-FAD7-1E09-061B-5940A6BB1778">
<createdBy>tazja</createdBy>
<createdTime>2025-09-14 19:24:48 UTC</createdTime>
<ownerDesignName>centromedico</ownerDesignName>
<nullsAllowed>true</nullsAllowed>
<useDomainConstraints>false</useDomainConstraints>
<use>1</use>
<logicalDatatype>LOGDT019</logicalDatatype>
<ownDataTypeParameters>,,</ownDataTypeParameters>
<autoIncrementCycle>false</autoIncrementCycle>
</Column>
</columns>
<indexes itemClass="oracle.dbtools.crest.model.design.relational.Index">
<ind_PK_UK id="F7790B34-97B2-2317-1C21-6AA3833DC678" name="PAGO_ATENCION_PK">
<createdBy>tazja</createdBy>
<createdTime>2025-09-14 19:06:31 UTC</createdTime>
<generatorID>1DD21F2C-84C1-48F1-024C-32886FBE09E2</generatorID>
<ownerDesignName>centromedico</ownerDesignName>
<pk>true</pk>
<indexState>Primary Constraint</indexState>
<isSurrogateKey>false</isSurrogateKey>
<indexColumnUsage>
<colUsage columnID="6A9F125C-769B-2451-2A00-BD6BF891FC5C"/>
</indexColumnUsage>
</ind_PK_UK>
<ind_PK_UK id="E7440C42-6A6B-A309-2364-395326575144" name="PAGO_ATENCION__IDX">
<createdBy>tazja</createdBy>
<createdTime>2025-09-14 19:06:31 UTC</createdTime>
<ownerDesignName>centromedico</ownerDesignName>
<indexState>Unique Plain Index</indexState>
<isSurrogateKey>false</isSurrogateKey>
<relationGeneratorID>A338FD4B-1B53-395B-B071-5F0ED1E90990</relationGeneratorID>
<indexColumnUsage>
<colUsage columnID="03DBA061-AF54-8161-A7B8-1BC27753FEE2"/>
</indexColumnUsage>
</ind_PK_UK>
<ind_PK_UK id="A42A2731-DBBA-7AA3-9EF3-2194325ABEED" name="PAGO_ATENCION_ATENCION_MEDICA_FK">
<createdBy>tazja</createdBy>
<createdTime>2025-09-14 19:06:31 UTC</createdTime>
<generatorID>A338FD4B-1B53-395B-B071-5F0ED1E90990</generatorID>
<ownerDesignName>centromedico</ownerDesignName>
<indexState>Foreign Key</indexState>
<isSurrogateKey>false</isSurrogateKey>
<indexColumnUsage>
<colUsage columnID="03DBA061-AF54-8161-A7B8-1BC27753FEE2"/>
</indexColumnUsage>
</ind_PK_UK>
</indexes>
</Table>