<?xml version = '1.0' encoding = 'UTF-8'?>
<Table class="oracle.dbtools.crest.model.design.relational.Table" directorySegmentName="seg_0" id="BB929975-900E-73E1-A389-B0B96EA3E7C9" name="REGION">
<createdBy>tazja</createdBy>
<createdTime>2025-09-14 19:06:31 UTC</createdTime>
<generatorID>2EBB52E5-4F12-5C7B-6D2D-EDC2F2DCED5A</generatorID>
<ownerDesignName>centromedico</ownerDesignName>
<allowColumnReorder>false</allowColumnReorder>
<existDependencyGenerateInDDl>true</existDependencyGenerateInDDl>
<parsed>true</parsed>
<columns itemClass="oracle.dbtools.crest.model.design.relational.Column">
<Column name="id_region" id="E9C112EE-8040-FE00-07A4-F7C20E01528E">
<createdBy>tazja</createdBy>
<createdTime>2025-09-14 19:06:31 UTC</createdTime>
<generatorID>4EA85BD8-5E4F-BC91-D1D1-EDCB5337175E</generatorID>
<ownerDesignName>centromedico</ownerDesignName>
<useDomainConstraints>false</useDomainConstraints>
<use>1</use>
<logicalDatatype>LOGDT019</logicalDatatype>
<ownDataTypeParameters>,,</ownDataTypeParameters>
<autoIncrementCycle>false</autoIncrementCycle>
</Column>
<Column name="nombre_region" id="F47E2BAB-9A3B-4DFD-110B-ABEFB1FDA6AF">
<createdBy>tazja</createdBy>
<createdTime>2025-09-14 19:06:31 UTC</createdTime>
<generatorID>E52801AC-DC81-F6D9-A8EF-E12D753E654E</generatorID>
<ownerDesignName>centromedico</ownerDesignName>
<useDomainConstraints>false</useDomainConstraints>
<use>1</use>
<logicalDatatype>LOGDT024</logicalDatatype>
<ownDataTypeParameters>,,</ownDataTypeParameters>
<autoIncrementCycle>false</autoIncrementCycle>
</Column>
</columns>
<indexes itemClass="oracle.dbtools.crest.model.design.relational.Index">
<ind_PK_UK id="DA89015E-6D66-EF9E-5D05-EC5DD583FAAA" name="REGION_PK">
<createdBy>tazja</createdBy>
<createdTime>2025-09-14 19:06:31 UTC</createdTime>
<generatorID>308C2507-AAFC-90AE-6BD9-436642B331AA</generatorID>
<ownerDesignName>centromedico</ownerDesignName>
<pk>true</pk>
<indexState>Primary Constraint</indexState>
<isSurrogateKey>false</isSurrogateKey>
<indexColumnUsage>
<colUsage columnID="E9C112EE-8040-FE00-07A4-F7C20E01528E"/>
</indexColumnUsage>
</ind_PK_UK>
<ind_PK_UK id="A747E195-5242-28FC-97A8-B45886AEC113" name="REGION_nombre_region_UN">
<createdBy>tazja</createdBy>
<createdTime>2025-09-14 19:06:31 UTC</createdTime>
<generatorID>F37F2EF1-8866-98A6-F6E7-FBB38DCE7B42</generatorID>
<ownerDesignName>centromedico</ownerDesignName>
<indexState>Unique Constraint</indexState>
<isSurrogateKey>false</isSurrogateKey>
<indexColumnUsage>
<colUsage columnID="F47E2BAB-9A3B-4DFD-110B-ABEFB1FDA6AF"/>
</indexColumnUsage>
</ind_PK_UK>
</indexes>
</Table>