<?xml version = '1.0' encoding = 'UTF-8'?>
<Table class="oracle.dbtools.crest.model.design.relational.Table" directorySegmentName="seg_0" id="BE714146-C6A0-9F2F-956E-6EF99AF5E769" name="ESPECIALIDAD">
<createdBy>tazja</createdBy>
<createdTime>2025-09-14 19:06:31 UTC</createdTime>
<generatorID>5C63799C-8A63-2340-EBFB-B841E8BAE9AD</generatorID>
<ownerDesignName>centromedico</ownerDesignName>
<allowColumnReorder>false</allowColumnReorder>
<existDependencyGenerateInDDl>true</existDependencyGenerateInDDl>
<parsed>true</parsed>
<columns itemClass="oracle.dbtools.crest.model.design.relational.Column">
<Column name="id_esp" id="6984D5EF-C8E4-D054-926B-E34A73E4EFA7">
<createdBy>tazja</createdBy>
<createdTime>2025-09-14 19:06:31 UTC</createdTime>
<generatorID>25149957-809D-6B4C-A7B2-12FBEA0C74ED</generatorID>
<ownerDesignName>centromedico</ownerDesignName>
<useDomainConstraints>false</useDomainConstraints>
<use>1</use>
<logicalDatatype>LOGDT024</logicalDatatype>
<ownDataTypeParameters>,,</ownDataTypeParameters>
<autoIncrementCycle>false</autoIncrementCycle>
</Column>
<Column name="nombre_especialidad" id="F33AB11B-1F4F-B955-8E9E-F8B3BE9AB4D7">
<createdBy>tazja</createdBy>
<createdTime>2025-09-14 19:06:31 UTC</createdTime>
<generatorID>122B4C74-787F-4C28-1507-A9FFC42491FD</generatorID>
<ownerDesignName>centromedico</ownerDesignName>
<useDomainConstraints>false</useDomainConstraints>
<use>1</use>
<logicalDatatype>LOGDT024</logicalDatatype>
<ownDataTypeParameters>,,</ownDataTypeParameters>
<autoIncrementCycle>false</autoIncrementCycle>
</Column>
</columns>
<indexes itemClass="oracle.dbtools.crest.model.design.relational.Index">
<ind_PK_UK id="4DA825C4-2988-7845-D71D-57FB8AF80C02" name="ESPECIALIDAD_PK">
<createdBy>tazja</createdBy>
<createdTime>2025-09-14 19:06:31 UTC</createdTime>
<generatorID>A1625CBD-37B1-ED3E-E6AC-A025812E6ADD</generatorID>
<ownerDesignName>centromedico</ownerDesignName>
<pk>true</pk>
<indexState>Primary Constraint</indexState>
<isSurrogateKey>false</isSurrogateKey>
<indexColumnUsage>
<colUsage columnID="6984D5EF-C8E4-D054-926B-E34A73E4EFA7"/>
</indexColumnUsage>
</ind_PK_UK>
<ind_PK_UK id="EEF91800-FDD1-3A21-ED4C-ECE721A073C5" name="ESPECIALIDAD_nombre_especialidad_UN">
<createdBy>tazja</createdBy>
<createdTime>2025-09-14 19:06:31 UTC</createdTime>
<generatorID>674E0180-B13B-29E1-EBB5-97E89C586F3E</generatorID>
<ownerDesignName>centromedico</ownerDesignName>
<indexState>Unique Constraint</indexState>
<isSurrogateKey>false</isSurrogateKey>
<indexColumnUsage>
<colUsage columnID="F33AB11B-1F4F-B955-8E9E-F8B3BE9AB4D7"/>
</indexColumnUsage>
</ind_PK_UK>
</indexes>
</Table>