<?xml version = '1.0' encoding = 'UTF-8'?>
<Table class="oracle.dbtools.crest.model.design.relational.Table" directorySegmentName="seg_0" id="CD58B33A-A876-E71C-18C5-8B84E2E155DD" name="PACIENTE">
<createdBy>tazja</createdBy>
<createdTime>2025-09-14 19:06:31 UTC</createdTime>
<generatorID>9DF0BDFC-632C-AF91-066E-9001D584423C</generatorID>
<ownerDesignName>centromedico</ownerDesignName>
<allowColumnReorder>false</allowColumnReorder>
<existDependencyGenerateInDDl>true</existDependencyGenerateInDDl>
<parsed>true</parsed>
<columns itemClass="oracle.dbtools.crest.model.design.relational.Column">
<Column name="id_paciente" id="118C53C4-2E92-0F3D-D9C6-F2020681C47E">
<createdBy>tazja</createdBy>
<createdTime>2025-09-14 19:06:31 UTC</createdTime>
<generatorID>A2CD5C65-C54B-D0FD-F14A-B2F24995E445</generatorID>
<ownerDesignName>centromedico</ownerDesignName>
<useDomainConstraints>false</useDomainConstraints>
<use>1</use>
<logicalDatatype>LOGDT019</logicalDatatype>
<ownDataTypeParameters>,,</ownDataTypeParameters>
<autoIncrementCycle>false</autoIncrementCycle>
</Column>
<Column name="rut_paciente" id="CB5DB6F8-AE74-EAD6-06BB-225A210F4117">
<createdBy>tazja</createdBy>
<createdTime>2025-09-14 19:06:31 UTC</createdTime>
<generatorID>70B883B6-AC28-2652-8DCE-37485CD9196E</generatorID>
<ownerDesignName>centromedico</ownerDesignName>
<useDomainConstraints>false</useDomainConstraints>
<use>1</use>
<logicalDatatype>LOGDT024</logicalDatatype>
<ownDataTypeParameters>,,</ownDataTypeParameters>
<autoIncrementCycle>false</autoIncrementCycle>
</Column>
<Column name="digito" id="A553F84F-4AED-459A-6E00-E5D76E9EFE82">
<createdBy>tazja</createdBy>
<createdTime>2025-09-14 19:06:31 UTC</createdTime>
<generatorID>4E508696-030F-36E3-419A-E80F43CE6051</generatorID>
<ownerDesignName>centromedico</ownerDesignName>
<constraintName>CK_PACIENTE_DIGITO</constraintName>
<useDomainConstraints>false</useDomainConstraints>
<use>1</use>
<logicalDatatype>LOGDT024</logicalDatatype>
<listOfValues>
<valueDef value="&quot;1&quot;" description=""/>
<valueDef value="&quot;2&quot;" description=""/>
<valueDef value="&quot;3&quot;" description=""/>
<valueDef value="&quot;4&quot;" description=""/>
<valueDef value="&quot;5&quot;" description=""/>
<valueDef value="&quot;6&quot;" description=""/>
<valueDef value="&quot;7&quot;" description=""/>
<valueDef value="&quot;8&quot;" description=""/>
<valueDef value="&quot;9&quot;" description=""/>
<valueDef value="&quot;K&quot;" description=""/>
</listOfValues>
<ownDataTypeParameters>,,</ownDataTypeParameters>
<autoIncrementCycle>false</autoIncrementCycle>
</Column>
<Column name="nombre_paciente" id="6069D59B-2EF1-23E6-3D45-4718BA5E82C5">
<createdBy>tazja</createdBy>
<createdTime>2025-09-14 19:06:31 UTC</createdTime>
<generatorID>3A20598B-5811-CC47-E3A5-364789C1AD7C</generatorID>
<ownerDesignName>centromedico</ownerDesignName>
<useDomainConstraints>false</useDomainConstraints>
<use>1</use>
<logicalDatatype>LOGDT024</logicalDatatype>
<ownDataTypeParameters>,,</ownDataTypeParameters>
<autoIncrementCycle>false</autoIncrementCycle>
</Column>
<Column name="fecha_nacimiento" id="1FC52E2F-5596-B56D-08A8-4B053C62DF9E">
<createdBy>tazja</createdBy>
<createdTime>2025-09-14 19:06:31 UTC</createdTime>
<generatorID>5E7DB6B3-96F1-8825-B8ED-12F7519CD42B</generatorID>
<ownerDesignName>centromedico</ownerDesignName>
<useDomainConstraints>false</useDomainConstraints>
<use>1</use>
<logicalDatatype>LOGDT007</logicalDatatype>
<ownDataTypeParameters>,,</ownDataTypeParameters>
<autoIncrementCycle>false</autoIncrementCycle>
</Column>
<Column name="direccion" id="9B6CE024-0136-118E-7D1C-F5E3269E936C">
<createdBy>tazja</createdBy>
<createdTime>2025-09-14 19:06:31 UTC</createdTime>
<generatorID>9D406DF3-31D1-89C3-9604-C367BBEBB175</generatorID>
<ownerDesignName>centromedico</ownerDesignName>
<useDomainConstraints>false</useDomainConstraints>
<use>1</use>
<logicalDatatype>LOGDT024</logicalDatatype>
<ownDataTypeParameters>,,</ownDataTypeParameters>
<autoIncrementCycle>false</autoIncrementCycle>
</Column>
<Column name="COMUNA_id_comuna" id="71C3E9FA-5FD0-C24E-0AAE-F73F26A28C0D">
<createdBy>tazja</createdBy>
<createdTime>2025-09-14 19:06:31 UTC</createdTime>
<generatorID>7459DAFD-2F77-64C2-94BA-D6DE5A0A510C</generatorID>
<ownerDesignName>centromedico</ownerDesignName>
<useDomainConstraints>false</useDomainConstraints>
<use>1</use>
<logicalDatatype>LOGDT019</logicalDatatype>
<ownDataTypeParameters>,,</ownDataTypeParameters>
<previousColumn>false</previousColumn>
<autoIncrementCycle>false</autoIncrementCycle>
<associations>
<colAssociation fkAssociation="F8C65B7A-631D-1BAA-393A-3FFC6B43F9A1" referredColumn="073E2EF5-153C-E740-8286-D94C198FB90E"/>
</associations>
</Column>
<Column name="historial" id="DBE66174-8380-0E64-0B0C-C761BD55D02F">
<createdBy>tazja</createdBy>
<createdTime>2025-09-14 19:06:31 UTC</createdTime>
<generatorID>0F1B77BF-DDC7-0FCF-8365-3969DA4003AD</generatorID>
<ownerDesignName>centromedico</ownerDesignName>
<nullsAllowed>true</nullsAllowed>
<useDomainConstraints>false</useDomainConstraints>
<use>1</use>
<logicalDatatype>LOGDT024</logicalDatatype>
<ownDataTypeParameters>,,</ownDataTypeParameters>
<autoIncrementCycle>false</autoIncrementCycle>
</Column>
<Column name="SEXO_id_sexo" id="0CEA80EF-A7C1-104C-950A-76F85C3E427B">
<createdBy>tazja</createdBy>
<createdTime>2025-09-14 19:06:31 UTC</createdTime>
<generatorID>1BB0E6CF-D1A6-C587-2D56-9E3B916295DD</generatorID>
<ownerDesignName>centromedico</ownerDesignName>
<useDomainConstraints>false</useDomainConstraints>
<use>1</use>
<logicalDatatype>LOGDT019</logicalDatatype>
<ownDataTypeParameters>,,</ownDataTypeParameters>
<previousColumn>false</previousColumn>
<autoIncrementCycle>false</autoIncrementCycle>
<associations>
<colAssociation fkAssociation="085B0A3A-0941-7807-5449-C6A1A0370631" referredColumn="8D0F53FA-191B-0F43-F9F9-08128CC08A56"/>
</associations>
</Column>
<Column name="tipo_paciente" id="08D6661C-2937-CA81-ED61-C75BA1D53590">
<createdBy>tazja</createdBy>
<createdTime>2025-09-14 19:21:49 UTC</createdTime>
<ownerDesignName>centromedico</ownerDesignName>
<useDomainConstraints>false</useDomainConstraints>
<use>1</use>
<logicalDatatype>LOGDT024</logicalDatatype>
<ownDataTypeParameters>,,</ownDataTypeParameters>
<autoIncrementCycle>false</autoIncrementCycle>
</Column>
<Column name="id_estudiante" id="315DF18F-9876-12BB-D7C3-12F9D5F3E009">
<createdBy>tazja</createdBy>
<createdTime>2025-09-14 19:21:49 UTC</createdTime>
<ownerDesignName>centromedico</ownerDesignName>
<nullsAllowed>true</nullsAllowed>
<useDomainConstraints>false</useDomainConstraints>
<use>1</use>
<logicalDatatype>LOGDT019</logicalDatatype>
<ownDataTypeParameters>,,</ownDataTypeParameters>
<autoIncrementCycle>false</autoIncrementCycle>
</Column>
<Column name="id_personal_acad" id="A9750891-2E7A-3F74-0DEE-020178337386">
<createdBy>tazja</createdBy>
<createdTime>2025-09-14 19:21:49 UTC</createdTime>
<ownerDesignName>centromedico</ownerDesignName>
<nullsAllowed>true</nullsAllowed>
<useDomainConstraints>false</useDomainConstraints>
<use>1</use>
<logicalDatatype>LOGDT019</logicalDatatype>
<ownDataTypeParameters>,,</ownDataTypeParameters>
<autoIncrementCycle>false</autoIncrementCycle>
</Column>
<Column name="id_administrativo" id="10526252-4856-E98E-3742-813CCA1D43D3">
<createdBy>tazja</createdBy>
<createdTime>2025-09-14 19:21:49 UTC</createdTime>
<ownerDesignName>centromedico</ownerDesignName>
<nullsAllowed>true</nullsAllowed>
<useDomainConstraints>false</useDomainConstraints>
<use>1</use>
<logicalDatatype>LOGDT019</logicalDatatype>
<ownDataTypeParameters>,,</ownDataTypeParameters>
<autoIncrementCycle>false</autoIncrementCycle>
</Column>
</columns>
<indexes itemClass="oracle.dbtools.crest.model.design.relational.Index">
<ind_PK_UK id="CA88F564-0BF6-CFF3-C51F-28BA0F73F027" name="PACIENTE_PK">
<createdBy>tazja</createdBy>
<createdTime>2025-09-14 19:06:31 UTC</createdTime>
<generatorID>0A0E9E61-67F1-0410-F5FA-D3B1346E90CB</generatorID>
<ownerDesignName>centromedico</ownerDesignName>
<pk>true</pk>
<indexState>Primary Constraint</indexState>
<isSurrogateKey>false</isSurrogateKey>
<indexColumnUsage>
<colUsage columnID="118C53C4-2E92-0F3D-D9C6-F2020681C47E"/>
</indexColumnUsage>
</ind_PK_UK>
<ind_PK_UK id="62AD0C1F-C33B-813D-F830-95DE15203C20" name="PACIENTE_COMUNA_FK">
<createdBy>tazja</createdBy>
<createdTime>2025-09-14 19:06:31 UTC</createdTime>
<generatorID>5F1E8046-0604-12BF-3CEE-2BE2205F0077</generatorID>
<ownerDesignName>centromedico</ownerDesignName>
<indexState>Foreign Key</indexState>
<isSurrogateKey>false</isSurrogateKey>
<indexColumnUsage>
<colUsage columnID="71C3E9FA-5FD0-C24E-0AAE-F73F26A28C0D"/>
</indexColumnUsage>
</ind_PK_UK>
<ind_PK_UK id="0BC1F4A4-9D5A-55B7-47DA-722C5981AF8E" name="PACIENTE_SEXO_FK">
<createdBy>tazja</createdBy>
<createdTime>2025-09-14 19:06:31 UTC</createdTime>
<generatorID>E264762F-DDAF-1A66-8C47-926036C109D0</generatorID>
<ownerDesignName>centromedico</ownerDesignName>
<indexState>Foreign Key</indexState>
<isSurrogateKey>false</isSurrogateKey>
<indexColumnUsage>
<colUsage columnID="0CEA80EF-A7C1-104C-950A-76F85C3E427B"/>
</indexColumnUsage>
</ind_PK_UK>
</indexes>
</Table>