<?xml version = '1.0' encoding = 'UTF-8'?>
<Table class="oracle.dbtools.crest.model.design.relational.Table" directorySegmentName="seg_0" id="EBEFB77A-5F1E-E997-963B-E096C2E949C2" name="ATENCION_MEDICA">
<createdBy>tazja</createdBy>
<createdTime>2025-09-14 19:06:31 UTC</createdTime>
<generatorID>178D9C5B-5277-E25A-3551-B61225A1A7AB</generatorID>
<ownerDesignName>centromedico</ownerDesignName>
<allowColumnReorder>false</allowColumnReorder>
<existDependencyGenerateInDDl>true</existDependencyGenerateInDDl>
<parsed>true</parsed>
<columns itemClass="oracle.dbtools.crest.model.design.relational.Column">
<Column name="id_atencion" id="530F28DE-5FA3-4E32-5074-38EE380B218C">
<createdBy>tazja</createdBy>
<createdTime>2025-09-14 19:06:31 UTC</createdTime>
<generatorID>E76EF4E6-42C1-6845-76CC-73C0E3C5947E</generatorID>
<ownerDesignName>centromedico</ownerDesignName>
<useDomainConstraints>false</useDomainConstraints>
<use>1</use>
<logicalDatatype>LOGDT019</logicalDatatype>
<ownDataTypeParameters>,,</ownDataTypeParameters>
<autoIncrementCycle>false</autoIncrementCycle>
</Column>
<Column name="fecha_atencion" id="6DC1CAD1-5935-AFAF-E75B-81DE057259DB">
<createdBy>tazja</createdBy>
<createdTime>2025-09-14 19:06:31 UTC</createdTime>
<generatorID>16E0ACBC-B72F-14F9-BA0A-A8374C328177</generatorID>
<ownerDesignName>centromedico</ownerDesignName>
<useDomainConstraints>false</useDomainConstraints>
<use>1</use>
<logicalDatatype>LOGDT008</logicalDatatype>
<ownDataTypeParameters>,,</ownDataTypeParameters>
<autoIncrementCycle>false</autoIncrementCycle>
</Column>
<Column name="PACIENTE_id_paciente" id="37A192B4-8826-594C-70EF-9042A9F08C48">
<createdBy>tazja</createdBy>
<createdTime>2025-09-14 19:06:31 UTC</createdTime>
<generatorID>C5AC63CF-8A8B-EC5D-4EE5-05A60E5C4B31</generatorID>
<ownerDesignName>centromedico</ownerDesignName>
<useDomainConstraints>false</useDomainConstraints>
<use>1</use>
<logicalDatatype>LOGDT019</logicalDatatype>
<ownDataTypeParameters>,,</ownDataTypeParameters>
<previousColumn>false</previousColumn>
<autoIncrementCycle>false</autoIncrementCycle>
<associations>
<colAssociation fkAssociation="B4224A71-FFC6-3E77-6EF5-04327768B3AA" referredColumn="118C53C4-2E92-0F3D-D9C6-F2020681C47E"/>
</associations>
</Column>
<Column name="CONSULTA_id_tipo" id="82D973D9-225B-5D6F-F4A4-118DB2CBF74E">
<createdBy>tazja</createdBy>
<createdTime>2025-09-14 19:06:31 UTC</createdTime>
<generatorID>9EF63AEC-3A7A-759C-276C-E00C7BB43A84</generatorID>
<ownerDesignName>centromedico</ownerDesignName>
<useDomainConstraints>false</useDomainConstraints>
<use>1</use>
<logicalDatatype>LOGDT019</logicalDatatype>
<ownDataTypeParameters>,,</ownDataTypeParameters>
<previousColumn>false</previousColumn>
<autoIncrementCycle>false</autoIncrementCycle>
<associations>
<colAssociation fkAssociation="3A33919A-81F4-8C7B-61A9-7816BF6D79C7" referredColumn="08333519-C082-44EF-F123-4A07C686276A"/>
</associations>
</Column>
<Column name="diagnostico" id="FBF9078E-95A9-1F47-6836-F5CB719A9892">
<createdBy>tazja</createdBy>
<createdTime>2025-09-14 19:06:31 UTC</createdTime>
<generatorID>197A3389-AE00-E86F-4784-86BA8A9102F4</generatorID>
<ownerDesignName>centromedico</ownerDesignName>
<useDomainConstraints>false</useDomainConstraints>
<use>1</use>
<logicalDatatype>LOGDT024</logicalDatatype>
<ownDataTypeParameters>,,</ownDataTypeParameters>
<autoIncrementCycle>false</autoIncrementCycle>
</Column>
<Column name="examenes_solicitados" id="7B59B863-08CF-F874-2883-0025C7B3CEE4">
<createdBy>tazja</createdBy>
<createdTime>2025-09-14 19:06:31 UTC</createdTime>
<generatorID>B3337F41-9251-4FE4-5DE8-6641EFF8FFCE</generatorID>
<ownerDesignName>centromedico</ownerDesignName>
<nullsAllowed>true</nullsAllowed>
<useDomainConstraints>false</useDomainConstraints>
<use>1</use>
<logicalDatatype>LOGDT024</logicalDatatype>
<ownDataTypeParameters>,,</ownDataTypeParameters>
<autoIncrementCycle>false</autoIncrementCycle>
</Column>
<Column name="MEDICO_id_medico" id="3314071C-BF3E-CAD4-76EA-2B4793CB47E1">
<createdBy>tazja</createdBy>
<createdTime>2025-09-14 19:06:31 UTC</createdTime>
<generatorID>1B674154-E43A-92FF-3BE7-E6BAE703124C</generatorID>
<ownerDesignName>centromedico</ownerDesignName>
<useDomainConstraints>false</useDomainConstraints>
<use>1</use>
<logicalDatatype>LOGDT019</logicalDatatype>
<ownDataTypeParameters>,,</ownDataTypeParameters>
<previousColumn>false</previousColumn>
<autoIncrementCycle>false</autoIncrementCycle>
<associations>
<colAssociation fkAssociation="36C8ED2C-8121-B26C-21E1-9ED654D6AD31" referredColumn="24D86DB7-6A5D-00AA-AE7A-6DB8D8442CEC"/>
</associations>
</Column>
<Column name="tipo_atencion_medica" id="5B25128A-A210-9285-08D4-379F4F6049A3">
<createdBy>tazja</createdBy>
<createdTime>2025-09-14 19:23:20 UTC</createdTime>
<ownerDesignName>centromedico</ownerDesignName>
<useDomainConstraints>false</useDomainConstraints>
<use>1</use>
<logicalDatatype>LOGDT024</logicalDatatype>
<ownDataTypeParameters>,,</ownDataTypeParameters>
<autoIncrementCycle>false</autoIncrementCycle>
</Column>
<Column name="id_general" id="474B6800-1A01-4D82-92D6-700BE47D28CE">
<createdBy>tazja</createdBy>
<createdTime>2025-09-14 19:23:20 UTC</createdTime>
<ownerDesignName>centromedico</ownerDesignName>
<nullsAllowed>true</nullsAllowed>
<useDomainConstraints>false</useDomainConstraints>
<use>1</use>
<logicalDatatype>LOGDT019</logicalDatatype>
<ownDataTypeParameters>,,</ownDataTypeParameters>
<autoIncrementCycle>false</autoIncrementCycle>
</Column>
<Column name="id_urgencia" id="2DB4710E-B717-737B-456B-A38B0AD5AEDC">
<createdBy>tazja</createdBy>
<createdTime>2025-09-14 19:23:20 UTC</createdTime>
<ownerDesignName>centromedico</ownerDesignName>
<nullsAllowed>true</nullsAllowed>
<useDomainConstraints>false</useDomainConstraints>
<use>1</use>
<logicalDatatype>LOGDT019</logicalDatatype>
<ownDataTypeParameters>,,</ownDataTypeParameters>
<autoIncrementCycle>false</autoIncrementCycle>
</Column>
<Column name="id_preventiva" id="401DBA21-342B-E728-3DE3-A91E0897375E">
<createdBy>tazja</createdBy>
<createdTime>2025-09-14 19:23:20 UTC</createdTime>
<ownerDesignName>centromedico</ownerDesignName>
<nullsAllowed>true</nullsAllowed>
<useDomainConstraints>false</useDomainConstraints>
<use>1</use>
<logicalDatatype>LOGDT019</logicalDatatype>
<ownDataTypeParameters>,,</ownDataTypeParameters>
<autoIncrementCycle>false</autoIncrementCycle>
</Column>
</columns>
<indexes itemClass="oracle.dbtools.crest.model.design.relational.Index">
<ind_PK_UK id="69C3C8B5-D453-3D55-58BF-C31ADF07F498" name="ATENCION_MEDICA_PK">
<createdBy>tazja</createdBy>
<createdTime>2025-09-14 19:06:31 UTC</createdTime>
<generatorID>CE88D880-490A-0971-4D5C-019C31C1D075</generatorID>
<ownerDesignName>centromedico</ownerDesignName>
<pk>true</pk>
<indexState>Primary Constraint</indexState>
<isSurrogateKey>false</isSurrogateKey>
<indexColumnUsage>
<colUsage columnID="530F28DE-5FA3-4E32-5074-38EE380B218C"/>
</indexColumnUsage>
</ind_PK_UK>
<ind_PK_UK id="7C929CC8-DAA2-F488-3C8E-69968948C36F" name="ATENCION_MEDICA_CONSULTA_FK">
<createdBy>tazja</createdBy>
<createdTime>2025-09-14 19:06:31 UTC</createdTime>
<generatorID>FD2A705F-11A8-282D-3E69-89FD6CAC49D3</generatorID>
<ownerDesignName>centromedico</ownerDesignName>
<indexState>Foreign Key</indexState>
<isSurrogateKey>false</isSurrogateKey>
<indexColumnUsage>
<colUsage columnID="82D973D9-225B-5D6F-F4A4-118DB2CBF74E"/>
</indexColumnUsage>
</ind_PK_UK>
<ind_PK_UK id="3B94B889-DDE7-3280-C84E-2365522521A5" name="ATENCION_MEDICA_MEDICO_FK">
<createdBy>tazja</createdBy>
<createdTime>2025-09-14 19:06:31 UTC</createdTime>
<generatorID>0DF9163E-C801-2BEB-B63C-1F962EF46D57</generatorID>
<ownerDesignName>centromedico</ownerDesignName>
<indexState>Foreign Key</indexState>
<isSurrogateKey>false</isSurrogateKey>
<indexColumnUsage>
<colUsage columnID="3314071C-BF3E-CAD4-76EA-2B4793CB47E1"/>
</indexColumnUsage>
</ind_PK_UK>
<ind_PK_UK id="8C43501C-E9E5-AB40-D1B4-196425791A5F" name="ATENCION_MEDICA_PACIENTE_FK">
<createdBy>tazja</createdBy>
<createdTime>2025-09-14 19:06:31 UTC</createdTime>
<generatorID>E0629386-F688-456B-1003-965FF01CE9FE</generatorID>
<ownerDesignName>centromedico</ownerDesignName>
<indexState>Foreign Key</indexState>
<isSurrogateKey>false</isSurrogateKey>
<indexColumnUsage>
<colUsage columnID="37A192B4-8826-594C-70EF-9042A9F08C48"/>
</indexColumnUsage>
</ind_PK_UK>
</indexes>
</Table>