<?xml version = '1.0' encoding = 'UTF-8'?>
<Table class="oracle.dbtools.crest.model.design.relational.Table" directorySegmentName="seg_0" id="FCB1C51C-F05B-03BA-D742-C1F8D1A6C65C" name="SEXO">
<createdBy>tazja</createdBy>
<createdTime>2025-09-14 19:06:31 UTC</createdTime>
<generatorID>9D7D663A-65B3-8BD8-BA82-9D2B1EA93D2B</generatorID>
<ownerDesignName>centromedico</ownerDesignName>
<allowColumnReorder>false</allowColumnReorder>
<existDependencyGenerateInDDl>true</existDependencyGenerateInDDl>
<parsed>true</parsed>
<columns itemClass="oracle.dbtools.crest.model.design.relational.Column">
<Column name="id_sexo" id="8D0F53FA-191B-0F43-F9F9-08128CC08A56">
<createdBy>tazja</createdBy>
<createdTime>2025-09-14 19:06:31 UTC</createdTime>
<generatorID>6D1C78E2-DEB1-56A4-1E13-296E1553A151</generatorID>
<ownerDesignName>centromedico</ownerDesignName>
<useDomainConstraints>false</useDomainConstraints>
<use>1</use>
<logicalDatatype>LOGDT019</logicalDatatype>
<ownDataTypeParameters>,,</ownDataTypeParameters>
<autoIncrementCycle>false</autoIncrementCycle>
</Column>
<Column name="nombre_sexo" id="B4DD8ED3-5861-2FE8-5C6D-413EC674E5AF">
<createdBy>tazja</createdBy>
<createdTime>2025-09-14 19:06:31 UTC</createdTime>
<generatorID>30EE30EC-1B54-9A7E-76D2-0AEF8580CF22</generatorID>
<ownerDesignName>centromedico</ownerDesignName>
<useDomainConstraints>false</useDomainConstraints>
<use>1</use>
<logicalDatatype>LOGDT024</logicalDatatype>
<ownDataTypeParameters>,,</ownDataTypeParameters>
<autoIncrementCycle>false</autoIncrementCycle>
</Column>
</columns>
<indexes itemClass="oracle.dbtools.crest.model.design.relational.Index">
<ind_PK_UK id="69FFE92F-1DC1-D233-37B5-14E375D7457E" name="SEXO_PK">
<createdBy>tazja</createdBy>
<createdTime>2025-09-14 19:06:31 UTC</createdTime>
<generatorID>FDA64398-BA29-9EB0-0C1C-282E508C2FF9</generatorID>
<ownerDesignName>centromedico</ownerDesignName>
<pk>true</pk>
<indexState>Primary Constraint</indexState>
<isSurrogateKey>false</isSurrogateKey>
<indexColumnUsage>
<colUsage columnID="8D0F53FA-191B-0F43-F9F9-08128CC08A56"/>
</indexColumnUsage>
</ind_PK_UK>
<ind_PK_UK id="3B78AB6A-29DC-35A9-A58F-1C9012ABC1AD" name="SEXO_nombre_sexo_UN">
<createdBy>tazja</createdBy>
<createdTime>2025-09-14 19:06:31 UTC</createdTime>
<generatorID>EB5FAFC6-5F54-0C84-679B-FC16BE8E1FC3</generatorID>
<ownerDesignName>centromedico</ownerDesignName>
<indexState>Unique Constraint</indexState>
<isSurrogateKey>false</isSurrogateKey>
<indexColumnUsage>
<colUsage columnID="B4DD8ED3-5861-2FE8-5C6D-413EC674E5AF"/>
</indexColumnUsage>
</ind_PK_UK>
</indexes>
</Table>