<?xml version = '1.0' encoding = 'UTF-8'?>
<Diagram class="oracle.dbtools.crest.swingui.logical.DPVLogical" name="Logical" id="3D106D7A-BD9F-5F7C-1799-57FBAA35C86A">
<createdBy>tazja</createdBy>
<modifiedBy>tazja</modifiedBy>
<createdTime>2025-09-07 18:06:04 UTC</createdTime>
<autoRoute>false</autoRoute>
<boxInbox>false</boxInbox>
<showLegend>false</showLegend>
<showLabels>false</showLabels>
<showRelAttributes>false</showRelAttributes>
<gridEnabled>false</gridEnabled>
<showGrid>false</showGrid>
<diagramColor>-1</diagramColor>
<display>false</display>
<notation>1</notation>
<objectViews>
<OView class="oracle.dbtools.crest.swingui.logical.TVEntity" oid="0188C5CB-E44D-80C8-41A5-CB283044D8A9" otype="Entity" vid="683CEB11-AE78-1190-F80C-24771FDE4E16">
<hideElementsInCurrentOnly>false</hideElementsInCurrentOnly>
<bounds x="1273" y="239" width="221" height="125"/>
</OView>
<OView class="oracle.dbtools.crest.swingui.logical.TVEntity" oid="24557195-1F0D-36BE-F50A-CB0C8A37AB71" otype="Entity" vid="432E54CC-4AA6-3C3C-2A75-2076D641AC32">
<hideElementsInCurrentOnly>false</hideElementsInCurrentOnly>
<bounds x="952" y="362" width="196" height="115"/>
</OView>
<OView class="oracle.dbtools.crest.swingui.logical.TVEntity" oid="36BF8BB6-D511-7F2C-4737-93D439250E48" otype="Entity" vid="77FC4AFC-F820-7968-9FA9-14CF46C15596">
<hideElementsInCurrentOnly>false</hideElementsInCurrentOnly>
<bounds x="239" y="184" width="207" height="94"/>
</OView>
<OView class="oracle.dbtools.crest.swingui.logical.TVEntity" oid="45E67059-DCD5-1D76-B139-40C0169CFEE6" otype="Entity" vid="19A4E0B7-D15E-F666-9C3E-8A04237730FC">
<hideElementsInCurrentOnly>false</hideElementsInCurrentOnly>
<bounds x="559" y="21" width="247" height="229"/>
</OView>
<OView class="oracle.dbtools.crest.swingui.logical.TVEntity" oid="52C3BD55-54A5-6F4C-8CC0-4CC5A45468F7" otype="Entity" vid="47E0332A-6AC4-62F2-11F1-86F6E613C692">
<hideElementsInCurrentOnly>false</hideElementsInCurrentOnly>
<bounds x="1284" y="108" width="222" height="88"/>
</OView>
<OView class="oracle.dbtools.crest.swingui.logical.TVEntity" oid="7AF5A4F6-E6E8-E203-13B4-9E9575A3E8BB" otype="Entity" vid="8212E776-FCA7-A5C0-02A1-A650FD49B44F">
<hideElementsInCurrentOnly>false</hideElementsInCurrentOnly>
<bounds x="802" y="481" width="118" height="55"/>
</OView>
<OView class="oracle.dbtools.crest.swingui.logical.TVEntity" oid="8125129A-7EAF-5630-15D8-FAA0AE70E62E" otype="Entity" vid="88D5015E-0D70-CFDE-0830-04F5C941F094">
<hideElementsInCurrentOnly>false</hideElementsInCurrentOnly>
<bounds x="886" y="59" width="327" height="145"/>
</OView>
<OView class="oracle.dbtools.crest.swingui.logical.TVEntity" oid="842CDA3D-97A9-2B5C-79EE-7C6234CAEB0B" otype="Entity" vid="70E4DC6E-1460-0126-EE7E-49F3BA2EE949">
<hideElementsInCurrentOnly>false</hideElementsInCurrentOnly>
<bounds x="245" y="103" width="212" height="74"/>
</OView>
<OView class="oracle.dbtools.crest.swingui.logical.TVEntity" oid="A0FF6794-B39E-2CBC-56A7-DDBACA69E8A7" otype="Entity" vid="60DFB27F-31AE-D190-8A5E-ADFAA4922D43">
<hideElementsInCurrentOnly>false</hideElementsInCurrentOnly>
<bounds x="349" y="390" width="238" height="135"/>
</OView>
<OView class="oracle.dbtools.crest.swingui.logical.TVEntity" oid="A736A9F9-B4CD-6A64-D101-FED04278AAA7" otype="Entity" vid="9B7BFDA7-5ECE-C6B1-E888-AD08ACDD2417">
<hideElementsInCurrentOnly>false</hideElementsInCurrentOnly>
<bounds x="609" y="399" width="234" height="66"/>
</OView>
<OView class="oracle.dbtools.crest.swingui.logical.TVEntity" oid="AA01EAF4-8948-EE0F-D456-9C6814F96068" otype="Entity" vid="EB438671-CB28-51AC-2F2A-47172D26F915">
<hideElementsInCurrentOnly>false</hideElementsInCurrentOnly>
<bounds x="103" y="407" width="235" height="91"/>
</OView>
<OView class="oracle.dbtools.crest.swingui.logical.TVEntity" oid="C8C17C4F-BCBE-E52F-6573-695DB8D135CF" otype="Entity" vid="653CF632-2A5C-A1EF-FD74-90CFD14241EA">
<hideElementsInCurrentOnly>false</hideElementsInCurrentOnly>
<bounds x="245" y="22" width="203" height="78"/>
</OView>
<OView class="oracle.dbtools.crest.swingui.logical.TVEntity" oid="F865C468-63C7-441F-EFD4-7461E285AE48" otype="Entity" vid="45E67FA8-A64B-7588-3F02-E175E84646CD">
<hideElementsInCurrentOnly>false</hideElementsInCurrentOnly>
<bounds x="243" y="288" width="277" height="84"/>
</OView>
</objectViews>
<connectors>
<Connector class="oracle.dbtools.crest.swingui.logical.TVRelation" oid="3204E2A5-7017-D1E9-7CA3-DF60F82E533A" otype="Relation" vid_source="60DFB27F-31AE-D190-8A5E-ADFAA4922D43" vid_target="19A4E0B7-D15E-F666-9C3E-8A04237730FC">
<hideElementsInCurrentOnly>false</hideElementsInCurrentOnly>
<backgroundColor>-16777216</backgroundColor>
<lineWidth>1</lineWidth>
<points>
<point x="573" y="390"/>
<point x="573" y="250"/>
</points>
</Connector>
<Connector class="oracle.dbtools.crest.swingui.logical.TVRelation" oid="547410A4-4B2B-9D4D-88E7-09F209F07868" otype="Relation" vid_source="432E54CC-4AA6-3C3C-2A75-2076D641AC32" vid_target="19A4E0B7-D15E-F666-9C3E-8A04237730FC">
<hideElementsInCurrentOnly>false</hideElementsInCurrentOnly>
<backgroundColor>-16777216</backgroundColor>
<lineWidth>1</lineWidth>
<points>
<point x="975" y="362"/>
<point x="806" y="230"/>
</points>
</Connector>
<Connector class="oracle.dbtools.crest.swingui.logical.TVInheritanceRelation" oid="69CF5179-E1FD-2EBC-7BFD-1C8D01D20562" otype="Hierarchy relation" vid_source="19A4E0B7-D15E-F666-9C3E-8A04237730FC" vid_target="9B7BFDA7-5ECE-C6B1-E888-AD08ACDD2417">
<hideElementsInCurrentOnly>false</hideElementsInCurrentOnly>
<backgroundColor>-65536</backgroundColor>
<lineWidth>1</lineWidth>
<points>
<point x="767" y="250"/>
<point x="767" y="399"/>
</points>
</Connector>
<Connector class="oracle.dbtools.crest.swingui.logical.TVRelation" oid="74909350-34ED-E872-8E36-C1757EF4702E" otype="Relation" vid_source="45E67FA8-A64B-7588-3F02-E175E84646CD" vid_target="19A4E0B7-D15E-F666-9C3E-8A04237730FC">
<hideElementsInCurrentOnly>false</hideElementsInCurrentOnly>
<backgroundColor>-16777216</backgroundColor>
<lineWidth>1</lineWidth>
<points>
<point x="446" y="288"/>
<point x="559" y="200"/>
</points>
</Connector>
<Connector class="oracle.dbtools.crest.swingui.logical.TVRelation" oid="7B1CE5B3-FFBB-5549-FFFB-642CA582C054" otype="Relation" vid_source="653CF632-2A5C-A1EF-FD74-90CFD14241EA" vid_target="19A4E0B7-D15E-F666-9C3E-8A04237730FC">
<hideElementsInCurrentOnly>false</hideElementsInCurrentOnly>
<backgroundColor>-16777216</backgroundColor>
<lineWidth>1</lineWidth>
<points>
<point x="448" y="61"/>
<point x="559" y="61"/>
</points>
</Connector>
<Connector class="oracle.dbtools.crest.swingui.logical.TVInheritanceRelation" oid="7E173082-0490-4106-AF1A-DCFD8D91C083" otype="Hierarchy relation" vid_source="88D5015E-0D70-CFDE-0830-04F5C941F094" vid_target="683CEB11-AE78-1190-F80C-24771FDE4E16">
<hideElementsInCurrentOnly>false</hideElementsInCurrentOnly>
<backgroundColor>-65536</backgroundColor>
<lineWidth>1</lineWidth>
<points>
<point x="1213" y="184"/>
<point x="1275" y="239"/>
</points>
</Connector>
<Connector class="oracle.dbtools.crest.swingui.logical.TVInheritanceRelation" oid="7ED8A7BD-5FEE-A40A-6AD0-3AA03BEE4FAD" otype="Hierarchy relation" vid_source="88D5015E-0D70-CFDE-0830-04F5C941F094" vid_target="47E0332A-6AC4-62F2-11F1-86F6E613C692">
<hideElementsInCurrentOnly>false</hideElementsInCurrentOnly>
<backgroundColor>-65536</backgroundColor>
<lineWidth>1</lineWidth>
<points>
<point x="1213" y="122"/>
<point x="1252" y="122"/>
<point x="1284" y="122"/>
</points>
</Connector>
<Connector class="oracle.dbtools.crest.swingui.logical.TVRelation" oid="8AC1CC35-1C21-04AA-3C3E-616AC6638B3F" otype="Relation" vid_source="77FC4AFC-F820-7968-9FA9-14CF46C15596" vid_target="19A4E0B7-D15E-F666-9C3E-8A04237730FC">
<hideElementsInCurrentOnly>false</hideElementsInCurrentOnly>
<backgroundColor>-16777216</backgroundColor>
<lineWidth>1</lineWidth>
<points>
<point x="446" y="232"/>
<point x="559" y="232"/>
</points>
</Connector>
<Connector class="oracle.dbtools.crest.swingui.logical.TVRelation" oid="AFB5B353-5561-4306-E15E-C198449AD832" otype="Relation" vid_source="88D5015E-0D70-CFDE-0830-04F5C941F094" vid_target="19A4E0B7-D15E-F666-9C3E-8A04237730FC">
<hideElementsInCurrentOnly>false</hideElementsInCurrentOnly>
<backgroundColor>-16777216</backgroundColor>
<lineWidth>1</lineWidth>
<points>
<point x="886" y="131"/>
<point x="806" y="131"/>
</points>
</Connector>
<Connector class="oracle.dbtools.crest.swingui.logical.TVRelation" oid="C11237AA-B214-8591-9077-E93D955E4830" otype="Relation" vid_source="432E54CC-4AA6-3C3C-2A75-2076D641AC32" vid_target="88D5015E-0D70-CFDE-0830-04F5C941F094">
<hideElementsInCurrentOnly>false</hideElementsInCurrentOnly>
<backgroundColor>-16777216</backgroundColor>
<lineWidth>1</lineWidth>
<points>
<point x="1050" y="362"/>
<point x="1050" y="204"/>
</points>
</Connector>
<Connector class="oracle.dbtools.crest.swingui.logical.TVInheritanceRelation" oid="CE6E83F5-E8D5-0ACC-B36F-38740739E2FA" otype="Hierarchy relation" vid_source="19A4E0B7-D15E-F666-9C3E-8A04237730FC" vid_target="8212E776-FCA7-A5C0-02A1-A650FD49B44F">
<hideElementsInCurrentOnly>false</hideElementsInCurrentOnly>
<backgroundColor>-65536</backgroundColor>
<lineWidth>1</lineWidth>
<points>
<point x="804" y="250"/>
<point x="804" y="481"/>
</points>
</Connector>
<Connector class="oracle.dbtools.crest.swingui.logical.TVRelation" oid="D581A7D1-52D4-A2FA-4BFC-16E4EC311330" otype="Relation" vid_source="70E4DC6E-1460-0126-EE7E-49F3BA2EE949" vid_target="19A4E0B7-D15E-F666-9C3E-8A04237730FC">
<hideElementsInCurrentOnly>false</hideElementsInCurrentOnly>
<backgroundColor>-16777216</backgroundColor>
<lineWidth>1</lineWidth>
<points>
<point x="457" y="170"/>
<point x="559" y="170"/>
</points>
</Connector>
<Connector class="oracle.dbtools.crest.swingui.logical.TVRelation" oid="F6454CD5-9814-7570-32B9-969AC6408711" otype="Relation" vid_source="19A4E0B7-D15E-F666-9C3E-8A04237730FC" vid_target="EB438671-CB28-51AC-2F2A-47172D26F915">
<hideElementsInCurrentOnly>false</hideElementsInCurrentOnly>
<backgroundColor>-16777216</backgroundColor>
<lineWidth>1</lineWidth>
<points>
<point x="559" y="220"/>
<point x="286" y="407"/>
</points>
</Connector>
</connectors>
<arcs>
<Arc class="oracle.dbtools.crest.swingui.logical.TVArc" oid="619EAE4E-81B9-C906-0D87-8D9E4C4D3992" otype="Arc" vid="9F1621A0-66A4-1EE5-A797-8F005EFE0300">
<hideElementsInCurrentOnly>false</hideElementsInCurrentOnly>
<bounds x="866" y="39" width="367" height="185"/>
</Arc>
<Arc class="oracle.dbtools.crest.swingui.logical.TVArc" oid="E25824FD-E67C-315C-A9E8-9445F5B525BF" otype="Arc" vid="750B8379-47A9-1B8B-3952-BC14739B0A6F">
<hideElementsInCurrentOnly>false</hideElementsInCurrentOnly>
<bounds x="539" y="1" width="287" height="269"/>
</Arc>
</arcs>
</Diagram>