<?xml version = '1.0' encoding = 'UTF-8'?>
<Relation class="oracle.dbtools.crest.model.design.logical.Relation" name="Relation_20" directorySegmentName="seg_0" id="02DC0F52-849B-4744-201F-450644C9BB57">
<createdBy>tazja</createdBy>
<createdTime>2025-10-12 16:09:34 UTC</createdTime>
<ownerDesignName>eft_s9</ownerDesignName>
<engineerTo>
<item key="E4793CD7-1D8E-DA98-60F7-FC63C88A3318" value="true"/>
<item key="E5CD29F0-47BC-C752-8A26-DF427AA98FD8" value="true"/>
</engineerTo>
<sourcePk>26688C88-D19C-B28B-3B2B-1CE685201780</sourcePk>
<identifying>false</identifying>
<optionalSource>false</optionalSource>
<optionalTarget>false</optionalTarget>
<sourceCardinality>1</sourceCardinality>
<sourceEntity>E989519E-EC7F-E2C2-C6BE-6F2D054DCFE0</sourceEntity>
<targetCardinalityString>*</targetCardinalityString>
<targetEntity>B7675D55-E6F0-D03B-4995-1C230A5AE03E</targetEntity>
<transferable>true</transferable>
<deleteRule>NO ACTION</deleteRule>
</Relation>