<?xml version = '1.0' encoding = 'UTF-8'?>
<Relation class="oracle.dbtools.crest.model.design.logical.Relation" name="Relation_9" directorySegmentName="seg_0" id="1593E645-69D5-2A4C-EBF7-761FA4F00010">
<createdBy>tazja</createdBy>
<createdTime>2025-10-12 15:18:25 UTC</createdTime>
<ownerDesignName>eft_s9</ownerDesignName>
<engineerTo>
<item key="E4793CD7-1D8E-DA98-60F7-FC63C88A3318" value="true"/>
<item key="E5CD29F0-47BC-C752-8A26-DF427AA98FD8" value="true"/>
</engineerTo>
<sourcePk>59D80237-D4E6-4FDB-121C-32298F14171C</sourcePk>
<arc>57A928D6-8FDF-237F-AE2C-3DB3D45F9543</arc>
<identifying>false</identifying>
<optionalSource>false</optionalSource>
<optionalTarget>false</optionalTarget>
<sourceCardinality>1</sourceCardinality>
<sourceEntity>E182BF22-8605-93F7-F759-86C203F84D4D</sourceEntity>
<targetCardinalityString>*</targetCardinalityString>
<targetEntity>23A7BA5C-2477-B4DD-52EE-787F86D5F703</targetEntity>
<transferable>true</transferable>
<deleteRule>NO ACTION</deleteRule>
</Relation>