<?xml version = '1.0' encoding = 'UTF-8'?>
<Relation class="oracle.dbtools.crest.model.design.logical.Relation" name="Relation_26" directorySegmentName="seg_0" id="1910B86D-F2DC-F8BC-2A6F-612857D9CADF">
<createdBy>tazja</createdBy>
<createdTime>2025-10-12 16:26:08 UTC</createdTime>
<ownerDesignName>eft_s9</ownerDesignName>
<engineerTo>
<item key="E4793CD7-1D8E-DA98-60F7-FC63C88A3318" value="true"/>
<item key="E5CD29F0-47BC-C752-8A26-DF427AA98FD8" value="true"/>
</engineerTo>
<sourcePk>7E718217-CD03-68D8-2A58-14B92140E2F6</sourcePk>
<identifying>false</identifying>
<optionalSource>false</optionalSource>
<optionalTarget>false</optionalTarget>
<sourceCardinality>1</sourceCardinality>
<sourceEntity>72525FAC-1ACB-A822-A393-4ED7726C9C95</sourceEntity>
<targetCardinalityString>*</targetCardinalityString>
<targetEntity>65C6EB20-F9CD-E848-734A-31CDBD5792D6</targetEntity>
<transferable>true</transferable>
<deleteRule>NO ACTION</deleteRule>
</Relation>