<?xml version = '1.0' encoding = 'UTF-8'?>
<Relation class="oracle.dbtools.crest.model.design.logical.Relation" name="Relation_11" directorySegmentName="seg_0" id="415056F5-D5E4-FC06-87C3-DB08E1E45B18">
<createdBy>tazja</createdBy>
<createdTime>2025-10-12 15:26:03 UTC</createdTime>
<ownerDesignName>eft_s9</ownerDesignName>
<engineerTo>
<item key="E4793CD7-1D8E-DA98-60F7-FC63C88A3318" value="true"/>
<item key="E5CD29F0-47BC-C752-8A26-DF427AA98FD8" value="true"/>
</engineerTo>
<sourcePk>EC611E58-4CBC-35BA-6922-A3C214711A84</sourcePk>
<identifying>false</identifying>
<optionalSource>false</optionalSource>
<optionalTarget>false</optionalTarget>
<sourceCardinality>1</sourceCardinality>
<sourceEntity>B56465C8-A242-E5CA-3435-E64F133B2EDE</sourceEntity>
<targetCardinalityString>*</targetCardinalityString>
<targetEntity>23A7BA5C-2477-B4DD-52EE-787F86D5F703</targetEntity>
<transferable>true</transferable>
<deleteRule>NO ACTION</deleteRule>
</Relation>