<?xml version = '1.0' encoding = 'UTF-8'?>
<Relation class="oracle.dbtools.crest.model.design.logical.Relation" name="Relation_24" directorySegmentName="seg_0" id="50B3F881-CAD7-3365-AADA-42413E988D23">
<createdBy>tazja</createdBy>
<createdTime>2025-10-12 16:10:45 UTC</createdTime>
<ownerDesignName>eft_s9</ownerDesignName>
<engineerTo>
<item key="E4793CD7-1D8E-DA98-60F7-FC63C88A3318" value="true"/>
<item key="E5CD29F0-47BC-C752-8A26-DF427AA98FD8" value="true"/>
</engineerTo>
<sourcePk>D1A98510-B3BD-DC16-1E13-76EEA27D1B4B</sourcePk>
<identifying>false</identifying>
<optionalSource>false</optionalSource>
<optionalTarget>false</optionalTarget>
<sourceCardinality>1</sourceCardinality>
<sourceEntity>87B7FA98-AD06-B512-03DC-4486BF7341D8</sourceEntity>
<targetCardinalityString>*</targetCardinalityString>
<targetEntity>961EDCC3-9ED5-4B39-2019-7CCACA19367D</targetEntity>
<transferable>true</transferable>
<deleteRule>NO ACTION</deleteRule>
</Relation>