<?xml version = '1.0' encoding = 'UTF-8'?>
<Relation class="oracle.dbtools.crest.model.design.logical.Relation" name="Relation_13" directorySegmentName="seg_0" id="71E6E11A-8DCA-0F3E-C6E5-F4F7455F19BF">
<createdBy>tazja</createdBy>
<createdTime>2025-10-12 15:30:23 UTC</createdTime>
<ownerDesignName>eft_s9</ownerDesignName>
<engineerTo>
<item key="E4793CD7-1D8E-DA98-60F7-FC63C88A3318" value="true"/>
<item key="E5CD29F0-47BC-C752-8A26-DF427AA98FD8" value="true"/>
</engineerTo>
<sourcePk>35E3DA2E-E8AD-DD6E-4B8B-CA7573AA98C6</sourcePk>
<identifying>false</identifying>
<optionalSource>false</optionalSource>
<optionalTarget>false</optionalTarget>
<sourceCardinality>1</sourceCardinality>
<sourceEntity>74DC0C99-5358-8892-3A19-2994FFBFD1BF</sourceEntity>
<targetCardinalityString>*</targetCardinalityString>
<targetEntity>65C6EB20-F9CD-E848-734A-31CDBD5792D6</targetEntity>
<transferable>true</transferable>
<deleteRule>NO ACTION</deleteRule>
</Relation>