<?xml version = '1.0' encoding = 'UTF-8'?>
<Relation class="oracle.dbtools.crest.model.design.logical.Relation" name="Relation_2" directorySegmentName="seg_0" id="B39A2375-4F9F-9C08-CF2D-F8025962DD28">
<createdBy>tazja</createdBy>
<createdTime>2025-10-12 15:05:52 UTC</createdTime>
<ownerDesignName>eft_s9</ownerDesignName>
<engineerTo>
<item key="E4793CD7-1D8E-DA98-60F7-FC63C88A3318" value="true"/>
<item key="E5CD29F0-47BC-C752-8A26-DF427AA98FD8" value="true"/>
</engineerTo>
<sourcePk>8B186909-036B-F285-E0EA-0624D477EC28</sourcePk>
<identifying>false</identifying>
<optionalSource>false</optionalSource>
<optionalTarget>false</optionalTarget>
<sourceCardinality>1</sourceCardinality>
<sourceEntity>E346CCF9-4B16-ECDA-621E-ABA02F09904C</sourceEntity>
<targetCardinalityString>*</targetCardinalityString>
<targetEntity>5F61003C-E5EF-FAED-10B2-231799D6B41B</targetEntity>
<transferable>true</transferable>
<deleteRule>NO ACTION</deleteRule>
</Relation>