<?xml version = '1.0' encoding = 'UTF-8'?>
<Relation class="oracle.dbtools.crest.model.design.logical.Relation" name="Relation_4" directorySegmentName="seg_0" id="B51E6EE8-6D40-E555-A9AE-6113AA391031">
<createdBy>tazja</createdBy>
<createdTime>2025-10-12 15:15:36 UTC</createdTime>
<ownerDesignName>eft_s9</ownerDesignName>
<engineerTo>
<item key="E4793CD7-1D8E-DA98-60F7-FC63C88A3318" value="true"/>
<item key="E5CD29F0-47BC-C752-8A26-DF427AA98FD8" value="true"/>
</engineerTo>
<sourcePk>5DF14E92-B47D-338A-6B12-57518CE2C372</sourcePk>
<identifying>false</identifying>
<optionalSource>false</optionalSource>
<optionalTarget>false</optionalTarget>
<sourceCardinality>1</sourceCardinality>
<sourceEntity>25D4963F-FF52-0E87-3841-AD0235A90EFB</sourceEntity>
<targetCardinalityString>*</targetCardinalityString>
<targetEntity>E182BF22-8605-93F7-F759-86C203F84D4D</targetEntity>
<transferable>true</transferable>
<deleteRule>NO ACTION</deleteRule>
</Relation>