<?xml version = '1.0' encoding = 'UTF-8'?>
<Relation class="oracle.dbtools.crest.model.design.logical.Relation" name="Relation_5" directorySegmentName="seg_0" id="B6811854-DF70-CA8F-FF7E-DF5C05BB1CD6">
<createdBy>tazja</createdBy>
<createdTime>2025-10-12 15:15:49 UTC</createdTime>
<ownerDesignName>eft_s9</ownerDesignName>
<engineerTo>
<item key="E4793CD7-1D8E-DA98-60F7-FC63C88A3318" value="true"/>
<item key="E5CD29F0-47BC-C752-8A26-DF427AA98FD8" value="true"/>
</engineerTo>
<sourcePk>9690E23B-B1B9-47FD-4271-019C270819AE</sourcePk>
<identifying>false</identifying>
<optionalSource>false</optionalSource>
<optionalTarget>false</optionalTarget>
<sourceCardinality>1</sourceCardinality>
<sourceEntity>3EEC8352-52E6-7DE5-2C71-9A00D199A2D1</sourceEntity>
<targetCardinalityString>*</targetCardinalityString>
<targetEntity>E182BF22-8605-93F7-F759-86C203F84D4D</targetEntity>
<transferable>true</transferable>
<deleteRule>NO ACTION</deleteRule>
</Relation>