<?xml version = '1.0' encoding = 'UTF-8'?>
<Relation class="oracle.dbtools.crest.model.design.logical.Relation" name="Relation_12" directorySegmentName="seg_0" id="BF572202-043A-5DCB-A5FB-5CB19011D70F">
<createdBy>tazja</createdBy>
<createdTime>2025-10-12 15:26:45 UTC</createdTime>
<ownerDesignName>eft_s9</ownerDesignName>
<engineerTo>
<item key="E4793CD7-1D8E-DA98-60F7-FC63C88A3318" value="true"/>
<item key="E5CD29F0-47BC-C752-8A26-DF427AA98FD8" value="true"/>
</engineerTo>
<targetPk>59D80237-D4E6-4FDB-121C-32298F14171C</targetPk>
<identifying>false</identifying>
<optionalSource>false</optionalSource>
<optionalTarget>true</optionalTarget>
<sourceCardinality>1</sourceCardinality>
<sourceEntity>E182BF22-8605-93F7-F759-86C203F84D4D</sourceEntity>
<targetCardinalityString>1</targetCardinalityString>
<targetEntity>E182BF22-8605-93F7-F759-86C203F84D4D</targetEntity>
<transferable>true</transferable>
<deleteRule>NO ACTION</deleteRule>
</Relation>