<?xml version = '1.0' encoding = 'UTF-8'?>
<Relation class="oracle.dbtools.crest.model.design.logical.Relation" name="Relation_1" directorySegmentName="seg_0" id="C45E9A34-5EC7-8F09-8C35-89DDB0FA772C">
<createdBy>tazja</createdBy>
<createdTime>2025-10-12 15:05:06 UTC</createdTime>
<ownerDesignName>eft_s9</ownerDesignName>
<engineerTo>
<item key="E4793CD7-1D8E-DA98-60F7-FC63C88A3318" value="true"/>
<item key="E5CD29F0-47BC-C752-8A26-DF427AA98FD8" value="true"/>
</engineerTo>
<sourcePk>AB56F9DB-2B14-737B-913D-76EEA7A12714</sourcePk>
<identifying>false</identifying>
<optionalSource>false</optionalSource>
<optionalTarget>false</optionalTarget>
<sourceCardinality>1</sourceCardinality>
<sourceEntity>5F61003C-E5EF-FAED-10B2-231799D6B41B</sourceEntity>
<targetCardinalityString>*</targetCardinalityString>
<targetEntity>74DC0C99-5358-8892-3A19-2994FFBFD1BF</targetEntity>
<transferable>true</transferable>
<deleteRule>NO ACTION</deleteRule>
</Relation>