<?xml version = '1.0' encoding = 'UTF-8'?>
<Relation class="oracle.dbtools.crest.model.design.logical.Relation" name="Relation_3" directorySegmentName="seg_0" id="C7062373-E9F8-0747-D4FC-B3A427CBD045">
<createdBy>tazja</createdBy>
<createdTime>2025-10-12 15:12:49 UTC</createdTime>
<ownerDesignName>eft_s9</ownerDesignName>
<engineerTo>
<item key="E4793CD7-1D8E-DA98-60F7-FC63C88A3318" value="true"/>
<item key="E5CD29F0-47BC-C752-8A26-DF427AA98FD8" value="true"/>
</engineerTo>
<sourcePk>35E3DA2E-E8AD-DD6E-4B8B-CA7573AA98C6</sourcePk>
<identifying>false</identifying>
<optionalSource>false</optionalSource>
<optionalTarget>false</optionalTarget>
<sourceCardinality>1</sourceCardinality>
<sourceEntity>74DC0C99-5358-8892-3A19-2994FFBFD1BF</sourceEntity>
<targetCardinalityString>*</targetCardinalityString>
<targetEntity>E182BF22-8605-93F7-F759-86C203F84D4D</targetEntity>
<transferable>true</transferable>
<deleteRule>NO ACTION</deleteRule>
</Relation>