<?xml version = '1.0' encoding = 'UTF-8'?>
<Relation class="oracle.dbtools.crest.model.design.logical.Relation" name="Relation_23" directorySegmentName="seg_0" id="CBE2BF8B-C966-DB96-4630-B51ECC52C0CB">
<createdBy>tazja</createdBy>
<createdTime>2025-10-12 16:10:38 UTC</createdTime>
<ownerDesignName>eft_s9</ownerDesignName>
<engineerTo>
<item key="E4793CD7-1D8E-DA98-60F7-FC63C88A3318" value="true"/>
<item key="E5CD29F0-47BC-C752-8A26-DF427AA98FD8" value="true"/>
</engineerTo>
<sourcePk>11BB764D-F462-70A2-86F9-48592E62A831</sourcePk>
<identifying>false</identifying>
<optionalSource>false</optionalSource>
<optionalTarget>false</optionalTarget>
<sourceCardinality>1</sourceCardinality>
<sourceEntity>65C6EB20-F9CD-E848-734A-31CDBD5792D6</sourceEntity>
<targetCardinalityString>*</targetCardinalityString>
<targetEntity>961EDCC3-9ED5-4B39-2019-7CCACA19367D</targetEntity>
<transferable>true</transferable>
<deleteRule>NO ACTION</deleteRule>
</Relation>