<?xml version = '1.0' encoding = 'UTF-8'?>
<Diagram class="oracle.dbtools.crest.swingui.logical.DPVLogical" name="Logical" id="4545CFE7-4AE8-215A-FEB0-95B2073C1FE5">
<createdBy>tazja</createdBy>
<modifiedBy>tazja</modifiedBy>
<createdTime>2025-08-23 21:11:55 UTC</createdTime>
<autoRoute>false</autoRoute>
<boxInbox>true</boxInbox>
<showLegend>false</showLegend>
<showLabels>false</showLabels>
<showRelAttributes>false</showRelAttributes>
<gridEnabled>false</gridEnabled>
<showGrid>false</showGrid>
<diagramColor>-1</diagramColor>
<display>false</display>
<notation>1</notation>
<objectViews>
<OView class="oracle.dbtools.crest.swingui.logical.TVEntity" oid="021A580C-299B-4D79-4747-3325BE18AC6C" otype="Entity" vid="D3453C1C-9C78-5E1C-7464-90752BC89141">
<hideElementsInCurrentOnly>false</hideElementsInCurrentOnly>
<bounds x="921" y="469" width="225" height="138"/>
</OView>
<OView class="oracle.dbtools.crest.swingui.logical.TVEntity" oid="4C66EE5B-E1AF-5FF3-0006-BFE4563547BF" otype="Entity" vid="FED36412-3A5C-3D14-D3A3-9BDD371D5232">
<hideElementsInCurrentOnly>false</hideElementsInCurrentOnly>
<bounds x="840" y="77" width="305" height="110"/>
</OView>
<OView class="oracle.dbtools.crest.swingui.logical.TVEntity" oid="5D9D6302-57A6-AF7D-404F-0CCD31B35A88" otype="Entity" vid="D78D8C03-1294-358F-C093-C95D4D098CCC">
<hideElementsInCurrentOnly>false</hideElementsInCurrentOnly>
<bounds x="383" y="295" width="328" height="166"/>
</OView>
<OView class="oracle.dbtools.crest.swingui.logical.TVEntity" oid="7ACA75F9-39C9-B137-52CB-1EA22A2F8EF2" otype="Entity" vid="17BC1304-5690-DC93-FD3C-655FC0609FF6">
<hideElementsInCurrentOnly>false</hideElementsInCurrentOnly>
<bounds x="414" y="41" width="316" height="157"/>
</OView>
<OView class="oracle.dbtools.crest.swingui.logical.TVEntity" oid="BE46F560-32A0-1DF0-F7EB-223CD0B05D69" otype="Entity" vid="F587E46C-419F-8180-D2AB-E85A74022049">
<hideElementsInCurrentOnly>false</hideElementsInCurrentOnly>
<bounds x="58" y="71" width="293" height="170"/>
</OView>
<OView class="oracle.dbtools.crest.swingui.logical.TVEntity" oid="D9FF7E70-E28D-49A4-07F6-88A902F47ABB" otype="Entity" vid="505994C6-00F0-C68E-39FB-DFCAB74EACEC">
<hideElementsInCurrentOnly>false</hideElementsInCurrentOnly>
<bounds x="795" y="283" width="261" height="151"/>
</OView>
<OView class="oracle.dbtools.crest.swingui.logical.TVEntity" oid="F31F28BC-3C2D-5DB6-0026-CD1836342E59" otype="Entity" vid="218AA29A-D785-F5FB-B9E6-14347131DBBB">
<hideElementsInCurrentOnly>false</hideElementsInCurrentOnly>
<bounds x="57" y="345" width="189" height="145"/>
</OView>
<OView class="oracle.dbtools.crest.swingui.logical.TVEntity" oid="FD196B00-5006-CC64-A31A-416FCCADEF79" otype="Entity" vid="F38C0A22-0004-9831-98EA-D04697444591">
<hideElementsInCurrentOnly>false</hideElementsInCurrentOnly>
<bounds x="666" y="470" width="215" height="140"/>
</OView>
</objectViews>
<connectors>
<Connector class="oracle.dbtools.crest.swingui.logical.TVRelation" oid="26F6A18E-3771-FDC3-C1E8-70270A1BB178" otype="Relation" vid_source="505994C6-00F0-C68E-39FB-DFCAB74EACEC" vid_target="F38C0A22-0004-9831-98EA-D04697444591">
<hideElementsInCurrentOnly>false</hideElementsInCurrentOnly>
<backgroundColor>-16777216</backgroundColor>
<lineWidth>1</lineWidth>
<points>
<point x="838" y="434"/>
<point x="838" y="470"/>
</points>
</Connector>
<Connector class="oracle.dbtools.crest.swingui.logical.TVRelation" oid="4D95B37F-CF8E-70FF-6066-5EFF5344F7A6" otype="Relation" vid_source="218AA29A-D785-F5FB-B9E6-14347131DBBB" vid_target="F587E46C-419F-8180-D2AB-E85A74022049">
<hideElementsInCurrentOnly>false</hideElementsInCurrentOnly>
<backgroundColor>-16777216</backgroundColor>
<lineWidth>1</lineWidth>
<points>
<point x="152" y="345"/>
<point x="152" y="241"/>
</points>
</Connector>
<Connector class="oracle.dbtools.crest.swingui.logical.TVRelation" oid="59D03814-6E53-D29B-C977-86CFAF4BCDBC" otype="Relation" vid_source="505994C6-00F0-C68E-39FB-DFCAB74EACEC" vid_target="D3453C1C-9C78-5E1C-7464-90752BC89141">
<hideElementsInCurrentOnly>false</hideElementsInCurrentOnly>
<backgroundColor>-16777216</backgroundColor>
<lineWidth>1</lineWidth>
<points>
<point x="988" y="434"/>
<point x="988" y="469"/>
</points>
</Connector>
<Connector class="oracle.dbtools.crest.swingui.logical.TVRelation" oid="68E1F418-834C-BF9E-BCEA-8E48F59C1840" otype="Relation" vid_source="D78D8C03-1294-358F-C093-C95D4D098CCC" vid_target="FED36412-3A5C-3D14-D3A3-9BDD371D5232">
<hideElementsInCurrentOnly>false</hideElementsInCurrentOnly>
<backgroundColor>-16777216</backgroundColor>
<lineWidth>1</lineWidth>
<points>
<point x="697" y="295"/>
<point x="892" y="187"/>
</points>
</Connector>
<Connector class="oracle.dbtools.crest.swingui.logical.TVRelation" oid="AE8608ED-5A4D-F483-131D-7DC5BF44DD72" otype="Relation" vid_source="505994C6-00F0-C68E-39FB-DFCAB74EACEC" vid_target="D78D8C03-1294-358F-C093-C95D4D098CCC">
<hideElementsInCurrentOnly>false</hideElementsInCurrentOnly>
<backgroundColor>-16777216</backgroundColor>
<lineWidth>1</lineWidth>
<points>
<point x="795" y="364"/>
<point x="711" y="364"/>
</points>
</Connector>
<Connector class="oracle.dbtools.crest.swingui.logical.TVRelation" oid="B8549A32-A5C1-D0FF-47D0-62A122FED6A5" otype="Relation" vid_source="F587E46C-419F-8180-D2AB-E85A74022049" vid_target="17BC1304-5690-DC93-FD3C-655FC0609FF6">
<hideElementsInCurrentOnly>false</hideElementsInCurrentOnly>
<backgroundColor>-16777216</backgroundColor>
<lineWidth>1</lineWidth>
<points>
<point x="351" y="149"/>
<point x="414" y="149"/>
</points>
</Connector>
<Connector class="oracle.dbtools.crest.swingui.logical.TVRelation" oid="DA070A5F-80E2-CD53-5329-B07163B0AD41" otype="Relation" vid_source="D78D8C03-1294-358F-C093-C95D4D098CCC" vid_target="17BC1304-5690-DC93-FD3C-655FC0609FF6">
<hideElementsInCurrentOnly>false</hideElementsInCurrentOnly>
<backgroundColor>-16777216</backgroundColor>
<lineWidth>1</lineWidth>
<points>
<point x="562" y="295"/>
<point x="562" y="198"/>
</points>
</Connector>
</connectors>
</Diagram>