<?xml version = '1.0' encoding = 'UTF-8'?>
<relationalModel class="oracle.dbtools.crest.model.design.relational.RelationalDesign" name="Relational_1" id="A6FAAD27-822A-4095-D12C-3A51CA29815C" mainViewID="BF4A4D05-6FEC-7B95-BFEB-C5A0D9E91935">
<createdBy>tazja</createdBy>
<createdTime>2025-09-07 18:03:27 UTC</createdTime>
<ownerDesignName>exp2_sem1_grupo</ownerDesignName>
<shouldBeOpen>false</shouldBeOpen>
<selectedRDBMSSite>32076570-2523-435C-2E92-BF29817DFF70</selectedRDBMSSite>
</relationalModel>