<?xml version = '1.0' encoding = 'UTF-8'?>
<Entity class="oracle.dbtools.crest.model.design.logical.Entity" directorySegmentName="seg_0" id="5348DB6F-F803-8D1C-6AF6-3ABAEF645E1C" name="EMPLEADO">
<createdBy>tazja</createdBy>
<createdTime>2025-08-17 18:47:35 UTC</createdTime>
<ownerDesignName>exp1_sem1_grupo7</ownerDesignName>
<engineerTo>
<item key="B70C2316-407D-EB5A-9297-2EC067F7AF2F" value="true"/>
</engineerTo>
<adequatelyNormalized>NO</adequatelyNormalized>
<expectedVolumes>0</expectedVolumes>
<fwdEngineeringStrategyName>Single Table</fwdEngineeringStrategyName>
<growthPercent>0</growthPercent>
<growthType>Year</growthType>
<maxVolumes>9999999</maxVolumes>
<minVolumes>0</minVolumes>
<normalForm>Third</normalForm>
<attributes itemClass="oracle.dbtools.crest.model.design.logical.Attribute">
<Attribute name="rut" id="15988A8F-D45E-B5C0-53BE-A132AA9D614D">
<createdBy>tazja</createdBy>
<createdTime>2025-08-17 18:49:29 UTC</createdTime>
<ownerDesignName>exp1_sem1_grupo7</ownerDesignName>
<engineerTo>
<item key="B70C2316-407D-EB5A-9297-2EC067F7AF2F" value="true"/>
</engineerTo>
<useDomainConstraints>false</useDomainConstraints>
<use>1</use>
<logicalDatatype>LOGDT024</logicalDatatype>
<ownDataTypeParameters>,,</ownDataTypeParameters>
</Attribute>
<Attribute name="nombre_completo" id="D4BDE3AA-88C5-EFFF-534E-3C06A697B046">
<createdBy>tazja</createdBy>
<createdTime>2025-08-17 18:50:04 UTC</createdTime>
<ownerDesignName>exp1_sem1_grupo7</ownerDesignName>
<engineerTo>
<item key="B70C2316-407D-EB5A-9297-2EC067F7AF2F" value="true"/>
</engineerTo>
<useDomainConstraints>false</useDomainConstraints>
<use>1</use>
<logicalDatatype>LOGDT024</logicalDatatype>
<ownDataTypeParameters>,,</ownDataTypeParameters>
</Attribute>
<Attribute name="dirección" id="92F8245E-A2D5-AB48-309A-EB7D612C76CD">
<createdBy>tazja</createdBy>
<createdTime>2025-08-17 18:50:28 UTC</createdTime>
<ownerDesignName>exp1_sem1_grupo7</ownerDesignName>
<engineerTo>
<item key="B70C2316-407D-EB5A-9297-2EC067F7AF2F" value="true"/>
</engineerTo>
<useDomainConstraints>false</useDomainConstraints>
<use>1</use>
<logicalDatatype>LOGDT024</logicalDatatype>
<ownDataTypeParameters>,,</ownDataTypeParameters>
</Attribute>
<Attribute name="sueldo_base" id="AACBF1B7-7031-B703-1EA9-9A1C137C4B55">
<createdBy>tazja</createdBy>
<createdTime>2025-08-17 18:50:50 UTC</createdTime>
<ownerDesignName>exp1_sem1_grupo7</ownerDesignName>
<engineerTo>
<item key="B70C2316-407D-EB5A-9297-2EC067F7AF2F" value="true"/>
</engineerTo>
<useDomainConstraints>false</useDomainConstraints>
<use>1</use>
<logicalDatatype>LOGDT019</logicalDatatype>
<ownDataTypeParameters>,,</ownDataTypeParameters>
</Attribute>
<Attribute name="fecha_ingreso_compañia" id="7A2548A7-FC80-AF10-6621-D5E226B8C333">
<createdBy>tazja</createdBy>
<createdTime>2025-08-17 18:51:37 UTC</createdTime>
<ownerDesignName>exp1_sem1_grupo7</ownerDesignName>
<engineerTo>
<item key="B70C2316-407D-EB5A-9297-2EC067F7AF2F" value="true"/>
</engineerTo>
<useDomainConstraints>false</useDomainConstraints>
<use>1</use>
<logicalDatatype>LOGDT007</logicalDatatype>
<ownDataTypeParameters>,,</ownDataTypeParameters>
</Attribute>
<Attribute name="género" id="2823A9BC-9B50-3E85-C7D4-3C787E401C16">
<createdBy>tazja</createdBy>
<createdTime>2025-08-17 18:52:10 UTC</createdTime>
<ownerDesignName>exp1_sem1_grupo7</ownerDesignName>
<engineerTo>
<item key="B70C2316-407D-EB5A-9297-2EC067F7AF2F" value="true"/>
</engineerTo>
<useDomainConstraints>false</useDomainConstraints>
<use>1</use>
<logicalDatatype>LOGDT024</logicalDatatype>
<ownDataTypeParameters>,,</ownDataTypeParameters>
</Attribute>
<Attribute name="teléfono_móvil" id="FCDF6BC0-3E11-2303-9B9E-FC12782F97A5">
<createdBy>tazja</createdBy>
<createdTime>2025-08-17 18:52:31 UTC</createdTime>
<ownerDesignName>exp1_sem1_grupo7</ownerDesignName>
<engineerTo>
<item key="B70C2316-407D-EB5A-9297-2EC067F7AF2F" value="true"/>
</engineerTo>
<useDomainConstraints>false</useDomainConstraints>
<use>1</use>
<logicalDatatype>LOGDT019</logicalDatatype>
<ownDataTypeParameters>,,</ownDataTypeParameters>
</Attribute>
<Attribute name="teléfono_contacto" id="FE52A254-2B62-51DD-9ACF-96587E170B7F">
<createdBy>tazja</createdBy>
<createdTime>2025-08-17 18:53:02 UTC</createdTime>
<ownerDesignName>exp1_sem1_grupo7</ownerDesignName>
<engineerTo>
<item key="B70C2316-407D-EB5A-9297-2EC067F7AF2F" value="true"/>
</engineerTo>
<nullsAllowed>true</nullsAllowed>
<use>0</use>
<ownDataTypeParameters>,,</ownDataTypeParameters>
</Attribute>
</attributes>
<identifiers itemClass="oracle.dbtools.crest.model.design.logical.CandidateKey">
<identifier id="4E0ED86F-8031-E96C-D82F-495E8B7EC80D" name="EMPLEADO PK">
<createdBy>tazja</createdBy>
<createdTime>2025-08-17 19:05:13 UTC</createdTime>
<ownerDesignName>exp1_sem1_grupo7</ownerDesignName>
<engineerTo>
<item key="B70C2316-407D-EB5A-9297-2EC067F7AF2F" value="true"/>
</engineerTo>
<pk>true</pk>
<usedAttributes>
<attributeRef>15988A8F-D45E-B5C0-53BE-A132AA9D614D</attributeRef>
</usedAttributes>
</identifier>
</identifiers>
</Entity>