<?xml version = '1.0' encoding = 'UTF-8'?>
<Entity class="oracle.dbtools.crest.model.design.logical.Entity" directorySegmentName="seg_0" id="AC71DCF7-635D-17B5-8A2F-D453AAD03042" name="PASAJERO">
<createdBy>tazja</createdBy>
<createdTime>2025-08-17 18:57:35 UTC</createdTime>
<ownerDesignName>exp1_sem1_grupo7</ownerDesignName>
<engineerTo>
<item key="B70C2316-407D-EB5A-9297-2EC067F7AF2F" value="true"/>
</engineerTo>
<adequatelyNormalized>NO</adequatelyNormalized>
<expectedVolumes>0</expectedVolumes>
<fwdEngineeringStrategyName>Single Table</fwdEngineeringStrategyName>
<growthPercent>0</growthPercent>
<growthType>Year</growthType>
<maxVolumes>9999999</maxVolumes>
<minVolumes>0</minVolumes>
<normalForm>Third</normalForm>
<attributes itemClass="oracle.dbtools.crest.model.design.logical.Attribute">
<Attribute name="número_pasaporte_o_cédula_identidad" id="888232F0-513F-1EA2-9D9C-3FD6AC66BC91">
<createdBy>tazja</createdBy>
<createdTime>2025-08-17 18:57:48 UTC</createdTime>
<ownerDesignName>exp1_sem1_grupo7</ownerDesignName>
<engineerTo>
<item key="B70C2316-407D-EB5A-9297-2EC067F7AF2F" value="true"/>
</engineerTo>
<useDomainConstraints>false</useDomainConstraints>
<use>1</use>
<logicalDatatype>LOGDT024</logicalDatatype>
<ownDataTypeParameters>,,</ownDataTypeParameters>
</Attribute>
<Attribute name="nombre_completo" id="D4984C09-0A43-0A88-76EB-5FDC5AE4C01B">
<createdBy>tazja</createdBy>
<createdTime>2025-08-17 18:58:31 UTC</createdTime>
<ownerDesignName>exp1_sem1_grupo7</ownerDesignName>
<engineerTo>
<item key="B70C2316-407D-EB5A-9297-2EC067F7AF2F" value="true"/>
</engineerTo>
<useDomainConstraints>false</useDomainConstraints>
<use>1</use>
<logicalDatatype>LOGDT024</logicalDatatype>
<ownDataTypeParameters>,,</ownDataTypeParameters>
</Attribute>
<Attribute name="fecha_nacimiento" id="8BC40761-B1AB-C05D-C737-8B1CB546CFFC">
<createdBy>tazja</createdBy>
<createdTime>2025-08-17 18:58:49 UTC</createdTime>
<ownerDesignName>exp1_sem1_grupo7</ownerDesignName>
<engineerTo>
<item key="B70C2316-407D-EB5A-9297-2EC067F7AF2F" value="true"/>
</engineerTo>
<useDomainConstraints>false</useDomainConstraints>
<use>1</use>
<logicalDatatype>LOGDT007</logicalDatatype>
<ownDataTypeParameters>,,</ownDataTypeParameters>
</Attribute>
<Attribute name="nacionalidad" id="F2C166E7-17C7-F725-E85A-16AA7982DE7E">
<createdBy>tazja</createdBy>
<createdTime>2025-08-17 18:59:08 UTC</createdTime>
<ownerDesignName>exp1_sem1_grupo7</ownerDesignName>
<engineerTo>
<item key="B70C2316-407D-EB5A-9297-2EC067F7AF2F" value="true"/>
</engineerTo>
<useDomainConstraints>false</useDomainConstraints>
<use>1</use>
<logicalDatatype>LOGDT024</logicalDatatype>
<ownDataTypeParameters>,,</ownDataTypeParameters>
</Attribute>
<Attribute name="número_telefono_contacto" id="AE511549-B42D-3223-1F2F-C71E9CC6B797">
<createdBy>tazja</createdBy>
<createdTime>2025-08-17 18:59:18 UTC</createdTime>
<ownerDesignName>exp1_sem1_grupo7</ownerDesignName>
<engineerTo>
<item key="B70C2316-407D-EB5A-9297-2EC067F7AF2F" value="true"/>
</engineerTo>
<nullsAllowed>true</nullsAllowed>
<useDomainConstraints>false</useDomainConstraints>
<use>1</use>
<logicalDatatype>LOGDT019</logicalDatatype>
<ownDataTypeParameters>,,</ownDataTypeParameters>
</Attribute>
<Attribute name="correo_electrónico" id="47BC4FC1-DE38-98D0-05EC-8408A908A7B3">
<createdBy>tazja</createdBy>
<createdTime>2025-08-17 19:00:01 UTC</createdTime>
<ownerDesignName>exp1_sem1_grupo7</ownerDesignName>
<engineerTo>
<item key="B70C2316-407D-EB5A-9297-2EC067F7AF2F" value="true"/>
</engineerTo>
<nullsAllowed>true</nullsAllowed>
<useDomainConstraints>false</useDomainConstraints>
<use>1</use>
<logicalDatatype>LOGDT024</logicalDatatype>
<ownDataTypeParameters>,,</ownDataTypeParameters>
</Attribute>
</attributes>
<identifiers itemClass="oracle.dbtools.crest.model.design.logical.CandidateKey">
<identifier id="9F19F68F-0A2A-A3B0-FEDE-988408B495F5" name="PASAJERO PK">
<createdBy>tazja</createdBy>
<createdTime>2025-08-17 19:00:54 UTC</createdTime>
<ownerDesignName>exp1_sem1_grupo7</ownerDesignName>
<engineerTo>
<item key="B70C2316-407D-EB5A-9297-2EC067F7AF2F" value="true"/>
</engineerTo>
<pk>true</pk>
<usedAttributes>
<attributeRef>888232F0-513F-1EA2-9D9C-3FD6AC66BC91</attributeRef>
</usedAttributes>
</identifier>
</identifiers>
</Entity>