<?xml version = '1.0' encoding = 'UTF-8'?>
<Entity class="oracle.dbtools.crest.model.design.logical.Entity" directorySegmentName="seg_0" id="BE22353B-E846-D11D-FA4D-DD4D7B6B300A" name="VUELO">
<createdBy>tazja</createdBy>
<createdTime>2025-08-17 18:48:46 UTC</createdTime>
<ownerDesignName>exp1_sem1_grupo7</ownerDesignName>
<engineerTo>
<item key="B70C2316-407D-EB5A-9297-2EC067F7AF2F" value="true"/>
</engineerTo>
<adequatelyNormalized>NO</adequatelyNormalized>
<expectedVolumes>0</expectedVolumes>
<fwdEngineeringStrategyName>Single Table</fwdEngineeringStrategyName>
<growthPercent>0</growthPercent>
<growthType>Year</growthType>
<maxVolumes>9999999</maxVolumes>
<minVolumes>0</minVolumes>
<normalForm>Third</normalForm>
<attributes itemClass="oracle.dbtools.crest.model.design.logical.Attribute">
<Attribute name="fecha_despegue" id="A482DAFB-86C1-079E-79C0-829060ED98A3">
<createdBy>tazja</createdBy>
<createdTime>2025-08-17 18:53:25 UTC</createdTime>
<ownerDesignName>exp1_sem1_grupo7</ownerDesignName>
<engineerTo>
<item key="B70C2316-407D-EB5A-9297-2EC067F7AF2F" value="true"/>
</engineerTo>
<useDomainConstraints>false</useDomainConstraints>
<use>1</use>
<logicalDatatype>LOGDT007</logicalDatatype>
<ownDataTypeParameters>,,</ownDataTypeParameters>
</Attribute>
<Attribute name="fecha_llegada_aeropuerto_destino" id="6EEF06B6-E6E4-06CD-377B-B3A9A007A783">
<createdBy>tazja</createdBy>
<createdTime>2025-08-17 18:53:42 UTC</createdTime>
<ownerDesignName>exp1_sem1_grupo7</ownerDesignName>
<engineerTo>
<item key="B70C2316-407D-EB5A-9297-2EC067F7AF2F" value="true"/>
</engineerTo>
<useDomainConstraints>false</useDomainConstraints>
<use>1</use>
<logicalDatatype>LOGDT007</logicalDatatype>
<ownDataTypeParameters>,,</ownDataTypeParameters>
</Attribute>
<Attribute name="número_vuelo" id="3E596B72-340F-2741-CED5-5B590FEAB904">
<createdBy>tazja</createdBy>
<createdTime>2025-08-17 18:54:09 UTC</createdTime>
<ownerDesignName>exp1_sem1_grupo7</ownerDesignName>
<engineerTo>
<item key="B70C2316-407D-EB5A-9297-2EC067F7AF2F" value="true"/>
</engineerTo>
<useDomainConstraints>false</useDomainConstraints>
<use>1</use>
<logicalDatatype>LOGDT019</logicalDatatype>
<ownDataTypeParameters>,,</ownDataTypeParameters>
</Attribute>
<Attribute name="hora_salida_aeropuerto" id="9F6D4133-B852-4D91-BABC-DA683A18B5E4">
<createdBy>tazja</createdBy>
<createdTime>2025-08-17 18:54:24 UTC</createdTime>
<ownerDesignName>exp1_sem1_grupo7</ownerDesignName>
<engineerTo>
<item key="B70C2316-407D-EB5A-9297-2EC067F7AF2F" value="true"/>
</engineerTo>
<useDomainConstraints>false</useDomainConstraints>
<use>1</use>
<logicalDatatype>LOGDT014</logicalDatatype>
<ownDataTypeParameters>,,</ownDataTypeParameters>
</Attribute>
</attributes>
<identifiers itemClass="oracle.dbtools.crest.model.design.logical.CandidateKey">
<identifier id="6B5DE68E-460E-477A-9D3F-45BF3F7C94EE" name="VUELO PK">
<createdBy>tazja</createdBy>
<createdTime>2025-08-17 19:05:25 UTC</createdTime>
<ownerDesignName>exp1_sem1_grupo7</ownerDesignName>
<engineerTo>
<item key="B70C2316-407D-EB5A-9297-2EC067F7AF2F" value="true"/>
</engineerTo>
<pk>true</pk>
<usedAttributes>
<attributeRef>A482DAFB-86C1-079E-79C0-829060ED98A3</attributeRef>
</usedAttributes>
</identifier>
</identifiers>
</Entity>