<?xml version = '1.0' encoding = 'UTF-8'?>
<Entity class="oracle.dbtools.crest.model.design.logical.Entity" directorySegmentName="seg_0" id="CDCA0730-34DC-1DEB-D4D2-ADF1F0B5EECB" name="RESERVA">
<createdBy>tazja</createdBy>
<createdTime>2025-08-17 19:03:23 UTC</createdTime>
<ownerDesignName>exp1_sem1_grupo7</ownerDesignName>
<engineerTo>
<item key="B70C2316-407D-EB5A-9297-2EC067F7AF2F" value="true"/>
</engineerTo>
<adequatelyNormalized>NO</adequatelyNormalized>
<expectedVolumes>0</expectedVolumes>
<fwdEngineeringStrategyName>Single Table</fwdEngineeringStrategyName>
<growthPercent>0</growthPercent>
<growthType>Year</growthType>
<maxVolumes>9999999</maxVolumes>
<minVolumes>0</minVolumes>
<normalForm>Third</normalForm>
<attributes itemClass="oracle.dbtools.crest.model.design.logical.Attribute">
<Attribute name="número_reserva" id="A56C0856-FB69-A387-1C86-B6B9C8D36703">
<createdBy>tazja</createdBy>
<createdTime>2025-08-17 19:03:32 UTC</createdTime>
<ownerDesignName>exp1_sem1_grupo7</ownerDesignName>
<engineerTo>
<item key="B70C2316-407D-EB5A-9297-2EC067F7AF2F" value="true"/>
</engineerTo>
<useDomainConstraints>false</useDomainConstraints>
<use>1</use>
<logicalDatatype>LOGDT024</logicalDatatype>
<ownDataTypeParameters>,,</ownDataTypeParameters>
</Attribute>
<Attribute name="fecha_reserva_vuelo" id="B635E2C3-40CD-1DAC-E18E-734461AE7FC3">
<createdBy>tazja</createdBy>
<createdTime>2025-08-17 19:03:59 UTC</createdTime>
<ownerDesignName>exp1_sem1_grupo7</ownerDesignName>
<engineerTo>
<item key="B70C2316-407D-EB5A-9297-2EC067F7AF2F" value="true"/>
</engineerTo>
<useDomainConstraints>false</useDomainConstraints>
<use>1</use>
<logicalDatatype>LOGDT007</logicalDatatype>
<ownDataTypeParameters>,,</ownDataTypeParameters>
</Attribute>
<Attribute name="fecha_viaje" id="7D63EA63-9A6E-F5E4-06EB-CDC61FD8C0E7">
<createdBy>tazja</createdBy>
<createdTime>2025-08-17 19:04:17 UTC</createdTime>
<ownerDesignName>exp1_sem1_grupo7</ownerDesignName>
<engineerTo>
<item key="B70C2316-407D-EB5A-9297-2EC067F7AF2F" value="true"/>
</engineerTo>
<useDomainConstraints>false</useDomainConstraints>
<use>1</use>
<logicalDatatype>LOGDT007</logicalDatatype>
<ownDataTypeParameters>,,</ownDataTypeParameters>
</Attribute>
<Attribute name="estado" id="686CEF87-5AD0-C84B-77B9-497A15244225">
<createdBy>tazja</createdBy>
<createdTime>2025-08-17 19:04:29 UTC</createdTime>
<ownerDesignName>exp1_sem1_grupo7</ownerDesignName>
<engineerTo>
<item key="B70C2316-407D-EB5A-9297-2EC067F7AF2F" value="true"/>
</engineerTo>
<useDomainConstraints>false</useDomainConstraints>
<use>1</use>
<logicalDatatype>LOGDT024</logicalDatatype>
<ownDataTypeParameters>,,</ownDataTypeParameters>
</Attribute>
</attributes>
<identifiers itemClass="oracle.dbtools.crest.model.design.logical.CandidateKey">
<identifier id="7D486913-54D3-7F5B-4E82-6A11ED55964A" name="RESERVA PK">
<createdBy>tazja</createdBy>
<createdTime>2025-08-17 19:03:57 UTC</createdTime>
<ownerDesignName>exp1_sem1_grupo7</ownerDesignName>
<engineerTo>
<item key="B70C2316-407D-EB5A-9297-2EC067F7AF2F" value="true"/>
</engineerTo>
<pk>true</pk>
<usedAttributes>
<attributeRef>A56C0856-FB69-A387-1C86-B6B9C8D36703</attributeRef>
</usedAttributes>
</identifier>
</identifiers>
</Entity>