<?xml version = '1.0' encoding = 'UTF-8'?>
<Entity class="oracle.dbtools.crest.model.design.logical.Entity" directorySegmentName="seg_0" id="131AD729-B8A8-F7F9-1A1A-CC1CC0CC0AC5" name="CONSULTA">
<createdBy>tazja</createdBy>
<createdTime>2025-09-14 17:18:42 UTC</createdTime>
<ownerDesignName>centromedico</ownerDesignName>
<engineerTo>
<item key="20D05DA7-E5D8-2E92-D25A-90B7C6D78FCE" value="true"/>
</engineerTo>
<adequatelyNormalized>NO</adequatelyNormalized>
<expectedVolumes>0</expectedVolumes>
<fwdEngineeringStrategyName>Single Table</fwdEngineeringStrategyName>
<growthPercent>0</growthPercent>
<growthType>Year</growthType>
<maxVolumes>9999999</maxVolumes>
<minVolumes>0</minVolumes>
<normalForm>Third</normalForm>
<attributes itemClass="oracle.dbtools.crest.model.design.logical.Attribute">
<Attribute name="id_tipo" id="8FCCA956-86F8-6BDD-E298-DBA4C5CB521B">
<createdBy>tazja</createdBy>
<createdTime>2025-09-14 17:18:55 UTC</createdTime>
<ownerDesignName>centromedico</ownerDesignName>
<engineerTo>
<item key="20D05DA7-E5D8-2E92-D25A-90B7C6D78FCE" value="true"/>
</engineerTo>
<useDomainConstraints>false</useDomainConstraints>
<use>1</use>
<logicalDatatype>LOGDT019</logicalDatatype>
<ownDataTypeParameters>,,</ownDataTypeParameters>
</Attribute>
<Attribute name="nombre_tipo" id="EB84FD26-D77A-052E-70A8-89933749BDFB">
<createdBy>tazja</createdBy>
<createdTime>2025-09-14 17:19:09 UTC</createdTime>
<ownerDesignName>centromedico</ownerDesignName>
<engineerTo>
<item key="20D05DA7-E5D8-2E92-D25A-90B7C6D78FCE" value="true"/>
</engineerTo>
<useDomainConstraints>false</useDomainConstraints>
<use>1</use>
<logicalDatatype>LOGDT024</logicalDatatype>
<dataTypeSize>30</dataTypeSize>
<ownDataTypeParameters>30,,</ownDataTypeParameters>
</Attribute>
</attributes>
<identifiers itemClass="oracle.dbtools.crest.model.design.logical.CandidateKey">
<identifier id="9D74B085-7C92-9057-92D4-1A945FF36D3E" name="CONSULTA PK">
<createdBy>tazja</createdBy>
<createdTime>2025-09-14 17:19:08 UTC</createdTime>
<ownerDesignName>centromedico</ownerDesignName>
<engineerTo>
<item key="20D05DA7-E5D8-2E92-D25A-90B7C6D78FCE" value="true"/>
</engineerTo>
<pk>true</pk>
<usedAttributes>
<attributeRef>8FCCA956-86F8-6BDD-E298-DBA4C5CB521B</attributeRef>
</usedAttributes>
</identifier>
<identifier id="F1ABF4E8-988F-CD79-D344-9BDEABE990DE" name="UK_CONSULTA_NOMBRE">
<createdBy>tazja</createdBy>
<createdTime>2025-09-14 18:45:55 UTC</createdTime>
<ownerDesignName>centromedico</ownerDesignName>
<engineerTo>
<item key="20D05DA7-E5D8-2E92-D25A-90B7C6D78FCE" value="true"/>
</engineerTo>
<newElementsIDs>EB84FD26-D77A-052E-70A8-89933749BDFB</newElementsIDs>
<usedAttributes>
<attributeRef>EB84FD26-D77A-052E-70A8-89933749BDFB</attributeRef>
</usedAttributes>
</identifier>
</identifiers>
</Entity>