<?xml version = '1.0' encoding = 'UTF-8'?>
<Entity class="oracle.dbtools.crest.model.design.logical.Entity" directorySegmentName="seg_0" id="178D9C5B-5277-E25A-3551-B61225A1A7AB" name="ATENCION_MEDICA">
<createdBy>tazja</createdBy>
<createdTime>2025-09-14 16:51:45 UTC</createdTime>
<ownerDesignName>centromedico</ownerDesignName>
<engineerTo>
<item key="20D05DA7-E5D8-2E92-D25A-90B7C6D78FCE" value="true"/>
</engineerTo>
<adequatelyNormalized>NO</adequatelyNormalized>
<expectedVolumes>0</expectedVolumes>
<fwdEngineeringStrategyName>Single Table</fwdEngineeringStrategyName>
<growthPercent>0</growthPercent>
<growthType>Year</growthType>
<maxVolumes>9999999</maxVolumes>
<minVolumes>0</minVolumes>
<normalForm>Third</normalForm>
<attributes itemClass="oracle.dbtools.crest.model.design.logical.Attribute">
<Attribute name="id_atencion" id="E76EF4E6-42C1-6845-76CC-73C0E3C5947E">
<createdBy>tazja</createdBy>
<createdTime>2025-09-14 16:52:00 UTC</createdTime>
<ownerDesignName>centromedico</ownerDesignName>
<engineerTo>
<item key="20D05DA7-E5D8-2E92-D25A-90B7C6D78FCE" value="true"/>
</engineerTo>
<useDomainConstraints>false</useDomainConstraints>
<use>1</use>
<logicalDatatype>LOGDT019</logicalDatatype>
<ownDataTypeParameters>,,</ownDataTypeParameters>
</Attribute>
<Attribute name="fecha_atencion" id="16E0ACBC-B72F-14F9-BA0A-A8374C328177">
<createdBy>tazja</createdBy>
<createdTime>2025-09-14 16:52:29 UTC</createdTime>
<ownerDesignName>centromedico</ownerDesignName>
<engineerTo>
<item key="20D05DA7-E5D8-2E92-D25A-90B7C6D78FCE" value="true"/>
</engineerTo>
<useDomainConstraints>false</useDomainConstraints>
<use>1</use>
<logicalDatatype>LOGDT008</logicalDatatype>
<ownDataTypeParameters>,,</ownDataTypeParameters>
</Attribute>
<Attribute name="id_paciente" id="C5AC63CF-8A8B-EC5D-4EE5-05A60E5C4B31">
<createdBy>tazja</createdBy>
<createdTime>2025-09-14 17:03:56 UTC</createdTime>
<generatorID>E0629386-F688-456B-1003-965FF01CE9FE</generatorID>
<ownerDesignName>centromedico</ownerDesignName>
<engineerTo>
<item key="20D05DA7-E5D8-2E92-D25A-90B7C6D78FCE" value="true"/>
</engineerTo>
<referedAttribute>A2CD5C65-C54B-D0FD-F14A-B2F24995E445</referedAttribute>
<useDomainConstraints>false</useDomainConstraints>
<use>1</use>
<logicalDatatype>LOGDT019</logicalDatatype>
<ownDataTypeParameters>,,</ownDataTypeParameters>
</Attribute>
<Attribute name="id_tipo" id="9EF63AEC-3A7A-759C-276C-E00C7BB43A84">
<createdBy>tazja</createdBy>
<createdTime>2025-09-14 17:19:22 UTC</createdTime>
<generatorID>FD2A705F-11A8-282D-3E69-89FD6CAC49D3</generatorID>
<ownerDesignName>centromedico</ownerDesignName>
<engineerTo>
<item key="20D05DA7-E5D8-2E92-D25A-90B7C6D78FCE" value="true"/>
</engineerTo>
<referedAttribute>8FCCA956-86F8-6BDD-E298-DBA4C5CB521B</referedAttribute>
<useDomainConstraints>false</useDomainConstraints>
<use>1</use>
<logicalDatatype>LOGDT019</logicalDatatype>
<ownDataTypeParameters>,,</ownDataTypeParameters>
</Attribute>
<Attribute name="diagnostico" id="197A3389-AE00-E86F-4784-86BA8A9102F4">
<createdBy>tazja</createdBy>
<createdTime>2025-09-14 17:26:40 UTC</createdTime>
<ownerDesignName>centromedico</ownerDesignName>
<engineerTo>
<item key="20D05DA7-E5D8-2E92-D25A-90B7C6D78FCE" value="true"/>
</engineerTo>
<useDomainConstraints>false</useDomainConstraints>
<use>1</use>
<logicalDatatype>LOGDT024</logicalDatatype>
<dataTypeSize>30</dataTypeSize>
<ownDataTypeParameters>30,,</ownDataTypeParameters>
</Attribute>
<Attribute name="examenes_solicitados" id="B3337F41-9251-4FE4-5DE8-6641EFF8FFCE">
<createdBy>tazja</createdBy>
<createdTime>2025-09-14 17:26:54 UTC</createdTime>
<ownerDesignName>centromedico</ownerDesignName>
<engineerTo>
<item key="20D05DA7-E5D8-2E92-D25A-90B7C6D78FCE" value="true"/>
</engineerTo>
<nullsAllowed>true</nullsAllowed>
<useDomainConstraints>false</useDomainConstraints>
<use>1</use>
<logicalDatatype>LOGDT024</logicalDatatype>
<dataTypeSize>30</dataTypeSize>
<ownDataTypeParameters>30,,</ownDataTypeParameters>
</Attribute>
<Attribute name="id_medico" id="1B674154-E43A-92FF-3BE7-E6BAE703124C">
<createdBy>tazja</createdBy>
<createdTime>2025-09-14 17:30:51 UTC</createdTime>
<generatorID>0DF9163E-C801-2BEB-B63C-1F962EF46D57</generatorID>
<ownerDesignName>centromedico</ownerDesignName>
<engineerTo>
<item key="20D05DA7-E5D8-2E92-D25A-90B7C6D78FCE" value="true"/>
</engineerTo>
<referedAttribute>52AC8CD4-DBEE-7593-E2D4-96AB1AFC8D80</referedAttribute>
<useDomainConstraints>false</useDomainConstraints>
<use>1</use>
<logicalDatatype>LOGDT019</logicalDatatype>
<ownDataTypeParameters>,,</ownDataTypeParameters>
</Attribute>
</attributes>
<identifiers itemClass="oracle.dbtools.crest.model.design.logical.CandidateKey">
<identifier id="CE88D880-490A-0971-4D5C-019C31C1D075" name="ATENCION_MEDICA PK">
<createdBy>tazja</createdBy>
<createdTime>2025-09-14 16:52:46 UTC</createdTime>
<ownerDesignName>centromedico</ownerDesignName>
<engineerTo>
<item key="20D05DA7-E5D8-2E92-D25A-90B7C6D78FCE" value="true"/>
</engineerTo>
<pk>true</pk>
<usedAttributes>
<attributeRef>E76EF4E6-42C1-6845-76CC-73C0E3C5947E</attributeRef>
</usedAttributes>
</identifier>
</identifiers>
</Entity>