<?xml version = '1.0' encoding = 'UTF-8'?>
<Entity class="oracle.dbtools.crest.model.design.logical.Entity" directorySegmentName="seg_0" id="2BEDBAE7-2C9D-211F-0CA1-1EBFE31C1C7F" name="GENERAL">
<createdBy>tazja</createdBy>
<createdTime>2025-09-14 18:14:36 UTC</createdTime>
<ownerDesignName>centromedico</ownerDesignName>
<engineerTo>
<item key="20D05DA7-E5D8-2E92-D25A-90B7C6D78FCE" value="true"/>
</engineerTo>
<adequatelyNormalized>NO</adequatelyNormalized>
<expectedVolumes>0</expectedVolumes>
<fwdEngineeringStrategyName>Single Table</fwdEngineeringStrategyName>
<growthPercent>0</growthPercent>
<growthType>Year</growthType>
<hierarchicalParent>178D9C5B-5277-E25A-3551-B61225A1A7AB</hierarchicalParent>
<maxVolumes>9999999</maxVolumes>
<minVolumes>0</minVolumes>
<normalForm>Third</normalForm>
<attributes itemClass="oracle.dbtools.crest.model.design.logical.Attribute">
<Attribute name="id_general" id="E3AA549B-3F63-43F1-FBB6-8903B7A16536">
<createdBy>tazja</createdBy>
<createdTime>2025-09-14 18:14:50 UTC</createdTime>
<ownerDesignName>centromedico</ownerDesignName>
<engineerTo>
<item key="20D05DA7-E5D8-2E92-D25A-90B7C6D78FCE" value="true"/>
</engineerTo>
<useDomainConstraints>false</useDomainConstraints>
<use>1</use>
<logicalDatatype>LOGDT019</logicalDatatype>
<ownDataTypeParameters>,,</ownDataTypeParameters>
</Attribute>
</attributes>
<identifiers itemClass="oracle.dbtools.crest.model.design.logical.CandidateKey">
<identifier id="393E0638-86DC-BCF1-15C8-EA7579821EB7" name="GENERAL PK">
<createdBy>tazja</createdBy>
<createdTime>2025-09-14 18:15:42 UTC</createdTime>
<ownerDesignName>centromedico</ownerDesignName>
<engineerTo>
<item key="20D05DA7-E5D8-2E92-D25A-90B7C6D78FCE" value="true"/>
</engineerTo>
<pk>true</pk>
<usedAttributes>
<attributeRef>E3AA549B-3F63-43F1-FBB6-8903B7A16536</attributeRef>
</usedAttributes>
</identifier>
</identifiers>
</Entity>