<?xml version = '1.0' encoding = 'UTF-8'?>
<Entity class="oracle.dbtools.crest.model.design.logical.Entity" directorySegmentName="seg_0" id="2EBB52E5-4F12-5C7B-6D2D-EDC2F2DCED5A" name="REGION">
<createdBy>tazja</createdBy>
<createdTime>2025-09-14 17:44:39 UTC</createdTime>
<ownerDesignName>centromedico</ownerDesignName>
<engineerTo>
<item key="20D05DA7-E5D8-2E92-D25A-90B7C6D78FCE" value="true"/>
</engineerTo>
<adequatelyNormalized>NO</adequatelyNormalized>
<expectedVolumes>0</expectedVolumes>
<fwdEngineeringStrategyName>Single Table</fwdEngineeringStrategyName>
<growthPercent>0</growthPercent>
<growthType>Year</growthType>
<maxVolumes>9999999</maxVolumes>
<minVolumes>0</minVolumes>
<normalForm>Third</normalForm>
<attributes itemClass="oracle.dbtools.crest.model.design.logical.Attribute">
<Attribute name="id_region" id="4EA85BD8-5E4F-BC91-D1D1-EDCB5337175E">
<createdBy>tazja</createdBy>
<createdTime>2025-09-14 17:44:47 UTC</createdTime>
<ownerDesignName>centromedico</ownerDesignName>
<engineerTo>
<item key="20D05DA7-E5D8-2E92-D25A-90B7C6D78FCE" value="true"/>
</engineerTo>
<useDomainConstraints>false</useDomainConstraints>
<use>1</use>
<logicalDatatype>LOGDT019</logicalDatatype>
<ownDataTypeParameters>,,</ownDataTypeParameters>
</Attribute>
<Attribute name="nombre_region" id="E52801AC-DC81-F6D9-A8EF-E12D753E654E">
<createdBy>tazja</createdBy>
<createdTime>2025-09-14 17:44:58 UTC</createdTime>
<ownerDesignName>centromedico</ownerDesignName>
<engineerTo>
<item key="20D05DA7-E5D8-2E92-D25A-90B7C6D78FCE" value="true"/>
</engineerTo>
<useDomainConstraints>false</useDomainConstraints>
<use>1</use>
<logicalDatatype>LOGDT024</logicalDatatype>
<dataTypeSize>30</dataTypeSize>
<ownDataTypeParameters>30,,</ownDataTypeParameters>
</Attribute>
</attributes>
<identifiers itemClass="oracle.dbtools.crest.model.design.logical.CandidateKey">
<identifier id="308C2507-AAFC-90AE-6BD9-436642B331AA" name="REGION PK">
<createdBy>tazja</createdBy>
<createdTime>2025-09-14 17:44:57 UTC</createdTime>
<ownerDesignName>centromedico</ownerDesignName>
<engineerTo>
<item key="20D05DA7-E5D8-2E92-D25A-90B7C6D78FCE" value="true"/>
</engineerTo>
<pk>true</pk>
<usedAttributes>
<attributeRef>4EA85BD8-5E4F-BC91-D1D1-EDCB5337175E</attributeRef>
</usedAttributes>
</identifier>
<identifier id="F37F2EF1-8866-98A6-F6E7-FBB38DCE7B42" name="UK_REGION_NOMBRE">
<createdBy>tazja</createdBy>
<createdTime>2025-09-14 18:45:37 UTC</createdTime>
<ownerDesignName>centromedico</ownerDesignName>
<engineerTo>
<item key="20D05DA7-E5D8-2E92-D25A-90B7C6D78FCE" value="true"/>
</engineerTo>
<newElementsIDs>E52801AC-DC81-F6D9-A8EF-E12D753E654E</newElementsIDs>
<usedAttributes>
<attributeRef>E52801AC-DC81-F6D9-A8EF-E12D753E654E</attributeRef>
</usedAttributes>
</identifier>
</identifiers>
</Entity>