<?xml version = '1.0' encoding = 'UTF-8'?>
<Entity class="oracle.dbtools.crest.model.design.logical.Entity" directorySegmentName="seg_0" id="522AFE41-8572-B983-908A-3AEC13E4C3C5" name="SALUD">
<createdBy>tazja</createdBy>
<createdTime>2025-09-14 17:40:02 UTC</createdTime>
<ownerDesignName>centromedico</ownerDesignName>
<engineerTo>
<item key="20D05DA7-E5D8-2E92-D25A-90B7C6D78FCE" value="true"/>
</engineerTo>
<adequatelyNormalized>NO</adequatelyNormalized>
<expectedVolumes>0</expectedVolumes>
<fwdEngineeringStrategyName>Single Table</fwdEngineeringStrategyName>
<growthPercent>0</growthPercent>
<growthType>Year</growthType>
<maxVolumes>9999999</maxVolumes>
<minVolumes>0</minVolumes>
<normalForm>Third</normalForm>
<attributes itemClass="oracle.dbtools.crest.model.design.logical.Attribute">
<Attribute name="id_salud" id="8FACA84A-1D89-0F3A-BDA8-2DCCA4E3963E">
<createdBy>tazja</createdBy>
<createdTime>2025-09-14 17:40:07 UTC</createdTime>
<ownerDesignName>centromedico</ownerDesignName>
<engineerTo>
<item key="20D05DA7-E5D8-2E92-D25A-90B7C6D78FCE" value="true"/>
</engineerTo>
<useDomainConstraints>false</useDomainConstraints>
<use>1</use>
<logicalDatatype>LOGDT019</logicalDatatype>
<ownDataTypeParameters>,,</ownDataTypeParameters>
</Attribute>
<Attribute name="nombre_salud" id="4BBF592E-5846-2DA3-AAEF-132854524F2E">
<createdBy>tazja</createdBy>
<createdTime>2025-09-14 17:40:18 UTC</createdTime>
<ownerDesignName>centromedico</ownerDesignName>
<engineerTo>
<item key="20D05DA7-E5D8-2E92-D25A-90B7C6D78FCE" value="true"/>
</engineerTo>
<useDomainConstraints>false</useDomainConstraints>
<use>1</use>
<logicalDatatype>LOGDT024</logicalDatatype>
<dataTypeSize>30</dataTypeSize>
<ownDataTypeParameters>30,,</ownDataTypeParameters>
</Attribute>
</attributes>
<identifiers itemClass="oracle.dbtools.crest.model.design.logical.CandidateKey">
<identifier id="46146F9C-B9A3-E014-9246-5228AAE92AC4" name="SALUD PK">
<createdBy>tazja</createdBy>
<createdTime>2025-09-14 17:40:17 UTC</createdTime>
<ownerDesignName>centromedico</ownerDesignName>
<engineerTo>
<item key="20D05DA7-E5D8-2E92-D25A-90B7C6D78FCE" value="true"/>
</engineerTo>
<pk>true</pk>
<usedAttributes>
<attributeRef>8FACA84A-1D89-0F3A-BDA8-2DCCA4E3963E</attributeRef>
</usedAttributes>
</identifier>
<identifier id="C05C51BE-F5C9-34AF-DB29-19304FBE8C1F" name="UK_SALUD_NOMBRE">
<createdBy>tazja</createdBy>
<createdTime>2025-09-14 18:43:21 UTC</createdTime>
<ownerDesignName>centromedico</ownerDesignName>
<engineerTo>
<item key="20D05DA7-E5D8-2E92-D25A-90B7C6D78FCE" value="true"/>
</engineerTo>
<newElementsIDs>4BBF592E-5846-2DA3-AAEF-132854524F2E</newElementsIDs>
<usedAttributes>
<attributeRef>4BBF592E-5846-2DA3-AAEF-132854524F2E</attributeRef>
</usedAttributes>
</identifier>
</identifiers>
</Entity>