<?xml version = '1.0' encoding = 'UTF-8'?>
<Entity class="oracle.dbtools.crest.model.design.logical.Entity" directorySegmentName="seg_0" id="53A2EDCF-92A8-A36F-EFA4-FD7E8ABE6039" name="CENTRO_MEDICO">
<createdBy>tazja</createdBy>
<createdTime>2025-09-14 17:12:54 UTC</createdTime>
<ownerDesignName>centromedico</ownerDesignName>
<engineerTo>
<item key="20D05DA7-E5D8-2E92-D25A-90B7C6D78FCE" value="true"/>
</engineerTo>
<adequatelyNormalized>NO</adequatelyNormalized>
<expectedVolumes>0</expectedVolumes>
<fwdEngineeringStrategyName>Single Table</fwdEngineeringStrategyName>
<growthPercent>0</growthPercent>
<growthType>Year</growthType>
<maxVolumes>9999999</maxVolumes>
<minVolumes>0</minVolumes>
<normalForm>Third</normalForm>
<attributes itemClass="oracle.dbtools.crest.model.design.logical.Attribute">
<Attribute name="id_centro_medico" id="16CA6980-C24A-E970-FCC4-DEAE68DFEF89">
<createdBy>tazja</createdBy>
<createdTime>2025-09-14 17:13:07 UTC</createdTime>
<ownerDesignName>centromedico</ownerDesignName>
<engineerTo>
<item key="20D05DA7-E5D8-2E92-D25A-90B7C6D78FCE" value="true"/>
</engineerTo>
<useDomainConstraints>false</useDomainConstraints>
<use>1</use>
<logicalDatatype>LOGDT019</logicalDatatype>
<ownDataTypeParameters>,,</ownDataTypeParameters>
</Attribute>
<Attribute name="nombre_centro_medico" id="80F3AB9C-E829-DD49-4780-9DF846698A22">
<createdBy>tazja</createdBy>
<createdTime>2025-09-14 17:13:26 UTC</createdTime>
<ownerDesignName>centromedico</ownerDesignName>
<engineerTo>
<item key="20D05DA7-E5D8-2E92-D25A-90B7C6D78FCE" value="true"/>
</engineerTo>
<useDomainConstraints>false</useDomainConstraints>
<use>1</use>
<logicalDatatype>LOGDT024</logicalDatatype>
<dataTypeSize>30</dataTypeSize>
<ownDataTypeParameters>30,,</ownDataTypeParameters>
</Attribute>
</attributes>
<identifiers itemClass="oracle.dbtools.crest.model.design.logical.CandidateKey">
<identifier id="91055FE4-1DE0-65FA-D954-4F1DB30D670C" name="CENTRO_MEDICO PK">
<createdBy>tazja</createdBy>
<createdTime>2025-09-14 17:13:24 UTC</createdTime>
<ownerDesignName>centromedico</ownerDesignName>
<engineerTo>
<item key="20D05DA7-E5D8-2E92-D25A-90B7C6D78FCE" value="true"/>
</engineerTo>
<pk>true</pk>
<usedAttributes>
<attributeRef>16CA6980-C24A-E970-FCC4-DEAE68DFEF89</attributeRef>
</usedAttributes>
</identifier>
<identifier id="50ACA9B0-FA49-BA1A-2225-4AF4D04A3159" name="UK_CENTRO_MEDICO_NOMBRE">
<createdBy>tazja</createdBy>
<createdTime>2025-09-14 18:44:21 UTC</createdTime>
<ownerDesignName>centromedico</ownerDesignName>
<engineerTo>
<item key="20D05DA7-E5D8-2E92-D25A-90B7C6D78FCE" value="true"/>
</engineerTo>
<newElementsIDs>80F3AB9C-E829-DD49-4780-9DF846698A22</newElementsIDs>
<usedAttributes>
<attributeRef>80F3AB9C-E829-DD49-4780-9DF846698A22</attributeRef>
</usedAttributes>
</identifier>
</identifiers>
</Entity>