<?xml version = '1.0' encoding = 'UTF-8'?>
<Entity class="oracle.dbtools.crest.model.design.logical.Entity" directorySegmentName="seg_0" id="5C63799C-8A63-2340-EBFB-B841E8BAE9AD" name="ESPECIALIDAD">
<createdBy>tazja</createdBy>
<createdTime>2025-09-14 17:01:43 UTC</createdTime>
<ownerDesignName>centromedico</ownerDesignName>
<engineerTo>
<item key="20D05DA7-E5D8-2E92-D25A-90B7C6D78FCE" value="true"/>
</engineerTo>
<adequatelyNormalized>NO</adequatelyNormalized>
<expectedVolumes>0</expectedVolumes>
<fwdEngineeringStrategyName>Single Table</fwdEngineeringStrategyName>
<growthPercent>0</growthPercent>
<growthType>Year</growthType>
<maxVolumes>9999999</maxVolumes>
<minVolumes>0</minVolumes>
<normalForm>Third</normalForm>
<attributes itemClass="oracle.dbtools.crest.model.design.logical.Attribute">
<Attribute name="id_esp" id="25149957-809D-6B4C-A7B2-12FBEA0C74ED">
<createdBy>tazja</createdBy>
<createdTime>2025-09-14 17:01:55 UTC</createdTime>
<ownerDesignName>centromedico</ownerDesignName>
<engineerTo>
<item key="20D05DA7-E5D8-2E92-D25A-90B7C6D78FCE" value="true"/>
</engineerTo>
<useDomainConstraints>false</useDomainConstraints>
<use>1</use>
<logicalDatatype>LOGDT019</logicalDatatype>
<ownDataTypeParameters>,,</ownDataTypeParameters>
</Attribute>
<Attribute name="nombre_especialidad" id="122B4C74-787F-4C28-1507-A9FFC42491FD">
<createdBy>tazja</createdBy>
<createdTime>2025-09-14 17:02:40 UTC</createdTime>
<ownerDesignName>centromedico</ownerDesignName>
<engineerTo>
<item key="20D05DA7-E5D8-2E92-D25A-90B7C6D78FCE" value="true"/>
</engineerTo>
<useDomainConstraints>false</useDomainConstraints>
<use>1</use>
<logicalDatatype>LOGDT024</logicalDatatype>
<dataTypeSize>30</dataTypeSize>
<ownDataTypeParameters>30,,</ownDataTypeParameters>
</Attribute>
</attributes>
<identifiers itemClass="oracle.dbtools.crest.model.design.logical.CandidateKey">
<identifier id="A1625CBD-37B1-ED3E-E6AC-A025812E6ADD" name="ESPECIALIDAD PK">
<createdBy>tazja</createdBy>
<createdTime>2025-09-14 17:02:03 UTC</createdTime>
<ownerDesignName>centromedico</ownerDesignName>
<engineerTo>
<item key="20D05DA7-E5D8-2E92-D25A-90B7C6D78FCE" value="true"/>
</engineerTo>
<pk>true</pk>
<usedAttributes>
<attributeRef>25149957-809D-6B4C-A7B2-12FBEA0C74ED</attributeRef>
</usedAttributes>
</identifier>
<identifier id="674E0180-B13B-29E1-EBB5-97E89C586F3E" name="UK_ESPECIALIDAD_NOMBRE">
<createdBy>tazja</createdBy>
<createdTime>2025-09-14 18:43:46 UTC</createdTime>
<ownerDesignName>centromedico</ownerDesignName>
<engineerTo>
<item key="20D05DA7-E5D8-2E92-D25A-90B7C6D78FCE" value="true"/>
</engineerTo>
<newElementsIDs>122B4C74-787F-4C28-1507-A9FFC42491FD</newElementsIDs>
<usedAttributes>
<attributeRef>122B4C74-787F-4C28-1507-A9FFC42491FD</attributeRef>
</usedAttributes>
</identifier>
</identifiers>
</Entity>