<?xml version = '1.0' encoding = 'UTF-8'?>
<Entity class="oracle.dbtools.crest.model.design.logical.Entity" directorySegmentName="seg_0" id="6504C643-E49A-DB00-5811-5627D61F1606" name="ADMINISTRATIVO">
<createdBy>tazja</createdBy>
<createdTime>2025-09-14 17:16:14 UTC</createdTime>
<ownerDesignName>centromedico</ownerDesignName>
<engineerTo>
<item key="20D05DA7-E5D8-2E92-D25A-90B7C6D78FCE" value="true"/>
</engineerTo>
<adequatelyNormalized>NO</adequatelyNormalized>
<expectedVolumes>0</expectedVolumes>
<fwdEngineeringStrategyName>Single Table</fwdEngineeringStrategyName>
<growthPercent>0</growthPercent>
<growthType>Year</growthType>
<hierarchicalParent>9DF0BDFC-632C-AF91-066E-9001D584423C</hierarchicalParent>
<maxVolumes>9999999</maxVolumes>
<minVolumes>0</minVolumes>
<normalForm>Third</normalForm>
<attributes itemClass="oracle.dbtools.crest.model.design.logical.Attribute">
<Attribute name="id_administrativo" id="E03F5C78-C857-8F29-27D1-ADBA13B65345">
<createdBy>tazja</createdBy>
<createdTime>2025-09-14 17:16:29 UTC</createdTime>
<ownerDesignName>centromedico</ownerDesignName>
<engineerTo>
<item key="20D05DA7-E5D8-2E92-D25A-90B7C6D78FCE" value="true"/>
</engineerTo>
<useDomainConstraints>false</useDomainConstraints>
<use>1</use>
<logicalDatatype>LOGDT019</logicalDatatype>
<ownDataTypeParameters>,,</ownDataTypeParameters>
</Attribute>
</attributes>
<identifiers itemClass="oracle.dbtools.crest.model.design.logical.CandidateKey">
<identifier id="B04E13DB-1AB3-E1C3-0919-502E71F932DB" name="ADMINISTRATIVO PK">
<createdBy>tazja</createdBy>
<createdTime>2025-09-14 17:16:45 UTC</createdTime>
<ownerDesignName>centromedico</ownerDesignName>
<engineerTo>
<item key="20D05DA7-E5D8-2E92-D25A-90B7C6D78FCE" value="true"/>
</engineerTo>
<pk>true</pk>
<usedAttributes>
<attributeRef>E03F5C78-C857-8F29-27D1-ADBA13B65345</attributeRef>
</usedAttributes>
</identifier>
</identifiers>
</Entity>