<?xml version = '1.0' encoding = 'UTF-8'?>
<Entity class="oracle.dbtools.crest.model.design.logical.Entity" directorySegmentName="seg_0" id="8C2AFE4B-87F8-14B8-767A-ACDFE518F583" name="MEDICO">
<createdBy>tazja</createdBy>
<createdTime>2025-09-14 16:59:48 UTC</createdTime>
<ownerDesignName>centromedico</ownerDesignName>
<engineerTo>
<item key="20D05DA7-E5D8-2E92-D25A-90B7C6D78FCE" value="true"/>
</engineerTo>
<adequatelyNormalized>NO</adequatelyNormalized>
<expectedVolumes>0</expectedVolumes>
<fwdEngineeringStrategyName>Single Table</fwdEngineeringStrategyName>
<growthPercent>0</growthPercent>
<growthType>Year</growthType>
<maxVolumes>9999999</maxVolumes>
<minVolumes>0</minVolumes>
<normalForm>Third</normalForm>
<attributes itemClass="oracle.dbtools.crest.model.design.logical.Attribute">
<Attribute name="id_medico" id="52AC8CD4-DBEE-7593-E2D4-96AB1AFC8D80">
<createdBy>tazja</createdBy>
<createdTime>2025-09-14 16:59:57 UTC</createdTime>
<ownerDesignName>centromedico</ownerDesignName>
<engineerTo>
<item key="20D05DA7-E5D8-2E92-D25A-90B7C6D78FCE" value="true"/>
</engineerTo>
<useDomainConstraints>false</useDomainConstraints>
<use>1</use>
<logicalDatatype>LOGDT019</logicalDatatype>
<ownDataTypeParameters>,,</ownDataTypeParameters>
</Attribute>
<Attribute name="rut_medico" id="77FCDB8F-1F6B-100D-7EBB-AD0C899F69FC">
<createdBy>tazja</createdBy>
<createdTime>2025-09-14 17:00:25 UTC</createdTime>
<ownerDesignName>centromedico</ownerDesignName>
<engineerTo>
<item key="20D05DA7-E5D8-2E92-D25A-90B7C6D78FCE" value="true"/>
</engineerTo>
<useDomainConstraints>false</useDomainConstraints>
<use>1</use>
<logicalDatatype>LOGDT024</logicalDatatype>
<dataTypeSize>30</dataTypeSize>
<ownDataTypeParameters>30,,</ownDataTypeParameters>
</Attribute>
<Attribute name="digito" id="C4B7B89F-5647-330E-26A7-46C0CFA50F8E">
<createdBy>tazja</createdBy>
<createdTime>2025-09-14 18:38:22 UTC</createdTime>
<ownerDesignName>centromedico</ownerDesignName>
<engineerTo>
<item key="20D05DA7-E5D8-2E92-D25A-90B7C6D78FCE" value="true"/>
</engineerTo>
<constraintName>CK_MEDICO_DIGITO</constraintName>
<useDomainConstraints>false</useDomainConstraints>
<use>1</use>
<logicalDatatype>LOGDT024</logicalDatatype>
<dataTypeSize>30</dataTypeSize>
<listOfValues>
<valueDef value="&quot;1&quot;" description=""/>
<valueDef value="&quot;2&quot;" description=""/>
<valueDef value="&quot;3&quot;" description=""/>
<valueDef value="&quot;4&quot;" description=""/>
<valueDef value="&quot;5&quot;" description=""/>
<valueDef value="&quot;6&quot;" description=""/>
<valueDef value="&quot;7&quot;" description=""/>
<valueDef value="&quot;8&quot;" description=""/>
<valueDef value="&quot;9&quot;" description=""/>
<valueDef value="&quot;K&quot;" description=""/>
</listOfValues>
<ownDataTypeParameters>30,,</ownDataTypeParameters>
</Attribute>
<Attribute name="nombre_medico" id="8C624758-4A78-2805-295A-6F9B9E20B7E1">
<createdBy>tazja</createdBy>
<createdTime>2025-09-14 17:00:38 UTC</createdTime>
<ownerDesignName>centromedico</ownerDesignName>
<engineerTo>
<item key="20D05DA7-E5D8-2E92-D25A-90B7C6D78FCE" value="true"/>
</engineerTo>
<useDomainConstraints>false</useDomainConstraints>
<use>1</use>
<logicalDatatype>LOGDT024</logicalDatatype>
<dataTypeSize>30</dataTypeSize>
<ownDataTypeParameters>30,,</ownDataTypeParameters>
</Attribute>
<Attribute name="fecha_ingreso" id="C0F08EF2-5012-33DE-2290-FC9822194B43">
<createdBy>tazja</createdBy>
<createdTime>2025-09-14 17:00:52 UTC</createdTime>
<ownerDesignName>centromedico</ownerDesignName>
<engineerTo>
<item key="20D05DA7-E5D8-2E92-D25A-90B7C6D78FCE" value="true"/>
</engineerTo>
<useDomainConstraints>false</useDomainConstraints>
<use>1</use>
<logicalDatatype>LOGDT024</logicalDatatype>
<dataTypeSize>30</dataTypeSize>
<ownDataTypeParameters>30,,</ownDataTypeParameters>
</Attribute>
<Attribute name="id_centro_medico" id="E8347A5E-8A72-6DA0-216A-F47C4AC7F41E">
<createdBy>tazja</createdBy>
<createdTime>2025-09-14 17:34:53 UTC</createdTime>
<generatorID>5A45081C-5AB0-B925-AFEA-F2362E03C0EF</generatorID>
<ownerDesignName>centromedico</ownerDesignName>
<engineerTo>
<item key="20D05DA7-E5D8-2E92-D25A-90B7C6D78FCE" value="true"/>
</engineerTo>
<referedAttribute>16CA6980-C24A-E970-FCC4-DEAE68DFEF89</referedAttribute>
<useDomainConstraints>false</useDomainConstraints>
<use>1</use>
<logicalDatatype>LOGDT019</logicalDatatype>
<ownDataTypeParameters>,,</ownDataTypeParameters>
</Attribute>
<Attribute name="id_afp" id="2ADBF014-AE68-07DC-AAD7-D044C7409C20">
<createdBy>tazja</createdBy>
<createdTime>2025-09-14 17:39:23 UTC</createdTime>
<generatorID>D59C47AA-70E8-3500-D0B8-6184165833A2</generatorID>
<ownerDesignName>centromedico</ownerDesignName>
<engineerTo>
<item key="20D05DA7-E5D8-2E92-D25A-90B7C6D78FCE" value="true"/>
</engineerTo>
<referedAttribute>EA455E8C-4506-F50E-3F02-E1507D499AB0</referedAttribute>
<useDomainConstraints>false</useDomainConstraints>
<use>1</use>
<logicalDatatype>LOGDT019</logicalDatatype>
<ownDataTypeParameters>,,</ownDataTypeParameters>
</Attribute>
<Attribute name="id_salud" id="DFE9B9B6-6E5B-7026-BF6A-8F06F6938A82">
<createdBy>tazja</createdBy>
<createdTime>2025-09-14 17:40:31 UTC</createdTime>
<generatorID>E62AC60C-2F7F-1E2F-7937-00CC7159D34C</generatorID>
<ownerDesignName>centromedico</ownerDesignName>
<engineerTo>
<item key="20D05DA7-E5D8-2E92-D25A-90B7C6D78FCE" value="true"/>
</engineerTo>
<referedAttribute>8FACA84A-1D89-0F3A-BDA8-2DCCA4E3963E</referedAttribute>
<useDomainConstraints>false</useDomainConstraints>
<use>1</use>
<logicalDatatype>LOGDT019</logicalDatatype>
<ownDataTypeParameters>,,</ownDataTypeParameters>
</Attribute>
<Attribute name="id_medico1" id="EE559829-3C6C-4000-A7B1-BF44A9185C3E">
<createdBy>tazja</createdBy>
<createdTime>2025-09-14 17:41:32 UTC</createdTime>
<generatorID>B527A093-8B17-B0FC-3B22-E79A434C1932</generatorID>
<ownerDesignName>centromedico</ownerDesignName>
<engineerTo>
<item key="20D05DA7-E5D8-2E92-D25A-90B7C6D78FCE" value="true"/>
</engineerTo>
<referedAttribute>52AC8CD4-DBEE-7593-E2D4-96AB1AFC8D80</referedAttribute>
<useDomainConstraints>false</useDomainConstraints>
<use>1</use>
<logicalDatatype>LOGDT019</logicalDatatype>
<ownDataTypeParameters>,,</ownDataTypeParameters>
</Attribute>
<Attribute name="id_esp" id="65CABE2A-65C4-F737-4FE9-E6BAAC69726F">
<createdBy>tazja</createdBy>
<createdTime>2025-09-14 19:32:22 UTC</createdTime>
<generatorID>833D0092-8DF4-159C-27A4-6997575B9435</generatorID>
<ownerDesignName>centromedico</ownerDesignName>
<engineerTo>
<item key="20D05DA7-E5D8-2E92-D25A-90B7C6D78FCE" value="true"/>
</engineerTo>
<referedAttribute>25149957-809D-6B4C-A7B2-12FBEA0C74ED</referedAttribute>
<useDomainConstraints>false</useDomainConstraints>
<use>1</use>
<logicalDatatype>LOGDT019</logicalDatatype>
<ownDataTypeParameters>,,</ownDataTypeParameters>
</Attribute>
</attributes>
<identifiers itemClass="oracle.dbtools.crest.model.design.logical.CandidateKey">
<identifier id="F5046DAB-E4D2-DD70-7722-434369C4CB17" name="MEDICO PK">
<createdBy>tazja</createdBy>
<createdTime>2025-09-14 17:30:50 UTC</createdTime>
<ownerDesignName>centromedico</ownerDesignName>
<engineerTo>
<item key="20D05DA7-E5D8-2E92-D25A-90B7C6D78FCE" value="true"/>
</engineerTo>
<pk>true</pk>
<usedAttributes>
<attributeRef>52AC8CD4-DBEE-7593-E2D4-96AB1AFC8D80</attributeRef>
</usedAttributes>
</identifier>
</identifiers>
</Entity>