<?xml version = '1.0' encoding = 'UTF-8'?>
<Entity class="oracle.dbtools.crest.model.design.logical.Entity" directorySegmentName="seg_0" id="9D7D663A-65B3-8BD8-BA82-9D2B1EA93D2B" name="SEXO">
<createdBy>tazja</createdBy>
<createdTime>2025-09-14 18:19:36 UTC</createdTime>
<ownerDesignName>centromedico</ownerDesignName>
<engineerTo>
<item key="20D05DA7-E5D8-2E92-D25A-90B7C6D78FCE" value="true"/>
</engineerTo>
<adequatelyNormalized>NO</adequatelyNormalized>
<expectedVolumes>0</expectedVolumes>
<fwdEngineeringStrategyName>Single Table</fwdEngineeringStrategyName>
<growthPercent>0</growthPercent>
<growthType>Year</growthType>
<maxVolumes>9999999</maxVolumes>
<minVolumes>0</minVolumes>
<normalForm>Third</normalForm>
<attributes itemClass="oracle.dbtools.crest.model.design.logical.Attribute">
<Attribute name="id_sexo" id="6D1C78E2-DEB1-56A4-1E13-296E1553A151">
<createdBy>tazja</createdBy>
<createdTime>2025-09-14 18:19:43 UTC</createdTime>
<ownerDesignName>centromedico</ownerDesignName>
<engineerTo>
<item key="20D05DA7-E5D8-2E92-D25A-90B7C6D78FCE" value="true"/>
</engineerTo>
<useDomainConstraints>false</useDomainConstraints>
<use>1</use>
<logicalDatatype>LOGDT019</logicalDatatype>
<ownDataTypeParameters>,,</ownDataTypeParameters>
</Attribute>
<Attribute name="nombre_sexo" id="30EE30EC-1B54-9A7E-76D2-0AEF8580CF22">
<createdBy>tazja</createdBy>
<createdTime>2025-09-14 18:19:59 UTC</createdTime>
<ownerDesignName>centromedico</ownerDesignName>
<engineerTo>
<item key="20D05DA7-E5D8-2E92-D25A-90B7C6D78FCE" value="true"/>
</engineerTo>
<useDomainConstraints>false</useDomainConstraints>
<use>1</use>
<logicalDatatype>LOGDT024</logicalDatatype>
<dataTypeSize>30</dataTypeSize>
<ownDataTypeParameters>30,,</ownDataTypeParameters>
</Attribute>
</attributes>
<identifiers itemClass="oracle.dbtools.crest.model.design.logical.CandidateKey">
<identifier id="FDA64398-BA29-9EB0-0C1C-282E508C2FF9" name="SEXO PK">
<createdBy>tazja</createdBy>
<createdTime>2025-09-14 18:19:58 UTC</createdTime>
<ownerDesignName>centromedico</ownerDesignName>
<engineerTo>
<item key="20D05DA7-E5D8-2E92-D25A-90B7C6D78FCE" value="true"/>
</engineerTo>
<pk>true</pk>
<usedAttributes>
<attributeRef>6D1C78E2-DEB1-56A4-1E13-296E1553A151</attributeRef>
</usedAttributes>
</identifier>
<identifier id="EB5FAFC6-5F54-0C84-679B-FC16BE8E1FC3" name="UK_SEXO_NOMBRE">
<createdBy>tazja</createdBy>
<createdTime>2025-09-14 18:44:44 UTC</createdTime>
<ownerDesignName>centromedico</ownerDesignName>
<engineerTo>
<item key="20D05DA7-E5D8-2E92-D25A-90B7C6D78FCE" value="true"/>
</engineerTo>
<newElementsIDs>30EE30EC-1B54-9A7E-76D2-0AEF8580CF22</newElementsIDs>
<usedAttributes>
<attributeRef>30EE30EC-1B54-9A7E-76D2-0AEF8580CF22</attributeRef>
</usedAttributes>
</identifier>
</identifiers>
</Entity>