<?xml version = '1.0' encoding = 'UTF-8'?>
<Entity class="oracle.dbtools.crest.model.design.logical.Entity" directorySegmentName="seg_0" id="C189C11A-7F2A-7904-8021-FA58B81D6929" name="EXAMEN_LABORATORIO">
<createdBy>tazja</createdBy>
<createdTime>2025-09-14 17:49:06 UTC</createdTime>
<ownerDesignName>centromedico</ownerDesignName>
<engineerTo>
<item key="20D05DA7-E5D8-2E92-D25A-90B7C6D78FCE" value="true"/>
</engineerTo>
<adequatelyNormalized>NO</adequatelyNormalized>
<expectedVolumes>0</expectedVolumes>
<fwdEngineeringStrategyName>Single Table</fwdEngineeringStrategyName>
<growthPercent>0</growthPercent>
<growthType>Year</growthType>
<maxVolumes>9999999</maxVolumes>
<minVolumes>0</minVolumes>
<normalForm>Third</normalForm>
<attributes itemClass="oracle.dbtools.crest.model.design.logical.Attribute">
<Attribute name="id_examen" id="68BC6825-A9C1-3A14-1812-625B5A43024E">
<createdBy>tazja</createdBy>
<createdTime>2025-09-14 17:49:23 UTC</createdTime>
<ownerDesignName>centromedico</ownerDesignName>
<engineerTo>
<item key="20D05DA7-E5D8-2E92-D25A-90B7C6D78FCE" value="true"/>
</engineerTo>
<useDomainConstraints>false</useDomainConstraints>
<use>1</use>
<logicalDatatype>LOGDT019</logicalDatatype>
<ownDataTypeParameters>,,</ownDataTypeParameters>
</Attribute>
<Attribute name="nombre_examen" id="45BBA26B-DABF-B5FF-300E-DFB86B0CBCEE">
<createdBy>tazja</createdBy>
<createdTime>2025-09-14 17:49:34 UTC</createdTime>
<ownerDesignName>centromedico</ownerDesignName>
<engineerTo>
<item key="20D05DA7-E5D8-2E92-D25A-90B7C6D78FCE" value="true"/>
</engineerTo>
<useDomainConstraints>false</useDomainConstraints>
<use>1</use>
<logicalDatatype>LOGDT024</logicalDatatype>
<dataTypeSize>30</dataTypeSize>
<ownDataTypeParameters>30,,</ownDataTypeParameters>
</Attribute>
<Attribute name="tipo_muestra" id="BB88014C-80E5-BD02-46EC-78EF75DD693D">
<createdBy>tazja</createdBy>
<createdTime>2025-09-14 17:49:45 UTC</createdTime>
<ownerDesignName>centromedico</ownerDesignName>
<engineerTo>
<item key="20D05DA7-E5D8-2E92-D25A-90B7C6D78FCE" value="true"/>
</engineerTo>
<useDomainConstraints>false</useDomainConstraints>
<use>1</use>
<logicalDatatype>LOGDT024</logicalDatatype>
<dataTypeSize>30</dataTypeSize>
<ownDataTypeParameters>30,,</ownDataTypeParameters>
</Attribute>
<Attribute name="cond_preparacion" id="40E28A09-A8D2-E192-CD87-EC68A2969BBA">
<createdBy>tazja</createdBy>
<createdTime>2025-09-14 17:49:58 UTC</createdTime>
<ownerDesignName>centromedico</ownerDesignName>
<engineerTo>
<item key="20D05DA7-E5D8-2E92-D25A-90B7C6D78FCE" value="true"/>
</engineerTo>
<useDomainConstraints>false</useDomainConstraints>
<use>1</use>
<logicalDatatype>LOGDT024</logicalDatatype>
<dataTypeSize>30</dataTypeSize>
<ownDataTypeParameters>30,,</ownDataTypeParameters>
</Attribute>
<Attribute name="id_medico" id="A877811C-D190-739C-D481-2F9E803E4206">
<createdBy>tazja</createdBy>
<createdTime>2025-09-14 17:51:28 UTC</createdTime>
<generatorID>5F0228F9-B25A-BE69-2AD4-91A88281469F</generatorID>
<ownerDesignName>centromedico</ownerDesignName>
<engineerTo>
<item key="20D05DA7-E5D8-2E92-D25A-90B7C6D78FCE" value="true"/>
</engineerTo>
<referedAttribute>52AC8CD4-DBEE-7593-E2D4-96AB1AFC8D80</referedAttribute>
<useDomainConstraints>false</useDomainConstraints>
<use>1</use>
<logicalDatatype>LOGDT019</logicalDatatype>
<ownDataTypeParameters>,,</ownDataTypeParameters>
</Attribute>
<Attribute name="id_paciente" id="92FA8D33-8603-1267-0286-FDD17CE57429">
<createdBy>tazja</createdBy>
<createdTime>2025-09-14 17:52:13 UTC</createdTime>
<generatorID>06327FE0-5890-AB5C-0E51-EF44138EDFE5</generatorID>
<ownerDesignName>centromedico</ownerDesignName>
<engineerTo>
<item key="20D05DA7-E5D8-2E92-D25A-90B7C6D78FCE" value="true"/>
</engineerTo>
<referedAttribute>A2CD5C65-C54B-D0FD-F14A-B2F24995E445</referedAttribute>
<useDomainConstraints>false</useDomainConstraints>
<use>1</use>
<logicalDatatype>LOGDT019</logicalDatatype>
<ownDataTypeParameters>,,</ownDataTypeParameters>
</Attribute>
</attributes>
<identifiers itemClass="oracle.dbtools.crest.model.design.logical.CandidateKey">
<identifier id="802B011A-694A-CE94-3876-552DA4FBC532" name="EXAMEN_LABORATORIO PK">
<createdBy>tazja</createdBy>
<createdTime>2025-09-14 17:49:32 UTC</createdTime>
<ownerDesignName>centromedico</ownerDesignName>
<engineerTo>
<item key="20D05DA7-E5D8-2E92-D25A-90B7C6D78FCE" value="true"/>
</engineerTo>
<pk>true</pk>
<usedAttributes>
<attributeRef>68BC6825-A9C1-3A14-1812-625B5A43024E</attributeRef>
</usedAttributes>
</identifier>
<identifier id="77B3C62B-A836-18F1-2D78-A5210297AB02" name="UK_EXAMEN_LAB_NOMBRE">
<createdBy>tazja</createdBy>
<createdTime>2025-09-14 18:47:13 UTC</createdTime>
<ownerDesignName>centromedico</ownerDesignName>
<engineerTo>
<item key="20D05DA7-E5D8-2E92-D25A-90B7C6D78FCE" value="true"/>
</engineerTo>
<newElementsIDs>45BBA26B-DABF-B5FF-300E-DFB86B0CBCEE</newElementsIDs>
<usedAttributes>
<attributeRef>45BBA26B-DABF-B5FF-300E-DFB86B0CBCEE</attributeRef>
</usedAttributes>
</identifier>
</identifiers>
</Entity>