<?xml version = '1.0' encoding = 'UTF-8'?>
<Entity class="oracle.dbtools.crest.model.design.logical.Entity" directorySegmentName="seg_0" id="C910268A-4B8B-378C-D903-47752156CEA1" name="AFP">
<createdBy>tazja</createdBy>
<createdTime>2025-09-14 17:38:49 UTC</createdTime>
<ownerDesignName>centromedico</ownerDesignName>
<engineerTo>
<item key="20D05DA7-E5D8-2E92-D25A-90B7C6D78FCE" value="true"/>
</engineerTo>
<adequatelyNormalized>NO</adequatelyNormalized>
<expectedVolumes>0</expectedVolumes>
<fwdEngineeringStrategyName>Single Table</fwdEngineeringStrategyName>
<growthPercent>0</growthPercent>
<growthType>Year</growthType>
<maxVolumes>9999999</maxVolumes>
<minVolumes>0</minVolumes>
<normalForm>Third</normalForm>
<attributes itemClass="oracle.dbtools.crest.model.design.logical.Attribute">
<Attribute name="id_afp" id="EA455E8C-4506-F50E-3F02-E1507D499AB0">
<createdBy>tazja</createdBy>
<createdTime>2025-09-14 17:38:57 UTC</createdTime>
<ownerDesignName>centromedico</ownerDesignName>
<engineerTo>
<item key="20D05DA7-E5D8-2E92-D25A-90B7C6D78FCE" value="true"/>
</engineerTo>
<useDomainConstraints>false</useDomainConstraints>
<use>1</use>
<logicalDatatype>LOGDT019</logicalDatatype>
<ownDataTypeParameters>,,</ownDataTypeParameters>
</Attribute>
<Attribute name="nombre_afp" id="1608A991-A17D-A5F1-1AA2-B081D73D3AEF">
<createdBy>tazja</createdBy>
<createdTime>2025-09-14 17:39:07 UTC</createdTime>
<ownerDesignName>centromedico</ownerDesignName>
<engineerTo>
<item key="20D05DA7-E5D8-2E92-D25A-90B7C6D78FCE" value="true"/>
</engineerTo>
<useDomainConstraints>false</useDomainConstraints>
<use>1</use>
<logicalDatatype>LOGDT024</logicalDatatype>
<dataTypeSize>30</dataTypeSize>
<ownDataTypeParameters>30,,</ownDataTypeParameters>
</Attribute>
</attributes>
<identifiers itemClass="oracle.dbtools.crest.model.design.logical.CandidateKey">
<identifier id="023882B3-4FA9-DC79-D334-D1AFBB5A9671" name="AFP PK">
<createdBy>tazja</createdBy>
<createdTime>2025-09-14 17:39:06 UTC</createdTime>
<ownerDesignName>centromedico</ownerDesignName>
<engineerTo>
<item key="20D05DA7-E5D8-2E92-D25A-90B7C6D78FCE" value="true"/>
</engineerTo>
<pk>true</pk>
<usedAttributes>
<attributeRef>EA455E8C-4506-F50E-3F02-E1507D499AB0</attributeRef>
</usedAttributes>
</identifier>
<identifier id="98EA5C15-ECAB-1E2E-8C04-C6FAFFED81C6" name="UK_AFP_NOMBRE">
<createdBy>tazja</createdBy>
<createdTime>2025-09-14 18:39:48 UTC</createdTime>
<ownerDesignName>centromedico</ownerDesignName>
<engineerTo>
<item key="20D05DA7-E5D8-2E92-D25A-90B7C6D78FCE" value="true"/>
</engineerTo>
<newElementsIDs>1608A991-A17D-A5F1-1AA2-B081D73D3AEF</newElementsIDs>
<usedAttributes>
<attributeRef>1608A991-A17D-A5F1-1AA2-B081D73D3AEF</attributeRef>
</usedAttributes>
</identifier>
</identifiers>
</Entity>