<?xml version = '1.0' encoding = 'UTF-8'?>
<Entity class="oracle.dbtools.crest.model.design.logical.Entity" directorySegmentName="seg_0" id="F4D805B9-31A5-C4D2-5CEF-769CE2DEE27F" name="COMUNA">
<createdBy>tazja</createdBy>
<createdTime>2025-09-14 17:43:53 UTC</createdTime>
<ownerDesignName>centromedico</ownerDesignName>
<engineerTo>
<item key="20D05DA7-E5D8-2E92-D25A-90B7C6D78FCE" value="true"/>
</engineerTo>
<adequatelyNormalized>NO</adequatelyNormalized>
<expectedVolumes>0</expectedVolumes>
<fwdEngineeringStrategyName>Single Table</fwdEngineeringStrategyName>
<growthPercent>0</growthPercent>
<growthType>Year</growthType>
<maxVolumes>9999999</maxVolumes>
<minVolumes>0</minVolumes>
<normalForm>Third</normalForm>
<attributes itemClass="oracle.dbtools.crest.model.design.logical.Attribute">
<Attribute name="id_comuna" id="58EFC8DE-535E-F66E-8BA8-7E428936AD97">
<createdBy>tazja</createdBy>
<createdTime>2025-09-14 17:44:01 UTC</createdTime>
<ownerDesignName>centromedico</ownerDesignName>
<engineerTo>
<item key="20D05DA7-E5D8-2E92-D25A-90B7C6D78FCE" value="true"/>
</engineerTo>
<useDomainConstraints>false</useDomainConstraints>
<use>1</use>
<logicalDatatype>LOGDT019</logicalDatatype>
<ownDataTypeParameters>,,</ownDataTypeParameters>
</Attribute>
<Attribute name="nombre_comuna" id="2A5C6FCE-AC7E-3F71-6987-B92A0D5CB3B6">
<createdBy>tazja</createdBy>
<createdTime>2025-09-14 17:44:15 UTC</createdTime>
<ownerDesignName>centromedico</ownerDesignName>
<engineerTo>
<item key="20D05DA7-E5D8-2E92-D25A-90B7C6D78FCE" value="true"/>
</engineerTo>
<useDomainConstraints>false</useDomainConstraints>
<use>1</use>
<logicalDatatype>LOGDT024</logicalDatatype>
<dataTypeSize>30</dataTypeSize>
<ownDataTypeParameters>30,,</ownDataTypeParameters>
</Attribute>
<Attribute name="id_region" id="98FD518F-3B82-6604-E519-632383B8C5A0">
<createdBy>tazja</createdBy>
<createdTime>2025-09-14 17:45:12 UTC</createdTime>
<generatorID>C42F1562-46C9-D24E-814F-08A2A42D74A6</generatorID>
<ownerDesignName>centromedico</ownerDesignName>
<engineerTo>
<item key="20D05DA7-E5D8-2E92-D25A-90B7C6D78FCE" value="true"/>
</engineerTo>
<referedAttribute>4EA85BD8-5E4F-BC91-D1D1-EDCB5337175E</referedAttribute>
<useDomainConstraints>false</useDomainConstraints>
<use>1</use>
<logicalDatatype>LOGDT019</logicalDatatype>
<ownDataTypeParameters>,,</ownDataTypeParameters>
</Attribute>
</attributes>
<identifiers itemClass="oracle.dbtools.crest.model.design.logical.CandidateKey">
<identifier id="C87731B4-06CD-9E3C-C21E-E035674A5304" name="COMUNA PK">
<createdBy>tazja</createdBy>
<createdTime>2025-09-14 17:44:14 UTC</createdTime>
<ownerDesignName>centromedico</ownerDesignName>
<engineerTo>
<item key="20D05DA7-E5D8-2E92-D25A-90B7C6D78FCE" value="true"/>
</engineerTo>
<pk>true</pk>
<usedAttributes>
<attributeRef>58EFC8DE-535E-F66E-8BA8-7E428936AD97</attributeRef>
</usedAttributes>
</identifier>
<identifier id="26035D4A-8CB7-0ED2-DCAF-F0902EFC83A5" name="UK_COMUNA_NOMBRE">
<createdBy>tazja</createdBy>
<createdTime>2025-09-14 18:45:05 UTC</createdTime>
<ownerDesignName>centromedico</ownerDesignName>
<engineerTo>
<item key="20D05DA7-E5D8-2E92-D25A-90B7C6D78FCE" value="true"/>
</engineerTo>
<newElementsIDs>2A5C6FCE-AC7E-3F71-6987-B92A0D5CB3B6</newElementsIDs>
<usedAttributes>
<attributeRef>2A5C6FCE-AC7E-3F71-6987-B92A0D5CB3B6</attributeRef>
</usedAttributes>
</identifier>
</identifiers>
</Entity>