<?xml version = '1.0' encoding = 'UTF-8'?>
<Entity class="oracle.dbtools.crest.model.design.logical.Entity" directorySegmentName="seg_0" id="F550D2C9-6FB3-C9A4-47E6-9C9037A938D8" name="EFECTIVO">
<createdBy>tazja</createdBy>
<createdTime>2025-09-14 18:23:58 UTC</createdTime>
<ownerDesignName>centromedico</ownerDesignName>
<engineerTo>
<item key="20D05DA7-E5D8-2E92-D25A-90B7C6D78FCE" value="true"/>
</engineerTo>
<adequatelyNormalized>NO</adequatelyNormalized>
<expectedVolumes>0</expectedVolumes>
<fwdEngineeringStrategyName>Single Table</fwdEngineeringStrategyName>
<growthPercent>0</growthPercent>
<growthType>Year</growthType>
<hierarchicalParent>226EA02B-8525-24CB-5F50-C2919FCE0393</hierarchicalParent>
<maxVolumes>9999999</maxVolumes>
<minVolumes>0</minVolumes>
<normalForm>Third</normalForm>
<attributes itemClass="oracle.dbtools.crest.model.design.logical.Attribute">
<Attribute name="id_efectivo" id="7AEE0EF8-2E0C-F523-A309-BFD33911BD3D">
<createdBy>tazja</createdBy>
<createdTime>2025-09-14 18:24:08 UTC</createdTime>
<ownerDesignName>centromedico</ownerDesignName>
<engineerTo>
<item key="20D05DA7-E5D8-2E92-D25A-90B7C6D78FCE" value="true"/>
</engineerTo>
<useDomainConstraints>false</useDomainConstraints>
<use>1</use>
<logicalDatatype>LOGDT019</logicalDatatype>
<ownDataTypeParameters>,,</ownDataTypeParameters>
</Attribute>
</attributes>
<identifiers itemClass="oracle.dbtools.crest.model.design.logical.CandidateKey">
<identifier id="D1957DA1-9AC3-4CF7-709D-83BD45C849D9" name="EFECTIVO PK">
<createdBy>tazja</createdBy>
<createdTime>2025-09-14 18:24:19 UTC</createdTime>
<ownerDesignName>centromedico</ownerDesignName>
<engineerTo>
<item key="20D05DA7-E5D8-2E92-D25A-90B7C6D78FCE" value="true"/>
</engineerTo>
<pk>true</pk>
<usedAttributes>
<attributeRef>7AEE0EF8-2E0C-F523-A309-BFD33911BD3D</attributeRef>
</usedAttributes>
</identifier>
</identifiers>
</Entity>