<?xml version = '1.0' encoding = 'UTF-8'?>
<Table class="oracle.dbtools.crest.model.design.relational.Table" directorySegmentName="seg_0" id="584225A6-489E-3962-03F4-2C761DF3AB36" name="O_MANTEN_MAQ">
<createdBy>tazja</createdBy>
<createdTime>2025-10-12 16:38:39 UTC</createdTime>
<generatorID>5C08034A-0ADF-FBFF-225D-5E0883BDC2FF</generatorID>
<ownerDesignName>eft_s9</ownerDesignName>
<allowColumnReorder>false</allowColumnReorder>
<existDependencyGenerateInDDl>true</existDependencyGenerateInDDl>
<parsed>true</parsed>
<columns itemClass="oracle.dbtools.crest.model.design.relational.Column">
<Column name="id_orden" id="42B3EC00-949E-6F59-B212-A4078D77E396">
<createdBy>tazja</createdBy>
<createdTime>2025-10-12 16:38:39 UTC</createdTime>
<generatorID>44FF8416-061C-9C36-F6D5-5B5D5C4AC324</generatorID>
<ownerDesignName>eft_s9</ownerDesignName>
<useDomainConstraints>false</useDomainConstraints>
<use>1</use>
<logicalDatatype>LOGDT019</logicalDatatype>
<dataTypePrecision>10</dataTypePrecision>
<ownDataTypeParameters>,10,</ownDataTypeParameters>
<autoIncrementCycle>false</autoIncrementCycle>
</Column>
<Column name="fecha_programada" id="D2A03B25-6BD0-BBBD-0F17-79D9692115C1">
<createdBy>tazja</createdBy>
<createdTime>2025-10-12 16:38:39 UTC</createdTime>
<generatorID>94254428-FA4A-777F-F89A-AA2AAFB8117B</generatorID>
<ownerDesignName>eft_s9</ownerDesignName>
<useDomainConstraints>false</useDomainConstraints>
<use>1</use>
<logicalDatatype>LOGDT007</logicalDatatype>
<ownDataTypeParameters>,,</ownDataTypeParameters>
<autoIncrementCycle>false</autoIncrementCycle>
</Column>
<Column name="fecha_ejecucion" id="1EEDABAA-5322-EA67-BFA2-B62B62319B98">
<createdBy>tazja</createdBy>
<createdTime>2025-10-12 16:38:39 UTC</createdTime>
<generatorID>B093C28E-267F-D02E-D9AF-4738D6FCAAFF</generatorID>
<ownerDesignName>eft_s9</ownerDesignName>
<nullsAllowed>true</nullsAllowed>
<useDomainConstraints>false</useDomainConstraints>
<use>1</use>
<logicalDatatype>LOGDT007</logicalDatatype>
<ownDataTypeParameters>,,</ownDataTypeParameters>
<autoIncrementCycle>false</autoIncrementCycle>
</Column>
<Column name="descripcion" id="3D1DCCAF-8ADD-D5BA-C981-AD98AF0084D6">
<createdBy>tazja</createdBy>
<createdTime>2025-10-12 16:38:39 UTC</createdTime>
<generatorID>D73DF731-585C-420F-BE57-CCBB3BBCAB88</generatorID>
<ownerDesignName>eft_s9</ownerDesignName>
<useDomainConstraints>false</useDomainConstraints>
<use>1</use>
<logicalDatatype>LOGDT024</logicalDatatype>
<dataTypeSize>100</dataTypeSize>
<ownDataTypeParameters>100,,</ownDataTypeParameters>
<autoIncrementCycle>false</autoIncrementCycle>
</Column>
<Column name="MAQUINA_id_maquina" id="A8990209-A6D7-A8A5-E6B1-7B50A21C3E2C">
<createdBy>tazja</createdBy>
<createdTime>2025-10-12 16:38:39 UTC</createdTime>
<generatorID>A8F43007-A369-E710-249E-CE0E806064A1</generatorID>
<ownerDesignName>eft_s9</ownerDesignName>
<useDomainConstraints>false</useDomainConstraints>
<use>1</use>
<logicalDatatype>LOGDT019</logicalDatatype>
<dataTypePrecision>10</dataTypePrecision>
<ownDataTypeParameters>,,</ownDataTypeParameters>
<previousColumn>false</previousColumn>
<autoIncrementCycle>false</autoIncrementCycle>
<associations>
<colAssociation fkAssociation="57A658E4-A403-9744-D716-6A0DB6BBC68A" referredColumn="E7090452-3409-02C4-7E71-BC5F28DA13E9"/>
</associations>
</Column>
<Column name="MAQUINA_PLANTA_id_planta" id="63DAE449-C7A2-A2B3-2745-8CA00E7327E3">
<createdBy>tazja</createdBy>
<createdTime>2025-10-12 16:38:39 UTC</createdTime>
<generatorID>D6C60FC3-7F3D-EE00-F19E-98ABD00CEB00</generatorID>
<ownerDesignName>eft_s9</ownerDesignName>
<useDomainConstraints>false</useDomainConstraints>
<use>1</use>
<logicalDatatype>LOGDT019</logicalDatatype>
<dataTypePrecision>10</dataTypePrecision>
<ownDataTypeParameters>,,</ownDataTypeParameters>
<previousColumn>false</previousColumn>
<autoIncrementCycle>false</autoIncrementCycle>
<associations>
<colAssociation fkAssociation="57A658E4-A403-9744-D716-6A0DB6BBC68A" referredColumn="AAA1E5D5-C007-31C2-760D-821D56B1E82E"/>
</associations>
</Column>
<Column name="PERSONAL_id_personal" id="B7E9CC35-8CCA-026F-AF84-C68770EE960F">
<createdBy>tazja</createdBy>
<createdTime>2025-10-12 16:38:39 UTC</createdTime>
<generatorID>70B83CC3-F2F7-BE63-25FC-1B54DB62909E</generatorID>
<ownerDesignName>eft_s9</ownerDesignName>
<useDomainConstraints>false</useDomainConstraints>
<use>1</use>
<logicalDatatype>LOGDT019</logicalDatatype>
<dataTypePrecision>10</dataTypePrecision>
<ownDataTypeParameters>,,</ownDataTypeParameters>
<previousColumn>false</previousColumn>
<autoIncrementCycle>false</autoIncrementCycle>
<associations>
<colAssociation fkAssociation="8042D4BA-095E-E4A8-5036-3108B531145F" referredColumn="2CFB7FE5-1B7F-2BD5-DF1B-E6B040C22A80"/>
</associations>
</Column>
</columns>
<indexes itemClass="oracle.dbtools.crest.model.design.relational.Index">
<ind_PK_UK id="86904784-10E5-5EC4-1A23-1AF3020A9576" name="O_MANTEN_MAQ_PK">
<createdBy>tazja</createdBy>
<createdTime>2025-10-12 16:38:39 UTC</createdTime>
<generatorID>969C2904-2CC9-8E1D-2582-1B20824DF931</generatorID>
<ownerDesignName>eft_s9</ownerDesignName>
<pk>true</pk>
<indexState>Primary Constraint</indexState>
<isSurrogateKey>false</isSurrogateKey>
<indexColumnUsage>
<colUsage columnID="42B3EC00-949E-6F59-B212-A4078D77E396"/>
</indexColumnUsage>
</ind_PK_UK>
<ind_PK_UK id="83FD03D3-707B-7BB5-D270-E3612AEF9322" name="O_MANTEN_MAQ_MAQUINA_FK">
<createdBy>tazja</createdBy>
<createdTime>2025-10-12 16:38:39 UTC</createdTime>
<generatorID>A3F547B0-17DE-8B71-E394-0131472C522F</generatorID>
<ownerDesignName>eft_s9</ownerDesignName>
<indexState>Foreign Key</indexState>
<isSurrogateKey>false</isSurrogateKey>
<indexColumnUsage>
<colUsage columnID="A8990209-A6D7-A8A5-E6B1-7B50A21C3E2C"/>
<colUsage columnID="63DAE449-C7A2-A2B3-2745-8CA00E7327E3"/>
</indexColumnUsage>
</ind_PK_UK>
<ind_PK_UK id="56E863CF-E691-61ED-64F3-50437B57BE0F" name="O_MANTEN_MAQ_PERSONAL_FK">
<createdBy>tazja</createdBy>
<createdTime>2025-10-12 16:38:39 UTC</createdTime>
<generatorID>E29D0775-D733-73DA-4EC6-212306881338</generatorID>
<ownerDesignName>eft_s9</ownerDesignName>
<indexState>Foreign Key</indexState>
<isSurrogateKey>false</isSurrogateKey>
<indexColumnUsage>
<colUsage columnID="B7E9CC35-8CCA-026F-AF84-C68770EE960F"/>
</indexColumnUsage>
</ind_PK_UK>
</indexes>
</Table>