<?xml version = '1.0' encoding = 'UTF-8'?>
<Table class="oracle.dbtools.crest.model.design.relational.Table" directorySegmentName="seg_0" id="5FF8C444-A49A-94A5-6E05-3A0422D98B32" name="SALUD">
<createdBy>tazja</createdBy>
<createdTime>2025-10-12 16:38:39 UTC</createdTime>
<generatorID>3EEC8352-52E6-7DE5-2C71-9A00D199A2D1</generatorID>
<ownerDesignName>eft_s9</ownerDesignName>
<allowColumnReorder>false</allowColumnReorder>
<existDependencyGenerateInDDl>true</existDependencyGenerateInDDl>
<parsed>true</parsed>
<columns itemClass="oracle.dbtools.crest.model.design.relational.Column">
<Column name="id_salud" id="465A5F8D-BD18-05F3-9532-CFF0353C1DFF">
<createdBy>tazja</createdBy>
<createdTime>2025-10-12 16:38:39 UTC</createdTime>
<generatorID>9A5CC531-989F-0665-CB63-A8B7E2C368BF</generatorID>
<ownerDesignName>eft_s9</ownerDesignName>
<useDomainConstraints>false</useDomainConstraints>
<use>1</use>
<logicalDatatype>LOGDT019</logicalDatatype>
<dataTypePrecision>10</dataTypePrecision>
<ownDataTypeParameters>,10,</ownDataTypeParameters>
<autoIncrementCycle>false</autoIncrementCycle>
</Column>
<Column name="nombre" id="397599D9-02B6-959F-7158-82043B79D647">
<createdBy>tazja</createdBy>
<createdTime>2025-10-12 16:38:39 UTC</createdTime>
<generatorID>B6248342-7FBF-F1DF-A2AA-D1DF0F6B4E1E</generatorID>
<ownerDesignName>eft_s9</ownerDesignName>
<useDomainConstraints>false</useDomainConstraints>
<use>1</use>
<logicalDatatype>LOGDT024</logicalDatatype>
<dataTypeSize>100</dataTypeSize>
<ownDataTypeParameters>100,,</ownDataTypeParameters>
<autoIncrementCycle>false</autoIncrementCycle>
</Column>
</columns>
<indexes itemClass="oracle.dbtools.crest.model.design.relational.Index">
<ind_PK_UK id="C52B6CB3-3E11-C237-BDDB-569C6B89FAB4" name="SALUD_PK">
<createdBy>tazja</createdBy>
<createdTime>2025-10-12 16:38:39 UTC</createdTime>
<generatorID>9690E23B-B1B9-47FD-4271-019C270819AE</generatorID>
<ownerDesignName>eft_s9</ownerDesignName>
<pk>true</pk>
<indexState>Primary Constraint</indexState>
<isSurrogateKey>false</isSurrogateKey>
<indexColumnUsage>
<colUsage columnID="465A5F8D-BD18-05F3-9532-CFF0353C1DFF"/>
</indexColumnUsage>
</ind_PK_UK>
</indexes>
</Table>