<?xml version = '1.0' encoding = 'UTF-8'?>
<Table class="oracle.dbtools.crest.model.design.relational.Table" directorySegmentName="seg_0" id="A14B69B0-65B0-DE86-772D-BFEC698731A6" name="OPERARIO">
<createdBy>tazja</createdBy>
<createdTime>2025-10-12 16:38:39 UTC</createdTime>
<generatorID>B7675D55-E6F0-D03B-4995-1C230A5AE03E</generatorID>
<ownerDesignName>eft_s9</ownerDesignName>
<allowColumnReorder>false</allowColumnReorder>
<existDependencyGenerateInDDl>true</existDependencyGenerateInDDl>
<parsed>true</parsed>
<columns itemClass="oracle.dbtools.crest.model.design.relational.Column">
<Column name="PERSONAL_id_personal" id="6DA5BC84-F5B4-321D-26D5-DED61BFBF642">
<createdBy>tazja</createdBy>
<createdTime>2025-10-12 16:38:39 UTC</createdTime>
<generatorID>552972F2-3130-AF76-97F7-C4F20CB33509</generatorID>
<ownerDesignName>eft_s9</ownerDesignName>
<useDomainConstraints>false</useDomainConstraints>
<use>1</use>
<logicalDatatype>LOGDT019</logicalDatatype>
<dataTypePrecision>10</dataTypePrecision>
<ownDataTypeParameters>,,</ownDataTypeParameters>
<previousColumn>false</previousColumn>
<autoIncrementCycle>false</autoIncrementCycle>
<associations>
<colAssociation fkAssociation="E4FFD2CF-1FF0-4F45-8430-5D4E4BA4EC3E" referredColumn="2CFB7FE5-1B7F-2BD5-DF1B-E6B040C22A80"/>
</associations>
</Column>
<Column name="certificacion" id="16713C6C-217D-9EFE-C5DB-8706D570DA61">
<createdBy>tazja</createdBy>
<createdTime>2025-10-12 16:38:39 UTC</createdTime>
<generatorID>A04B9128-2567-DDBC-AA1B-533DDF7BB26E</generatorID>
<ownerDesignName>eft_s9</ownerDesignName>
<nullsAllowed>true</nullsAllowed>
<useDomainConstraints>false</useDomainConstraints>
<use>1</use>
<logicalDatatype>LOGDT024</logicalDatatype>
<dataTypeSize>100</dataTypeSize>
<ownDataTypeParameters>100,,</ownDataTypeParameters>
<autoIncrementCycle>false</autoIncrementCycle>
</Column>
<Column name="hora_por_turno" id="1540A538-95C1-EE28-5B3A-92A0D4046C4D">
<createdBy>tazja</createdBy>
<createdTime>2025-10-12 16:38:39 UTC</createdTime>
<generatorID>CD9939E1-371D-CB2F-C94F-3DE71DCF49B8</generatorID>
<ownerDesignName>eft_s9</ownerDesignName>
<constraintName>ck_operario</constraintName>
<useDomainConstraints>false</useDomainConstraints>
<use>1</use>
<logicalDatatype>LOGDT019</logicalDatatype>
<dataTypePrecision>10</dataTypePrecision>
<defaultValue>8</defaultValue>
<ownDataTypeParameters>,10,</ownDataTypeParameters>
<autoIncrementCycle>false</autoIncrementCycle>
</Column>
<Column name="CAT_PROCESO_id_categoria" id="E823B058-E5A4-18D8-3DE0-5F79CF0E3011">
<createdBy>tazja</createdBy>
<createdTime>2025-10-12 16:38:39 UTC</createdTime>
<generatorID>43CE3B32-14C6-BA5F-095A-52232543AE3B</generatorID>
<ownerDesignName>eft_s9</ownerDesignName>
<useDomainConstraints>false</useDomainConstraints>
<use>1</use>
<logicalDatatype>LOGDT019</logicalDatatype>
<dataTypePrecision>10</dataTypePrecision>
<ownDataTypeParameters>,,</ownDataTypeParameters>
<previousColumn>false</previousColumn>
<autoIncrementCycle>false</autoIncrementCycle>
<associations>
<colAssociation fkAssociation="425373A6-80BB-2C84-9544-227A2B732960" referredColumn="0DC96A2D-11EE-CBF5-108A-645D693EA108"/>
</associations>
</Column>
</columns>
<indexes itemClass="oracle.dbtools.crest.model.design.relational.Index">
<ind_PK_UK id="9CD034B8-1D3D-2A5D-564B-ECB020620194" name="OPERARIO_CAT_PROCESO_FK">
<createdBy>tazja</createdBy>
<createdTime>2025-10-12 16:38:39 UTC</createdTime>
<generatorID>02DC0F52-849B-4744-201F-450644C9BB57</generatorID>
<ownerDesignName>eft_s9</ownerDesignName>
<indexState>Foreign Key</indexState>
<isSurrogateKey>false</isSurrogateKey>
<indexColumnUsage>
<colUsage columnID="E823B058-E5A4-18D8-3DE0-5F79CF0E3011"/>
</indexColumnUsage>
</ind_PK_UK>
<ind_PK_UK id="8AC91769-55D7-7497-0C2C-5219A6DA4382" name="OPERARIO_PERSONAL_FK">
<createdBy>tazja</createdBy>
<createdTime>2025-10-12 16:38:39 UTC</createdTime>
<generatorID>17FF552D-6418-1B64-D19B-F2DFA826712F</generatorID>
<ownerDesignName>eft_s9</ownerDesignName>
<indexState>Foreign Key</indexState>
<isSurrogateKey>false</isSurrogateKey>
<indexColumnUsage>
<colUsage columnID="6DA5BC84-F5B4-321D-26D5-DED61BFBF642"/>
</indexColumnUsage>
</ind_PK_UK>
</indexes>
</Table>