<?xml version = '1.0' encoding = 'UTF-8'?>
<Table class="oracle.dbtools.crest.model.design.relational.Table" directorySegmentName="seg_0" id="A8CE7640-57FB-17EB-37E2-806821C89EFB" name="MAQUINA">
<createdBy>tazja</createdBy>
<createdTime>2025-10-12 16:38:39 UTC</createdTime>
<generatorID>65C6EB20-F9CD-E848-734A-31CDBD5792D6</generatorID>
<ownerDesignName>eft_s9</ownerDesignName>
<allowColumnReorder>false</allowColumnReorder>
<existDependencyGenerateInDDl>true</existDependencyGenerateInDDl>
<parsed>true</parsed>
<columns itemClass="oracle.dbtools.crest.model.design.relational.Column">
<Column name="id_maquina" id="E7090452-3409-02C4-7E71-BC5F28DA13E9">
<createdBy>tazja</createdBy>
<createdTime>2025-10-12 16:38:39 UTC</createdTime>
<generatorID>30A249C0-C85D-C047-C7A4-7FBBE7226470</generatorID>
<ownerDesignName>eft_s9</ownerDesignName>
<useDomainConstraints>false</useDomainConstraints>
<use>1</use>
<logicalDatatype>LOGDT019</logicalDatatype>
<dataTypePrecision>10</dataTypePrecision>
<ownDataTypeParameters>,10,</ownDataTypeParameters>
<autoIncrementCycle>false</autoIncrementCycle>
</Column>
<Column name="nombre" id="98D9BD7E-4EBD-872F-7861-13AC98FA9A09">
<createdBy>tazja</createdBy>
<createdTime>2025-10-12 16:38:39 UTC</createdTime>
<generatorID>F75949D2-1135-3EB8-7373-94D23D2863C3</generatorID>
<ownerDesignName>eft_s9</ownerDesignName>
<useDomainConstraints>false</useDomainConstraints>
<use>1</use>
<logicalDatatype>LOGDT024</logicalDatatype>
<dataTypeSize>100</dataTypeSize>
<ownDataTypeParameters>100,,</ownDataTypeParameters>
<autoIncrementCycle>false</autoIncrementCycle>
</Column>
<Column name="estado_activo" id="8C29F6D8-2C1C-C0FE-5CB9-BCE0D37D0FA6">
<createdBy>tazja</createdBy>
<createdTime>2025-10-12 16:38:39 UTC</createdTime>
<generatorID>2568AAE8-A03D-460E-0680-CAF7C5109311</generatorID>
<ownerDesignName>eft_s9</ownerDesignName>
<useDomainConstraints>false</useDomainConstraints>
<use>1</use>
<logicalDatatype>LOGDT025</logicalDatatype>
<dataTypeSize>1</dataTypeSize>
<ownDataTypeParameters>1,,</ownDataTypeParameters>
<autoIncrementCycle>false</autoIncrementCycle>
</Column>
<Column name="PLANTA_id_planta" id="AAA1E5D5-C007-31C2-760D-821D56B1E82E">
<createdBy>tazja</createdBy>
<createdTime>2025-10-12 16:38:39 UTC</createdTime>
<generatorID>5EC99DE9-2A96-1DA2-F0DE-556394AC0588</generatorID>
<ownerDesignName>eft_s9</ownerDesignName>
<useDomainConstraints>false</useDomainConstraints>
<use>1</use>
<logicalDatatype>LOGDT019</logicalDatatype>
<dataTypePrecision>10</dataTypePrecision>
<ownDataTypeParameters>,,</ownDataTypeParameters>
<previousColumn>false</previousColumn>
<autoIncrementCycle>false</autoIncrementCycle>
<associations>
<colAssociation fkAssociation="8ECD6CB7-F106-9FB7-E95A-AB96EBE3FD5A" referredColumn="D3B008F1-0AAB-D9AD-8293-88941AD7C660"/>
</associations>
</Column>
<Column name="T_MAQUINA_id_tipo" id="E41C6FA2-587A-604C-55B6-59AE8317EB9F">
<createdBy>tazja</createdBy>
<createdTime>2025-10-12 16:38:39 UTC</createdTime>
<generatorID>D43E0AE0-741E-8EEF-A105-FCAB55B3D1B3</generatorID>
<ownerDesignName>eft_s9</ownerDesignName>
<useDomainConstraints>false</useDomainConstraints>
<use>1</use>
<logicalDatatype>LOGDT019</logicalDatatype>
<dataTypePrecision>10</dataTypePrecision>
<ownDataTypeParameters>,,</ownDataTypeParameters>
<previousColumn>false</previousColumn>
<autoIncrementCycle>false</autoIncrementCycle>
<associations>
<colAssociation fkAssociation="14526F2F-3F99-BD0F-AF87-93AF22FF6159" referredColumn="14AA6121-F5F6-7133-BCD0-547D7E3DB479"/>
</associations>
</Column>
</columns>
<indexes itemClass="oracle.dbtools.crest.model.design.relational.Index">
<ind_PK_UK id="81C28F67-0A49-28C0-9B08-00D68DC4A20E" name="MAQUINA_PK">
<createdBy>tazja</createdBy>
<createdTime>2025-10-12 16:38:39 UTC</createdTime>
<generatorID>11BB764D-F462-70A2-86F9-48592E62A831</generatorID>
<ownerDesignName>eft_s9</ownerDesignName>
<pk>true</pk>
<indexState>Primary Constraint</indexState>
<isSurrogateKey>false</isSurrogateKey>
<indexColumnUsage>
<colUsage columnID="E7090452-3409-02C4-7E71-BC5F28DA13E9"/>
<colUsage columnID="AAA1E5D5-C007-31C2-760D-821D56B1E82E"/>
</indexColumnUsage>
</ind_PK_UK>
<ind_PK_UK id="99618867-A45C-A185-1D78-B4E6101327AC" name="MAQUINA_PLANTA_FK">
<createdBy>tazja</createdBy>
<createdTime>2025-10-12 16:38:39 UTC</createdTime>
<generatorID>71E6E11A-8DCA-0F3E-C6E5-F4F7455F19BF</generatorID>
<ownerDesignName>eft_s9</ownerDesignName>
<indexState>Foreign Key</indexState>
<isSurrogateKey>false</isSurrogateKey>
<indexColumnUsage>
<colUsage columnID="AAA1E5D5-C007-31C2-760D-821D56B1E82E"/>
</indexColumnUsage>
</ind_PK_UK>
<ind_PK_UK id="0D03EAA1-53A0-1667-CB62-116ECA6CE253" name="MAQUINA_T_MAQUINA_FK">
<createdBy>tazja</createdBy>
<createdTime>2025-10-12 16:38:39 UTC</createdTime>
<generatorID>1910B86D-F2DC-F8BC-2A6F-612857D9CADF</generatorID>
<ownerDesignName>eft_s9</ownerDesignName>
<indexState>Foreign Key</indexState>
<isSurrogateKey>false</isSurrogateKey>
<indexColumnUsage>
<colUsage columnID="E41C6FA2-587A-604C-55B6-59AE8317EB9F"/>
</indexColumnUsage>
</ind_PK_UK>
</indexes>
</Table>