<?xml version = '1.0' encoding = 'UTF-8'?>
<Table class="oracle.dbtools.crest.model.design.relational.Table" directorySegmentName="seg_0" id="C37E0CFC-4403-D0F8-A2AD-9B39337589BB" name="TEC_MANTENCION">
<createdBy>tazja</createdBy>
<createdTime>2025-10-12 16:38:39 UTC</createdTime>
<generatorID>23A7BA5C-2477-B4DD-52EE-787F86D5F703</generatorID>
<ownerDesignName>eft_s9</ownerDesignName>
<allowColumnReorder>false</allowColumnReorder>
<existDependencyGenerateInDDl>true</existDependencyGenerateInDDl>
<parsed>true</parsed>
<columns itemClass="oracle.dbtools.crest.model.design.relational.Column">
<Column name="PERSONAL_id_personal" id="0465F008-8DD8-221F-E577-1EB138A13D7E">
<createdBy>tazja</createdBy>
<createdTime>2025-10-12 16:38:39 UTC</createdTime>
<generatorID>A160DA7D-0A54-AB8D-6E9D-64A084A74A46</generatorID>
<ownerDesignName>eft_s9</ownerDesignName>
<useDomainConstraints>false</useDomainConstraints>
<use>1</use>
<logicalDatatype>LOGDT019</logicalDatatype>
<dataTypePrecision>10</dataTypePrecision>
<ownDataTypeParameters>,,</ownDataTypeParameters>
<previousColumn>false</previousColumn>
<autoIncrementCycle>false</autoIncrementCycle>
<associations>
<colAssociation fkAssociation="C200FD4B-FFFA-4988-D192-5E09FCE94F4F" referredColumn="2CFB7FE5-1B7F-2BD5-DF1B-E6B040C22A80"/>
</associations>
</Column>
<Column name="nivel_certificacion" id="E58E2C49-4267-CC9E-9C74-776E1B2B0BBC">
<createdBy>tazja</createdBy>
<createdTime>2025-10-12 16:38:39 UTC</createdTime>
<generatorID>D89F4112-C025-112E-6184-0E5F6100EE18</generatorID>
<ownerDesignName>eft_s9</ownerDesignName>
<nullsAllowed>true</nullsAllowed>
<useDomainConstraints>false</useDomainConstraints>
<use>1</use>
<logicalDatatype>LOGDT024</logicalDatatype>
<dataTypeSize>100</dataTypeSize>
<ownDataTypeParameters>100,,</ownDataTypeParameters>
<autoIncrementCycle>false</autoIncrementCycle>
</Column>
<Column name="tiempo_respuesta" id="AA9B361E-54F3-5613-B6BC-7E98A8C2854E">
<createdBy>tazja</createdBy>
<createdTime>2025-10-12 16:38:39 UTC</createdTime>
<generatorID>096F93D5-0D04-2B06-3C9A-23EEE3B8050E</generatorID>
<ownerDesignName>eft_s9</ownerDesignName>
<useDomainConstraints>false</useDomainConstraints>
<use>1</use>
<logicalDatatype>LOGDT019</logicalDatatype>
<dataTypePrecision>10</dataTypePrecision>
<ownDataTypeParameters>,10,</ownDataTypeParameters>
<autoIncrementCycle>false</autoIncrementCycle>
</Column>
<Column name="ESPECIALIDAD_id_espec" id="67E8413C-0524-43D6-2CEA-EF38F3F4D64B">
<createdBy>tazja</createdBy>
<createdTime>2025-10-12 16:38:39 UTC</createdTime>
<generatorID>D55D1F02-6C90-410E-4FD6-ADA04F803823</generatorID>
<ownerDesignName>eft_s9</ownerDesignName>
<useDomainConstraints>false</useDomainConstraints>
<use>1</use>
<logicalDatatype>LOGDT019</logicalDatatype>
<dataTypePrecision>10</dataTypePrecision>
<ownDataTypeParameters>,,</ownDataTypeParameters>
<previousColumn>false</previousColumn>
<autoIncrementCycle>false</autoIncrementCycle>
<associations>
<colAssociation fkAssociation="3EE089C8-8577-877B-D204-31510A38ECAD" referredColumn="36502FC3-4B2B-1116-6305-214C7ACF15ED"/>
</associations>
</Column>
</columns>
<indexes itemClass="oracle.dbtools.crest.model.design.relational.Index">
<ind_PK_UK id="36F1886A-1BBD-70F3-0FB2-6E4F5C9AFB53" name="TEC_MANTENCION_ESPECIALIDAD_FK">
<createdBy>tazja</createdBy>
<createdTime>2025-10-12 16:38:39 UTC</createdTime>
<generatorID>415056F5-D5E4-FC06-87C3-DB08E1E45B18</generatorID>
<ownerDesignName>eft_s9</ownerDesignName>
<indexState>Foreign Key</indexState>
<isSurrogateKey>false</isSurrogateKey>
<indexColumnUsage>
<colUsage columnID="67E8413C-0524-43D6-2CEA-EF38F3F4D64B"/>
</indexColumnUsage>
</ind_PK_UK>
<ind_PK_UK id="2FC6BD0E-2AA2-B3D5-8255-C33D81C1A70F" name="TEC_MANTENCION_PERSONAL_FK">
<createdBy>tazja</createdBy>
<createdTime>2025-10-12 16:38:39 UTC</createdTime>
<generatorID>1593E645-69D5-2A4C-EBF7-761FA4F00010</generatorID>
<ownerDesignName>eft_s9</ownerDesignName>
<indexState>Foreign Key</indexState>
<isSurrogateKey>false</isSurrogateKey>
<indexColumnUsage>
<colUsage columnID="0465F008-8DD8-221F-E577-1EB138A13D7E"/>
</indexColumnUsage>
</ind_PK_UK>
</indexes>
</Table>