<?xml version = '1.0' encoding = 'UTF-8'?>
<Table class="oracle.dbtools.crest.model.design.relational.Table" directorySegmentName="seg_0" id="EBA7E44A-A8F9-17C3-9708-8F51C6CBDA95" name="PERSONAL">
<createdBy>tazja</createdBy>
<createdTime>2025-10-12 16:38:39 UTC</createdTime>
<generatorID>E182BF22-8605-93F7-F759-86C203F84D4D</generatorID>
<ownerDesignName>eft_s9</ownerDesignName>
<allowColumnReorder>false</allowColumnReorder>
<existDependencyGenerateInDDl>true</existDependencyGenerateInDDl>
<parsed>true</parsed>
<columns itemClass="oracle.dbtools.crest.model.design.relational.Column">
<Column name="id_personal" id="2CFB7FE5-1B7F-2BD5-DF1B-E6B040C22A80">
<createdBy>tazja</createdBy>
<createdTime>2025-10-12 16:38:39 UTC</createdTime>
<generatorID>3FB12732-D0F6-6C8C-40E8-30EFEB44A11F</generatorID>
<ownerDesignName>eft_s9</ownerDesignName>
<useDomainConstraints>false</useDomainConstraints>
<use>1</use>
<logicalDatatype>LOGDT019</logicalDatatype>
<dataTypePrecision>10</dataTypePrecision>
<ownDataTypeParameters>,10,</ownDataTypeParameters>
<autoIncrementCycle>false</autoIncrementCycle>
</Column>
<Column name="rut" id="E78640FE-C4C3-A624-0FC6-909D1414B60C">
<createdBy>tazja</createdBy>
<createdTime>2025-10-12 16:38:39 UTC</createdTime>
<generatorID>548D31B9-E47E-A317-4EB3-3AEBC2E7CDC6</generatorID>
<ownerDesignName>eft_s9</ownerDesignName>
<useDomainConstraints>false</useDomainConstraints>
<use>1</use>
<logicalDatatype>LOGDT019</logicalDatatype>
<dataTypePrecision>10</dataTypePrecision>
<ownDataTypeParameters>,10,</ownDataTypeParameters>
<autoIncrementCycle>false</autoIncrementCycle>
</Column>
<Column name="dv" id="AD22531E-EF4A-4B92-ECF2-CD3A34ABE6D5">
<createdBy>tazja</createdBy>
<createdTime>2025-10-12 16:38:39 UTC</createdTime>
<generatorID>5BC659C5-2CE7-A282-D27A-AAEEECA97A51</generatorID>
<ownerDesignName>eft_s9</ownerDesignName>
<useDomainConstraints>false</useDomainConstraints>
<use>1</use>
<logicalDatatype>LOGDT025</logicalDatatype>
<dataTypeSize>1</dataTypeSize>
<ownDataTypeParameters>1,,</ownDataTypeParameters>
<autoIncrementCycle>false</autoIncrementCycle>
</Column>
<Column name="nombres" id="333713C3-211C-2466-5C9C-408AA03779BA">
<createdBy>tazja</createdBy>
<createdTime>2025-10-12 16:38:39 UTC</createdTime>
<generatorID>2E189A47-FAC3-5C62-8ED6-EE867483BAD3</generatorID>
<ownerDesignName>eft_s9</ownerDesignName>
<useDomainConstraints>false</useDomainConstraints>
<use>1</use>
<logicalDatatype>LOGDT024</logicalDatatype>
<dataTypeSize>100</dataTypeSize>
<ownDataTypeParameters>100,,</ownDataTypeParameters>
<autoIncrementCycle>false</autoIncrementCycle>
</Column>
<Column name="apellido_paterno" id="4A1E6206-0F1E-F053-8E43-F29396F1475B">
<createdBy>tazja</createdBy>
<createdTime>2025-10-12 16:38:39 UTC</createdTime>
<generatorID>CF95528A-B6AD-4A43-A16D-A5E5A4FA39BA</generatorID>
<ownerDesignName>eft_s9</ownerDesignName>
<useDomainConstraints>false</useDomainConstraints>
<use>1</use>
<logicalDatatype>LOGDT024</logicalDatatype>
<dataTypeSize>100</dataTypeSize>
<ownDataTypeParameters>100,,</ownDataTypeParameters>
<autoIncrementCycle>false</autoIncrementCycle>
</Column>
<Column name="apellido_materno" id="6FD96F86-3CD5-37CD-E71A-2C0EC40DDF4D">
<createdBy>tazja</createdBy>
<createdTime>2025-10-12 16:38:39 UTC</createdTime>
<generatorID>DBA8815F-EEDF-D368-F6D6-1A1698D444AF</generatorID>
<ownerDesignName>eft_s9</ownerDesignName>
<useDomainConstraints>false</useDomainConstraints>
<use>1</use>
<logicalDatatype>LOGDT024</logicalDatatype>
<dataTypeSize>100</dataTypeSize>
<ownDataTypeParameters>100,,</ownDataTypeParameters>
<autoIncrementCycle>false</autoIncrementCycle>
</Column>
<Column name="fecha_contratacion" id="FCC51D00-22A2-245B-6510-B6EE19A99241">
<createdBy>tazja</createdBy>
<createdTime>2025-10-12 16:38:39 UTC</createdTime>
<generatorID>38C60FEA-F97A-006E-502B-BFE6641F01DE</generatorID>
<ownerDesignName>eft_s9</ownerDesignName>
<useDomainConstraints>false</useDomainConstraints>
<use>1</use>
<logicalDatatype>LOGDT007</logicalDatatype>
<ownDataTypeParameters>,,</ownDataTypeParameters>
<autoIncrementCycle>false</autoIncrementCycle>
</Column>
<Column name="sueldo_base" id="6D8CA318-5C77-DB55-2939-262A4BAD7E5E">
<createdBy>tazja</createdBy>
<createdTime>2025-10-12 16:38:39 UTC</createdTime>
<generatorID>C2C07BAB-54D3-4B43-AC10-A460476C605A</generatorID>
<ownerDesignName>eft_s9</ownerDesignName>
<useDomainConstraints>false</useDomainConstraints>
<use>1</use>
<logicalDatatype>LOGDT019</logicalDatatype>
<dataTypePrecision>10</dataTypePrecision>
<ownDataTypeParameters>,10,</ownDataTypeParameters>
<autoIncrementCycle>false</autoIncrementCycle>
</Column>
<Column name="estado_activo" id="3149DC97-80BD-37DE-8D1B-B664ED5682E5">
<createdBy>tazja</createdBy>
<createdTime>2025-10-12 16:38:39 UTC</createdTime>
<generatorID>904E1AF2-EFEA-D851-F4C6-E8DE7A5B7484</generatorID>
<ownerDesignName>eft_s9</ownerDesignName>
<constraintName>ck_personal_estado</constraintName>
<useDomainConstraints>false</useDomainConstraints>
<use>1</use>
<logicalDatatype>LOGDT025</logicalDatatype>
<dataTypeSize>1</dataTypeSize>
<defaultValue>s</defaultValue>
<ownDataTypeParameters>1,,</ownDataTypeParameters>
<autoIncrementCycle>false</autoIncrementCycle>
</Column>
<Column name="PLANTA_id_planta" id="2FF47C91-AD10-B34C-1AC7-10937606ECC7">
<createdBy>tazja</createdBy>
<createdTime>2025-10-12 16:38:39 UTC</createdTime>
<generatorID>EBDEB55A-B8C0-FDB0-B24A-6188CD8F73C3</generatorID>
<ownerDesignName>eft_s9</ownerDesignName>
<useDomainConstraints>false</useDomainConstraints>
<use>1</use>
<logicalDatatype>LOGDT019</logicalDatatype>
<dataTypePrecision>10</dataTypePrecision>
<ownDataTypeParameters>,,</ownDataTypeParameters>
<previousColumn>false</previousColumn>
<autoIncrementCycle>false</autoIncrementCycle>
<associations>
<colAssociation fkAssociation="DD710970-C7BF-D180-96D0-3619CD15687A" referredColumn="D3B008F1-0AAB-D9AD-8293-88941AD7C660"/>
</associations>
</Column>
<Column name="AFP_id_afp" id="FEEB973C-5459-37A5-FFE7-97399C0B79DF">
<createdBy>tazja</createdBy>
<createdTime>2025-10-12 16:38:39 UTC</createdTime>
<generatorID>E09AEC0C-BEE0-11F3-E01D-AD818BBC3C13</generatorID>
<ownerDesignName>eft_s9</ownerDesignName>
<useDomainConstraints>false</useDomainConstraints>
<use>1</use>
<logicalDatatype>LOGDT019</logicalDatatype>
<dataTypePrecision>10</dataTypePrecision>
<ownDataTypeParameters>,,</ownDataTypeParameters>
<previousColumn>false</previousColumn>
<autoIncrementCycle>false</autoIncrementCycle>
<associations>
<colAssociation fkAssociation="0892435B-6E59-FB57-3D61-755C8A223186" referredColumn="E07D0CC8-9C0F-4C4A-65EB-6ED798188045"/>
</associations>
</Column>
<Column name="SALUD_id_salud" id="A5FE91FA-D54B-2E62-66E6-86C08462DDC3">
<createdBy>tazja</createdBy>
<createdTime>2025-10-12 16:38:39 UTC</createdTime>
<generatorID>910A3734-1AE6-66FF-2A78-32EE94365CFD</generatorID>
<ownerDesignName>eft_s9</ownerDesignName>
<useDomainConstraints>false</useDomainConstraints>
<use>1</use>
<logicalDatatype>LOGDT019</logicalDatatype>
<dataTypePrecision>10</dataTypePrecision>
<ownDataTypeParameters>,,</ownDataTypeParameters>
<previousColumn>false</previousColumn>
<autoIncrementCycle>false</autoIncrementCycle>
<associations>
<colAssociation fkAssociation="3E35AA42-C2F4-B8C9-BE78-2FA751BED67E" referredColumn="465A5F8D-BD18-05F3-9532-CFF0353C1DFF"/>
</associations>
</Column>
<Column name="tipo" id="885E38DC-9961-0D30-369A-94CD55474DAF">
<createdBy>tazja</createdBy>
<createdTime>2025-10-12 16:38:39 UTC</createdTime>
<generatorID>4BCFCDF7-ADF5-B1E7-8A5F-517EFAA8EBA2</generatorID>
<ownerDesignName>eft_s9</ownerDesignName>
<useDomainConstraints>false</useDomainConstraints>
<use>1</use>
<logicalDatatype>LOGDT024</logicalDatatype>
<dataTypeSize>100</dataTypeSize>
<ownDataTypeParameters>100,,</ownDataTypeParameters>
<autoIncrementCycle>false</autoIncrementCycle>
</Column>
<Column name="PERSONAL_id_personal" id="C0074416-A41B-BB8A-A310-3E40D990B6B5">
<createdBy>tazja</createdBy>
<createdTime>2025-10-12 16:38:39 UTC</createdTime>
<generatorID>ABB41C62-BE99-9693-8439-85D56931B9CF</generatorID>
<ownerDesignName>eft_s9</ownerDesignName>
<nullsAllowed>true</nullsAllowed>
<useDomainConstraints>false</useDomainConstraints>
<use>1</use>
<logicalDatatype>LOGDT019</logicalDatatype>
<dataTypePrecision>10</dataTypePrecision>
<ownDataTypeParameters>,,</ownDataTypeParameters>
<previousColumn>false</previousColumn>
<autoIncrementCycle>false</autoIncrementCycle>
<associations>
<colAssociation fkAssociation="7EE209C1-34AF-BD3B-98A8-D993877C5983" referredColumn="2CFB7FE5-1B7F-2BD5-DF1B-E6B040C22A80"/>
</associations>
</Column>
<Column name="TURNO_id_turno" id="CFB2985B-2817-0A50-AC5E-469B44C7CCA1">
<createdBy>tazja</createdBy>
<createdTime>2025-10-12 16:38:39 UTC</createdTime>
<generatorID>46EE1BD4-67E5-379B-9941-12F117F222D1</generatorID>
<ownerDesignName>eft_s9</ownerDesignName>
<useDomainConstraints>false</useDomainConstraints>
<use>1</use>
<logicalDatatype>LOGDT019</logicalDatatype>
<dataTypePrecision>10</dataTypePrecision>
<ownDataTypeParameters>,,</ownDataTypeParameters>
<previousColumn>false</previousColumn>
<autoIncrementCycle>false</autoIncrementCycle>
<associations>
<colAssociation fkAssociation="7C872E53-0A62-2B78-5250-1F33341F7342" referredColumn="E629AF51-9470-A6D7-A57F-36D3BCFC0518"/>
</associations>
</Column>
</columns>
<indexes itemClass="oracle.dbtools.crest.model.design.relational.Index">
<ind_PK_UK id="F4C9925F-B60A-4F9E-E1B1-189E8E31B96D" name="PERSONAL_PK">
<createdBy>tazja</createdBy>
<createdTime>2025-10-12 16:38:39 UTC</createdTime>
<generatorID>59D80237-D4E6-4FDB-121C-32298F14171C</generatorID>
<ownerDesignName>eft_s9</ownerDesignName>
<pk>true</pk>
<indexState>Primary Constraint</indexState>
<isSurrogateKey>false</isSurrogateKey>
<indexColumnUsage>
<colUsage columnID="2CFB7FE5-1B7F-2BD5-DF1B-E6B040C22A80"/>
</indexColumnUsage>
</ind_PK_UK>
<ind_PK_UK id="96E11BC7-D574-FC70-7B4C-9D9D9920188A" name="PERSONAL__IDX">
<createdBy>tazja</createdBy>
<createdTime>2025-10-12 16:38:39 UTC</createdTime>
<ownerDesignName>eft_s9</ownerDesignName>
<isSurrogateKey>false</isSurrogateKey>
<relationGeneratorID>BF572202-043A-5DCB-A5FB-5CB19011D70F</relationGeneratorID>
<indexColumnUsage>
<colUsage columnID="C0074416-A41B-BB8A-A310-3E40D990B6B5"/>
</indexColumnUsage>
</ind_PK_UK>
<ind_PK_UK id="B5FD454A-4371-11E0-D86A-F6C6CAA62352" name="PERSONAL_PERSONAL_FK">
<createdBy>tazja</createdBy>
<createdTime>2025-10-12 16:38:39 UTC</createdTime>
<generatorID>BF572202-043A-5DCB-A5FB-5CB19011D70F</generatorID>
<ownerDesignName>eft_s9</ownerDesignName>
<indexState>Foreign Key</indexState>
<isSurrogateKey>false</isSurrogateKey>
<indexColumnUsage>
<colUsage columnID="C0074416-A41B-BB8A-A310-3E40D990B6B5"/>
</indexColumnUsage>
</ind_PK_UK>
<ind_PK_UK id="9D588F35-00EF-1065-BE60-A093761ED3D5" name="PERSONAL_TURNO_FK">
<createdBy>tazja</createdBy>
<createdTime>2025-10-12 16:38:39 UTC</createdTime>
<generatorID>6AD5ACF6-2B77-0FC6-327B-CC82685E4FB9</generatorID>
<ownerDesignName>eft_s9</ownerDesignName>
<indexState>Foreign Key</indexState>
<isSurrogateKey>false</isSurrogateKey>
<indexColumnUsage>
<colUsage columnID="CFB2985B-2817-0A50-AC5E-469B44C7CCA1"/>
</indexColumnUsage>
</ind_PK_UK>
<ind_PK_UK id="29C837BE-D4D4-8287-7046-3BEB24E5DEFD" name="PERSONAL_PLANTA_FK">
<createdBy>tazja</createdBy>
<createdTime>2025-10-12 16:38:39 UTC</createdTime>
<generatorID>C7062373-E9F8-0747-D4FC-B3A427CBD045</generatorID>
<ownerDesignName>eft_s9</ownerDesignName>
<indexState>Foreign Key</indexState>
<isSurrogateKey>false</isSurrogateKey>
<indexColumnUsage>
<colUsage columnID="2FF47C91-AD10-B34C-1AC7-10937606ECC7"/>
</indexColumnUsage>
</ind_PK_UK>
<ind_PK_UK id="10117CFA-82D3-1F15-A8FB-EED06C3EE69B" name="PERSONAL_AFP_FK">
<createdBy>tazja</createdBy>
<createdTime>2025-10-12 16:38:39 UTC</createdTime>
<generatorID>B51E6EE8-6D40-E555-A9AE-6113AA391031</generatorID>
<ownerDesignName>eft_s9</ownerDesignName>
<indexState>Foreign Key</indexState>
<isSurrogateKey>false</isSurrogateKey>
<indexColumnUsage>
<colUsage columnID="FEEB973C-5459-37A5-FFE7-97399C0B79DF"/>
</indexColumnUsage>
</ind_PK_UK>
<ind_PK_UK id="1F95E8D3-3DAE-7102-F802-84C26EB7AB07" name="PERSONAL_SALUD_FK">
<createdBy>tazja</createdBy>
<createdTime>2025-10-12 16:38:39 UTC</createdTime>
<generatorID>B6811854-DF70-CA8F-FF7E-DF5C05BB1CD6</generatorID>
<ownerDesignName>eft_s9</ownerDesignName>
<indexState>Foreign Key</indexState>
<isSurrogateKey>false</isSurrogateKey>
<indexColumnUsage>
<colUsage columnID="A5FE91FA-D54B-2E62-66E6-86C08462DDC3"/>
</indexColumnUsage>
</ind_PK_UK>
</indexes>
</Table>