<?xml version = '1.0' encoding = 'UTF-8'?>
<Table class="oracle.dbtools.crest.model.design.relational.Table" directorySegmentName="seg_0" id="F796DE5D-31FB-EA71-8A1B-458443BD846D" name="ASIG_TURNO">
<createdBy>tazja</createdBy>
<createdTime>2025-10-12 16:38:39 UTC</createdTime>
<generatorID>961EDCC3-9ED5-4B39-2019-7CCACA19367D</generatorID>
<ownerDesignName>eft_s9</ownerDesignName>
<allowColumnReorder>false</allowColumnReorder>
<existDependencyGenerateInDDl>true</existDependencyGenerateInDDl>
<parsed>true</parsed>
<columns itemClass="oracle.dbtools.crest.model.design.relational.Column">
<Column name="id_asigna" id="DE0F5F42-7ED4-6454-8DCF-F930E53FADC3">
<createdBy>tazja</createdBy>
<createdTime>2025-10-12 16:38:39 UTC</createdTime>
<generatorID>47D92FDB-89F4-5743-4A01-52C9574F51B3</generatorID>
<ownerDesignName>eft_s9</ownerDesignName>
<useDomainConstraints>false</useDomainConstraints>
<use>1</use>
<logicalDatatype>LOGDT019</logicalDatatype>
<dataTypePrecision>10</dataTypePrecision>
<ownDataTypeParameters>,10,</ownDataTypeParameters>
<autoIncrementCycle>false</autoIncrementCycle>
</Column>
<Column name="fecha_asig" id="F25A7533-7EEF-BCE3-2B41-1806603F1EBF">
<createdBy>tazja</createdBy>
<createdTime>2025-10-12 16:38:39 UTC</createdTime>
<generatorID>B9C3A853-C169-435E-B1E1-9AA590BDB982</generatorID>
<ownerDesignName>eft_s9</ownerDesignName>
<useDomainConstraints>false</useDomainConstraints>
<use>1</use>
<logicalDatatype>LOGDT007</logicalDatatype>
<ownDataTypeParameters>,,</ownDataTypeParameters>
<autoIncrementCycle>false</autoIncrementCycle>
</Column>
<Column name="rol" id="B526A3D6-CAD7-912E-126E-A19967F6AE5A">
<createdBy>tazja</createdBy>
<createdTime>2025-10-12 16:38:39 UTC</createdTime>
<generatorID>F82A3FEE-9521-9C16-C2FB-D8F273B033A1</generatorID>
<ownerDesignName>eft_s9</ownerDesignName>
<nullsAllowed>true</nullsAllowed>
<useDomainConstraints>false</useDomainConstraints>
<use>1</use>
<logicalDatatype>LOGDT024</logicalDatatype>
<dataTypeSize>100</dataTypeSize>
<ownDataTypeParameters>100,,</ownDataTypeParameters>
<autoIncrementCycle>false</autoIncrementCycle>
</Column>
<Column name="MAQUINA_id_maquina" id="E67A01AF-A8C1-46E7-09A9-A8C31618E9AA">
<createdBy>tazja</createdBy>
<createdTime>2025-10-12 16:38:39 UTC</createdTime>
<generatorID>53E99088-86AA-381E-7D45-E4E299E8AC79</generatorID>
<ownerDesignName>eft_s9</ownerDesignName>
<useDomainConstraints>false</useDomainConstraints>
<use>1</use>
<logicalDatatype>LOGDT019</logicalDatatype>
<dataTypePrecision>10</dataTypePrecision>
<ownDataTypeParameters>,,</ownDataTypeParameters>
<previousColumn>false</previousColumn>
<autoIncrementCycle>false</autoIncrementCycle>
<associations>
<colAssociation fkAssociation="47CCC683-7704-3A8B-162E-1A91F66D0546" referredColumn="E7090452-3409-02C4-7E71-BC5F28DA13E9"/>
</associations>
</Column>
<Column name="MAQUINA_PLANTA_id_planta" id="09D32D19-01C3-133B-5137-CEF7E962C559">
<createdBy>tazja</createdBy>
<createdTime>2025-10-12 16:38:39 UTC</createdTime>
<generatorID>D58991C8-3C60-C6E0-09E3-4AECE3E2AABF</generatorID>
<ownerDesignName>eft_s9</ownerDesignName>
<useDomainConstraints>false</useDomainConstraints>
<use>1</use>
<logicalDatatype>LOGDT019</logicalDatatype>
<dataTypePrecision>10</dataTypePrecision>
<ownDataTypeParameters>,,</ownDataTypeParameters>
<previousColumn>false</previousColumn>
<autoIncrementCycle>false</autoIncrementCycle>
<associations>
<colAssociation fkAssociation="47CCC683-7704-3A8B-162E-1A91F66D0546" referredColumn="AAA1E5D5-C007-31C2-760D-821D56B1E82E"/>
</associations>
</Column>
<Column name="TURNO_id_turno" id="DCFCEF67-D070-F980-5D73-FEC5BE44B070">
<createdBy>tazja</createdBy>
<createdTime>2025-10-12 16:38:39 UTC</createdTime>
<generatorID>99E11419-F70F-E22B-F2AB-162C59F49A19</generatorID>
<ownerDesignName>eft_s9</ownerDesignName>
<useDomainConstraints>false</useDomainConstraints>
<use>1</use>
<logicalDatatype>LOGDT019</logicalDatatype>
<dataTypePrecision>10</dataTypePrecision>
<ownDataTypeParameters>,,</ownDataTypeParameters>
<previousColumn>false</previousColumn>
<autoIncrementCycle>false</autoIncrementCycle>
<associations>
<colAssociation fkAssociation="93B9E1C7-0207-1673-8A25-E606CEFE7640" referredColumn="E629AF51-9470-A6D7-A57F-36D3BCFC0518"/>
</associations>
</Column>
<Column name="PERSONAL_id_personal" id="EAFCAFF1-F247-67E5-32FE-C2EB6A8098DD">
<createdBy>tazja</createdBy>
<createdTime>2025-10-12 16:38:39 UTC</createdTime>
<generatorID>4611D6CE-01DF-A591-3F6C-6EE2E3D2EA5E</generatorID>
<ownerDesignName>eft_s9</ownerDesignName>
<useDomainConstraints>false</useDomainConstraints>
<use>1</use>
<logicalDatatype>LOGDT019</logicalDatatype>
<dataTypePrecision>10</dataTypePrecision>
<ownDataTypeParameters>,,</ownDataTypeParameters>
<previousColumn>false</previousColumn>
<autoIncrementCycle>false</autoIncrementCycle>
<associations>
<colAssociation fkAssociation="EB1B29BD-D568-29AB-E810-7050856DA3D6" referredColumn="2CFB7FE5-1B7F-2BD5-DF1B-E6B040C22A80"/>
</associations>
</Column>
</columns>
<indexes itemClass="oracle.dbtools.crest.model.design.relational.Index">
<ind_PK_UK id="8312D476-AF39-4C33-5590-AD20B4EAE158" name="ASIG_TURNO_PK">
<createdBy>tazja</createdBy>
<createdTime>2025-10-12 16:38:39 UTC</createdTime>
<generatorID>5430E4B6-7A8A-6645-58A4-6347FD7CF3AD</generatorID>
<ownerDesignName>eft_s9</ownerDesignName>
<pk>true</pk>
<indexState>Primary Constraint</indexState>
<isSurrogateKey>false</isSurrogateKey>
<indexColumnUsage>
<colUsage columnID="DE0F5F42-7ED4-6454-8DCF-F930E53FADC3"/>
</indexColumnUsage>
</ind_PK_UK>
<ind_PK_UK id="4E191712-6E21-679E-DF11-AA88D34B9150" name="ASIG_TURNO_MAQUINA_FK">
<createdBy>tazja</createdBy>
<createdTime>2025-10-12 16:38:39 UTC</createdTime>
<generatorID>CBE2BF8B-C966-DB96-4630-B51ECC52C0CB</generatorID>
<ownerDesignName>eft_s9</ownerDesignName>
<indexState>Foreign Key</indexState>
<isSurrogateKey>false</isSurrogateKey>
<indexColumnUsage>
<colUsage columnID="E67A01AF-A8C1-46E7-09A9-A8C31618E9AA"/>
<colUsage columnID="09D32D19-01C3-133B-5137-CEF7E962C559"/>
</indexColumnUsage>
</ind_PK_UK>
<ind_PK_UK id="6384E937-93D8-3E04-7291-AAEEB5D9D58B" name="ASIG_TURNO_TURNO_FK">
<createdBy>tazja</createdBy>
<createdTime>2025-10-12 16:38:39 UTC</createdTime>
<generatorID>50B3F881-CAD7-3365-AADA-42413E988D23</generatorID>
<ownerDesignName>eft_s9</ownerDesignName>
<indexState>Foreign Key</indexState>
<isSurrogateKey>false</isSurrogateKey>
<indexColumnUsage>
<colUsage columnID="DCFCEF67-D070-F980-5D73-FEC5BE44B070"/>
</indexColumnUsage>
</ind_PK_UK>
<ind_PK_UK id="D48B0705-2F46-EF04-3969-CEFAB813308B" name="ASIG_TURNO_PERSONAL_FK">
<createdBy>tazja</createdBy>
<createdTime>2025-10-12 16:38:39 UTC</createdTime>
<generatorID>412D6790-C593-8C19-6A5B-7C4B3B04B87D</generatorID>
<ownerDesignName>eft_s9</ownerDesignName>
<indexState>Foreign Key</indexState>
<isSurrogateKey>false</isSurrogateKey>
<indexColumnUsage>
<colUsage columnID="EAFCAFF1-F247-67E5-32FE-C2EB6A8098DD"/>
</indexColumnUsage>
</ind_PK_UK>
</indexes>
</Table>