<?xml version = '1.0' encoding = 'UTF-8'?>
<FKArc class="oracle.dbtools.crest.model.design.relational.FKArc" directorySegmentName="seg_0" id="8083E326-7968-5373-38AF-75EFDFC8FB9C" name="Arc_2">
<createdBy>tazja</createdBy>
<createdTime>2025-10-12 15:52:59 UTC</createdTime>
<ownerDesignName>eft_s9</ownerDesignName>
<mandatory>true</mandatory>
<reverseArc>true</reverseArc>
<table>C3B2F7B4-DFF7-9F5C-B873-D576532C5064</table>
<fkeys>
<fkeyID>E33EC024-42F1-E041-0D0A-B901B79EDF8B</fkeyID>
<fkeyID>A638556F-DA4C-1522-A1AB-72B997D82D76</fkeyID>
<fkeyID>69E3DF5F-1068-9E2A-D619-96E1D6753C18</fkeyID>
</fkeys>
</FKArc>