<?xml version = '1.0' encoding = 'UTF-8'?>
<Entity class="oracle.dbtools.crest.model.design.logical.Entity" directorySegmentName="seg_0" id="16D0448E-BB05-59FC-0BB1-7EA84DC18F90" name="HABITACION">
<createdBy>tazja</createdBy>
<createdTime>2025-08-30 16:48:45 UTC</createdTime>
<ownerDesignName>exp1_sem3_christian_norambuena</ownerDesignName>
<engineerTo>
<item key="3D9C19E6-F60E-C912-C70B-D3B26D81F6D3" value="true"/>
</engineerTo>
<adequatelyNormalized>NO</adequatelyNormalized>
<expectedVolumes>0</expectedVolumes>
<fwdEngineeringStrategyName>Single Table</fwdEngineeringStrategyName>
<growthPercent>0</growthPercent>
<growthType>Year</growthType>
<maxVolumes>9999999</maxVolumes>
<minVolumes>0</minVolumes>
<normalForm>Third</normalForm>
<attributes itemClass="oracle.dbtools.crest.model.design.logical.Attribute">
<Attribute name="id_habitacion" id="409EEB7A-74C0-3093-0D43-EE952306DEBC">
<createdBy>tazja</createdBy>
<createdTime>2025-08-30 16:55:42 UTC</createdTime>
<ownerDesignName>exp1_sem3_christian_norambuena</ownerDesignName>
<engineerTo>
<item key="3D9C19E6-F60E-C912-C70B-D3B26D81F6D3" value="true"/>
</engineerTo>
<useDomainConstraints>false</useDomainConstraints>
<use>1</use>
<logicalDatatype>LOGDT024</logicalDatatype>
<ownDataTypeParameters>,,</ownDataTypeParameters>
</Attribute>
<Attribute name="id_residencia" id="104A33F6-6CB2-5747-326C-33B572161ADF">
<createdBy>tazja</createdBy>
<createdTime>2025-08-30 17:28:21 UTC</createdTime>
<generatorID>1529512E-73AD-E401-A6AF-5F051A8DE859</generatorID>
<ownerDesignName>exp1_sem3_christian_norambuena</ownerDesignName>
<engineerTo>
<item key="3D9C19E6-F60E-C912-C70B-D3B26D81F6D3" value="true"/>
</engineerTo>
<referedAttribute>F62AB912-5924-2B24-D180-26ABA5243B60</referedAttribute>
<useDomainConstraints>false</useDomainConstraints>
<use>1</use>
<logicalDatatype>LOGDT024</logicalDatatype>
<ownDataTypeParameters>,,</ownDataTypeParameters>
</Attribute>
</attributes>
<identifiers itemClass="oracle.dbtools.crest.model.design.logical.CandidateKey">
<identifier id="00660780-D514-EB29-D82A-66757069A969" name="HABITACION PK">
<createdBy>tazja</createdBy>
<createdTime>2025-08-30 16:57:43 UTC</createdTime>
<ownerDesignName>exp1_sem3_christian_norambuena</ownerDesignName>
<engineerTo>
<item key="3D9C19E6-F60E-C912-C70B-D3B26D81F6D3" value="true"/>
</engineerTo>
<pk>true</pk>
<usedAttributes>
<attributeRef>409EEB7A-74C0-3093-0D43-EE952306DEBC</attributeRef>
</usedAttributes>
</identifier>
</identifiers>
</Entity>