<?xml version = '1.0' encoding = 'UTF-8'?>
<Entity class="oracle.dbtools.crest.model.design.logical.Entity" directorySegmentName="seg_0" id="F977C5AC-115E-F39C-98A5-5801A46DB481" name="PERMANENTE">
<createdBy>tazja</createdBy>
<createdTime>2025-08-30 15:18:00 UTC</createdTime>
<ownerDesignName>exp1_sem3_christian_norambuena</ownerDesignName>
<engineerTo>
<item key="3D9C19E6-F60E-C912-C70B-D3B26D81F6D3" value="true"/>
</engineerTo>
<adequatelyNormalized>NO</adequatelyNormalized>
<expectedVolumes>0</expectedVolumes>
<fwdEngineeringStrategyName>Single Table</fwdEngineeringStrategyName>
<growthPercent>0</growthPercent>
<growthType>Year</growthType>
<hierarchicalParent>B0A95797-303C-B9B1-3899-2DD98E0EC191</hierarchicalParent>
<maxVolumes>9999999</maxVolumes>
<minVolumes>0</minVolumes>
<normalForm>Third</normalForm>
<attributes itemClass="oracle.dbtools.crest.model.design.logical.Attribute">
<Attribute name="fecha_limite" id="829A3A26-3E29-D211-FC7B-40F5F10C34EF">
<createdBy>tazja</createdBy>
<createdTime>2025-08-30 15:21:04 UTC</createdTime>
<ownerDesignName>exp1_sem3_christian_norambuena</ownerDesignName>
<engineerTo>
<item key="3D9C19E6-F60E-C912-C70B-D3B26D81F6D3" value="true"/>
</engineerTo>
<useDomainConstraints>false</useDomainConstraints>
<use>1</use>
<logicalDatatype>LOGDT024</logicalDatatype>
<ownDataTypeParameters>,,</ownDataTypeParameters>
</Attribute>
<Attribute name="seguimiento_clinico" id="D979550D-7425-E4DB-DFCB-2762DEB36C2C">
<createdBy>tazja</createdBy>
<createdTime>2025-08-30 15:21:33 UTC</createdTime>
<ownerDesignName>exp1_sem3_christian_norambuena</ownerDesignName>
<engineerTo>
<item key="3D9C19E6-F60E-C912-C70B-D3B26D81F6D3" value="true"/>
</engineerTo>
<useDomainConstraints>false</useDomainConstraints>
<use>1</use>
<logicalDatatype>LOGDT024</logicalDatatype>
<ownDataTypeParameters>,,</ownDataTypeParameters>
</Attribute>
</attributes>
<identifiers itemClass="oracle.dbtools.crest.model.design.logical.CandidateKey">
<identifier id="BBB57488-8960-91B6-580F-6758371580F6" name="PERMANENTE PK">
<createdBy>tazja</createdBy>
<createdTime>2025-08-30 15:21:52 UTC</createdTime>
<ownerDesignName>exp1_sem3_christian_norambuena</ownerDesignName>
<engineerTo>
<item key="3D9C19E6-F60E-C912-C70B-D3B26D81F6D3" value="true"/>
</engineerTo>
<pk>true</pk>
</identifier>
</identifiers>
</Entity>