<?xml version = '1.0' encoding = 'UTF-8'?>
<Diagram class="oracle.dbtools.crest.swingui.relational.DPVRelational" name="Relational_1" id="3B0CDCCC-C8C8-CA45-B9C2-C238CD8B12D8">
<createdBy>tazja</createdBy>
<modifiedBy>tazja</modifiedBy>
<createdTime>2025-10-12 15:02:25 UTC</createdTime>
<autoRoute>false</autoRoute>
<boxInbox>true</boxInbox>
<showLegend>false</showLegend>
<showLabels>false</showLabels>
<showRelAttributes>false</showRelAttributes>
<gridEnabled>false</gridEnabled>
<showGrid>false</showGrid>
<diagramColor>-1</diagramColor>
<display>false</display>
<notation>1</notation>
<objectViews>
<OView class="oracle.dbtools.crest.swingui.relational.TVTable" oid="02EF52F7-1CFC-2BF3-A66B-926101414716" otype="Table" vid="B8944D0E-50C3-47CB-45D7-F59C0B3E0370">
<hideElementsInCurrentOnly>false</hideElementsInCurrentOnly>
<bounds x="621" y="193" width="237" height="154"/>
</OView>
<OView class="oracle.dbtools.crest.swingui.relational.TVTable" oid="04E03665-141F-5B64-DA35-72DA2ABFC849" otype="Table" vid="4F3BF8EC-374A-94E0-4653-075722BF5403">
<hideElementsInCurrentOnly>false</hideElementsInCurrentOnly>
<bounds x="773" y="423" width="197" height="120"/>
</OView>
<OView class="oracle.dbtools.crest.swingui.relational.TVTable" oid="2CB07DF3-2B37-D3AB-4690-3A7A72082A4E" otype="Table" vid="77FB1785-F7B0-BE1E-559B-9DDBFF20789F">
<hideElementsInCurrentOnly>false</hideElementsInCurrentOnly>
<bounds x="1158" y="377" width="164" height="129"/>
</OView>
<OView class="oracle.dbtools.crest.swingui.relational.TVTable" oid="3B75F0E1-F050-7B1E-EB44-11747E44C71C" otype="Table" vid="1EE2B940-D392-5C47-8BB5-27EECF2B1B19">
<hideElementsInCurrentOnly>false</hideElementsInCurrentOnly>
<bounds x="39" y="588" width="203" height="108"/>
</OView>
<OView class="oracle.dbtools.crest.swingui.relational.TVTable" oid="58B825B8-DC6F-3219-209A-ABAC8AE471AB" otype="Table" vid="9B537EA3-B46A-7CDA-76E2-054E9233171A">
<hideElementsInCurrentOnly>false</hideElementsInCurrentOnly>
<bounds x="0" y="312" width="194" height="78"/>
</OView>
<OView class="oracle.dbtools.crest.swingui.relational.TVTable" oid="5942FD2E-176C-08BB-F824-9BB644CED028" otype="Table" vid="11338773-FC11-BA4A-7830-77F38DE87176">
<hideElementsInCurrentOnly>false</hideElementsInCurrentOnly>
<bounds x="926" y="586" width="263" height="156"/>
</OView>
<OView class="oracle.dbtools.crest.swingui.relational.TVTable" oid="6282E74C-1697-4468-E266-E19939BEEA39" otype="Table" vid="33B7686F-60DC-C428-AA62-6818805BB7B3">
<hideElementsInCurrentOnly>false</hideElementsInCurrentOnly>
<bounds x="239" y="31" width="184" height="92"/>
</OView>
<OView class="oracle.dbtools.crest.swingui.relational.TVTable" oid="6614C96D-E68B-619A-E85F-6D9DDE900A9E" otype="Table" vid="C1361DD0-ED53-A580-3855-5F5D83CB78EF">
<hideElementsInCurrentOnly>false</hideElementsInCurrentOnly>
<bounds x="624" y="17" width="216" height="150"/>
</OView>
<OView class="oracle.dbtools.crest.swingui.relational.TVTable" oid="7DDF212A-5DFB-829D-A612-08B7C7B8AB1E" otype="Table" vid="D4A412FF-901D-8886-77EF-5A2886BBB172">
<hideElementsInCurrentOnly>false</hideElementsInCurrentOnly>
<bounds x="310" y="598" width="247" height="98"/>
</OView>
<OView class="oracle.dbtools.crest.swingui.relational.TVTable" oid="80F93AAB-27F6-14FF-4509-BE9655DCB5EA" otype="Table" vid="8E9F7E4D-C07F-360B-925E-76A361A5CF67">
<hideElementsInCurrentOnly>false</hideElementsInCurrentOnly>
<bounds x="356" y="737" width="199" height="89"/>
</OView>
<OView class="oracle.dbtools.crest.swingui.relational.TVTable" oid="8176F6F3-337D-62B9-C577-EE5A04CEA474" otype="Table" vid="BE913E07-54F1-BEBA-21B2-941F057C7709">
<hideElementsInCurrentOnly>false</hideElementsInCurrentOnly>
<bounds x="950" y="34" width="223" height="250"/>
</OView>
<OView class="oracle.dbtools.crest.swingui.relational.TVTable" oid="C3B2F7B4-DFF7-9F5C-B873-D576532C5064" otype="Table" vid="D84FA1B9-22EE-56CB-9B20-DD3B7BD6894B">
<hideElementsInCurrentOnly>false</hideElementsInCurrentOnly>
<bounds x="260" y="206" width="270" height="267"/>
</OView>
<OView class="oracle.dbtools.crest.swingui.relational.TVTable" oid="D7F139C4-EB19-1BE7-1B02-6738E51F12FF" otype="Table" vid="94052D06-1981-A1E2-5A36-F5BA23BB1527">
<hideElementsInCurrentOnly>false</hideElementsInCurrentOnly>
<bounds x="57" y="739" width="242" height="91"/>
</OView>
<OView class="oracle.dbtools.crest.swingui.relational.TVTable" oid="D840490A-6092-8B1F-227D-2D21E96B8255" otype="Table" vid="AC86AA94-DC99-BE23-1A71-BB4D1BDE8E9B">
<hideElementsInCurrentOnly>false</hideElementsInCurrentOnly>
<bounds x="10" y="193" width="190" height="88"/>
</OView>
<OView class="oracle.dbtools.crest.swingui.relational.TVTable" oid="F3FBBE4C-1CB6-7B6A-51A9-A551F7EB2EFE" otype="Table" vid="AC5D27AA-18DA-3927-F49B-A28B7B9897A7">
<hideElementsInCurrentOnly>false</hideElementsInCurrentOnly>
<bounds x="0" y="459" width="236" height="84"/>
</OView>
<OView class="oracle.dbtools.crest.swingui.relational.TVTable" oid="FBE3FDA6-6469-8144-C6D4-B6A99ED4CAF6" otype="Table" vid="28A6138F-5DB2-94F4-D0A9-DED09EB22212">
<hideElementsInCurrentOnly>false</hideElementsInCurrentOnly>
<bounds x="9" y="26" width="187" height="84"/>
</OView>
</objectViews>
<connectors>
<Connector class="oracle.dbtools.crest.swingui.relational.TVFKRelation" oid="0533BB5E-712B-AA9E-51D5-1B23FE0BA9F3" otype="FKIndexAssociation" vid_source="28A6138F-5DB2-94F4-D0A9-DED09EB22212" vid_target="33B7686F-60DC-C428-AA62-6818805BB7B3">
<hideElementsInCurrentOnly>false</hideElementsInCurrentOnly>
<backgroundColor>-16777216</backgroundColor>
<lineWidth>1</lineWidth>
<points>
<point x="196" y="70"/>
<point x="239" y="70"/>
</points>
</Connector>
<Connector class="oracle.dbtools.crest.swingui.relational.TVFKRelation" oid="14C0B5B9-C508-20EF-2ACC-CDE1DAE5A4C7" otype="FKIndexAssociation" vid_source="BE913E07-54F1-BEBA-21B2-941F057C7709" vid_target="11338773-FC11-BA4A-7830-77F38DE87176">
<hideElementsInCurrentOnly>false</hideElementsInCurrentOnly>
<backgroundColor>-16777216</backgroundColor>
<lineWidth>1</lineWidth>
<points>
<point x="1046" y="284"/>
<point x="1046" y="586"/>
</points>
</Connector>
<Connector class="oracle.dbtools.crest.swingui.relational.TVFKRelation" oid="194EC2D8-5D34-688E-7600-7B8B0964924E" otype="FKIndexAssociation" vid_source="4F3BF8EC-374A-94E0-4653-075722BF5403" vid_target="B8944D0E-50C3-47CB-45D7-F59C0B3E0370">
<hideElementsInCurrentOnly>false</hideElementsInCurrentOnly>
<backgroundColor>-16777216</backgroundColor>
<lineWidth>1</lineWidth>
<points>
<point x="830" y="423"/>
<point x="830" y="347"/>
</points>
</Connector>
<Connector class="oracle.dbtools.crest.swingui.relational.TVFKRelation" oid="3BC2C638-4AB9-301F-D012-25F30331B9F8" otype="FKIndexAssociation" vid_source="C1361DD0-ED53-A580-3855-5F5D83CB78EF" vid_target="D84FA1B9-22EE-56CB-9B20-DD3B7BD6894B">
<hideElementsInCurrentOnly>false</hideElementsInCurrentOnly>
<backgroundColor>-16777216</backgroundColor>
<lineWidth>1</lineWidth>
<points>
<point x="629" y="167"/>
<point x="530" y="240"/>
</points>
</Connector>
<Connector class="oracle.dbtools.crest.swingui.relational.TVFKRelation" oid="516323C7-12AA-2EB5-FE86-99A8615AA5C3" otype="FKIndexAssociation" vid_source="77FB1785-F7B0-BE1E-559B-9DDBFF20789F" vid_target="BE913E07-54F1-BEBA-21B2-941F057C7709">
<hideElementsInCurrentOnly>false</hideElementsInCurrentOnly>
<backgroundColor>-16777216</backgroundColor>
<lineWidth>1</lineWidth>
<points>
<point x="1165" y="377"/>
<point x="1165" y="284"/>
</points>
</Connector>
<Connector class="oracle.dbtools.crest.swingui.relational.TVFKRelation" oid="564B572A-56FC-64FE-171E-1BF7FC0AAE42" otype="FKIndexAssociation" vid_source="D84FA1B9-22EE-56CB-9B20-DD3B7BD6894B" vid_target="B8944D0E-50C3-47CB-45D7-F59C0B3E0370">
<hideElementsInCurrentOnly>false</hideElementsInCurrentOnly>
<backgroundColor>-16777216</backgroundColor>
<lineWidth>1</lineWidth>
<points>
<point x="530" y="291"/>
<point x="621" y="291"/>
</points>
</Connector>
<Connector class="oracle.dbtools.crest.swingui.relational.TVFKRelation" oid="5A0325D9-920A-A1DB-56CF-530675DF9006" otype="FKIndexAssociation" vid_source="94052D06-1981-A1E2-5A36-F5BA23BB1527" vid_target="1EE2B940-D392-5C47-8BB5-27EECF2B1B19">
<hideElementsInCurrentOnly>false</hideElementsInCurrentOnly>
<backgroundColor>-16777216</backgroundColor>
<lineWidth>1</lineWidth>
<points>
<point x="164" y="739"/>
<point x="164" y="696"/>
</points>
</Connector>
<Connector class="oracle.dbtools.crest.swingui.relational.TVFKRelation" oid="6391C22D-9755-B103-B0CE-201687AB33FA" otype="FKIndexAssociation" vid_source="D84FA1B9-22EE-56CB-9B20-DD3B7BD6894B" vid_target="11338773-FC11-BA4A-7830-77F38DE87176">
<hideElementsInCurrentOnly>false</hideElementsInCurrentOnly>
<backgroundColor>-16777216</backgroundColor>
<lineWidth>1</lineWidth>
<points>
<point x="530" y="405"/>
<point x="926" y="599"/>
</points>
</Connector>
<Connector class="oracle.dbtools.crest.swingui.relational.TVFKRelation" oid="69E3DF5F-1068-9E2A-D619-96E1D6753C18" otype="FKIndexAssociation" vid_source="D84FA1B9-22EE-56CB-9B20-DD3B7BD6894B" vid_target="AC5D27AA-18DA-3927-F49B-A28B7B9897A7">
<hideElementsInCurrentOnly>false</hideElementsInCurrentOnly>
<backgroundColor>-16777216</backgroundColor>
<lineWidth>1</lineWidth>
<points>
<point x="260" y="466"/>
<point x="236" y="466"/>
</points>
</Connector>
<Connector class="oracle.dbtools.crest.swingui.relational.TVFKRelation" oid="7AE81B8F-2CB3-F279-1446-D9E3F1D0805D" otype="FKIndexAssociation" vid_source="33B7686F-60DC-C428-AA62-6818805BB7B3" vid_target="C1361DD0-ED53-A580-3855-5F5D83CB78EF">
<hideElementsInCurrentOnly>false</hideElementsInCurrentOnly>
<backgroundColor>-16777216</backgroundColor>
<lineWidth>1</lineWidth>
<points>
<point x="423" y="77"/>
<point x="624" y="77"/>
</points>
</Connector>
<Connector class="oracle.dbtools.crest.swingui.relational.TVFKRelation" oid="7B2F04DA-2293-23A3-F4F4-E515F4446BB3" otype="FKIndexAssociation" vid_source="AC86AA94-DC99-BE23-1A71-BB4D1BDE8E9B" vid_target="D84FA1B9-22EE-56CB-9B20-DD3B7BD6894B">
<hideElementsInCurrentOnly>false</hideElementsInCurrentOnly>
<backgroundColor>-16777216</backgroundColor>
<lineWidth>1</lineWidth>
<points>
<point x="200" y="243"/>
<point x="260" y="243"/>
</points>
</Connector>
<Connector class="oracle.dbtools.crest.swingui.relational.TVFKRelation" oid="9ED61A4A-6EFC-8937-DD8A-DE7546367572" otype="FKIndexAssociation" vid_source="D84FA1B9-22EE-56CB-9B20-DD3B7BD6894B" vid_target="D84FA1B9-22EE-56CB-9B20-DD3B7BD6894B">
<hideElementsInCurrentOnly>false</hideElementsInCurrentOnly>
<backgroundColor>-16777216</backgroundColor>
<lineWidth>1</lineWidth>
<points>
<point x="530" y="353"/>
<point x="555" y="353"/>
<point x="561" y="509"/>
<point x="420" y="513"/>
<point x="420" y="473"/>
</points>
</Connector>
<Connector class="oracle.dbtools.crest.swingui.relational.TVFKRelation" oid="A638556F-DA4C-1522-A1AB-72B997D82D76" otype="FKIndexAssociation" vid_source="D84FA1B9-22EE-56CB-9B20-DD3B7BD6894B" vid_target="1EE2B940-D392-5C47-8BB5-27EECF2B1B19">
<hideElementsInCurrentOnly>false</hideElementsInCurrentOnly>
<backgroundColor>-16777216</backgroundColor>
<lineWidth>1</lineWidth>
<points>
<point x="393" y="473"/>
<point x="393" y="568"/>
<point x="242" y="588"/>
</points>
</Connector>
<Connector class="oracle.dbtools.crest.swingui.relational.TVFKRelation" oid="CAE3F67E-FF57-0E07-9EF2-F4207027AD27" otype="FKIndexAssociation" vid_source="8E9F7E4D-C07F-360B-925E-76A361A5CF67" vid_target="D4A412FF-901D-8886-77EF-5A2886BBB172">
<hideElementsInCurrentOnly>false</hideElementsInCurrentOnly>
<backgroundColor>-16777216</backgroundColor>
<lineWidth>1</lineWidth>
<points>
<point x="455" y="737"/>
<point x="455" y="696"/>
</points>
</Connector>
<Connector class="oracle.dbtools.crest.swingui.relational.TVFKRelation" oid="CEB46110-6155-D5C9-98AD-EE09C029AAAE" otype="FKIndexAssociation" vid_source="C1361DD0-ED53-A580-3855-5F5D83CB78EF" vid_target="BE913E07-54F1-BEBA-21B2-941F057C7709">
<hideElementsInCurrentOnly>false</hideElementsInCurrentOnly>
<backgroundColor>-16777216</backgroundColor>
<lineWidth>1</lineWidth>
<points>
<point x="840" y="70"/>
<point x="950" y="70"/>
</points>
</Connector>
<Connector class="oracle.dbtools.crest.swingui.relational.TVFKRelation" oid="CF934E01-6C76-33E7-7582-CC9C760321A7" otype="FKIndexAssociation" vid_source="BE913E07-54F1-BEBA-21B2-941F057C7709" vid_target="B8944D0E-50C3-47CB-45D7-F59C0B3E0370">
<hideElementsInCurrentOnly>false</hideElementsInCurrentOnly>
<backgroundColor>-16777216</backgroundColor>
<lineWidth>1</lineWidth>
<points>
<point x="950" y="193"/>
<point x="858" y="193"/>
</points>
</Connector>
<Connector class="oracle.dbtools.crest.swingui.relational.TVFKRelation" oid="D3E7FD0F-A9BD-D2C0-48A6-5213F972BE44" otype="FKIndexAssociation" vid_source="9B537EA3-B46A-7CDA-76E2-054E9233171A" vid_target="D84FA1B9-22EE-56CB-9B20-DD3B7BD6894B">
<hideElementsInCurrentOnly>false</hideElementsInCurrentOnly>
<backgroundColor>-16777216</backgroundColor>
<lineWidth>1</lineWidth>
<points>
<point x="194" y="351"/>
<point x="260" y="351"/>
</points>
</Connector>
<Connector class="oracle.dbtools.crest.swingui.relational.TVFKRelation" oid="D4D13493-80BC-359A-F2BF-EBD283B4CD2D" otype="FKIndexAssociation" vid_source="4F3BF8EC-374A-94E0-4653-075722BF5403" vid_target="D84FA1B9-22EE-56CB-9B20-DD3B7BD6894B">
<hideElementsInCurrentOnly>false</hideElementsInCurrentOnly>
<backgroundColor>-16777216</backgroundColor>
<lineWidth>1</lineWidth>
<points>
<point x="773" y="448"/>
<point x="530" y="448"/>
</points>
</Connector>
<Connector class="oracle.dbtools.crest.swingui.relational.TVFKRelation" oid="E33EC024-42F1-E041-0D0A-B901B79EDF8B" otype="FKIndexAssociation" vid_source="D84FA1B9-22EE-56CB-9B20-DD3B7BD6894B" vid_target="D4A412FF-901D-8886-77EF-5A2886BBB172">
<hideElementsInCurrentOnly>false</hideElementsInCurrentOnly>
<backgroundColor>-16777216</backgroundColor>
<lineWidth>1</lineWidth>
<points>
<point x="435" y="473"/>
<point x="435" y="598"/>
</points>
</Connector>
</connectors>
<arcs>
<Arc class="oracle.dbtools.crest.swingui.relational.TVFKArc" oid="8083E326-7968-5373-38AF-75EFDFC8FB9C" otype="FKArc" vid="BA511280-70E0-9AA8-5BF9-F6E9B311A596">
<hideElementsInCurrentOnly>false</hideElementsInCurrentOnly>
<bounds x="240" y="186" width="310" height="307"/>
</Arc>
</arcs>
</Diagram>