<?xml version = '1.0' encoding = 'UTF-8'?>
<Diagram class="oracle.dbtools.crest.swingui.logical.DPVLogical" name="Logical" id="3CA7332D-4EBC-D11E-810F-85CA3AE8CB64">
<createdBy>tazja</createdBy>
<modifiedBy>tazja</modifiedBy>
<createdTime>2025-10-12 14:59:54 UTC</createdTime>
<autoRoute>false</autoRoute>
<boxInbox>true</boxInbox>
<showLegend>false</showLegend>
<showLabels>false</showLabels>
<showRelAttributes>true</showRelAttributes>
<gridEnabled>false</gridEnabled>
<showGrid>false</showGrid>
<diagramColor>-1</diagramColor>
<display>false</display>
<notation>0</notation>
<objectViews>
<OView class="oracle.dbtools.crest.swingui.logical.TVEntity" oid="23A7BA5C-2477-B4DD-52EE-787F86D5F703" otype="Entity" vid="242811E8-00F8-3A04-FAD2-8821B4F466EC">
<hideElementsInCurrentOnly>false</hideElementsInCurrentOnly>
<bounds x="310" y="598" width="247" height="98"/>
</OView>
<OView class="oracle.dbtools.crest.swingui.logical.TVEntity" oid="25D4963F-FF52-0E87-3841-AD0235A90EFB" otype="Entity" vid="1D6BF8AF-7308-024C-0D24-1BB2AE406F1D">
<hideElementsInCurrentOnly>false</hideElementsInCurrentOnly>
<bounds x="10" y="193" width="190" height="88"/>
</OView>
<OView class="oracle.dbtools.crest.swingui.logical.TVEntity" oid="3EEC8352-52E6-7DE5-2C71-9A00D199A2D1" otype="Entity" vid="7AECAEA5-2BB3-6DEC-0CBA-4448BE6428CA">
<hideElementsInCurrentOnly>false</hideElementsInCurrentOnly>
<bounds x="0" y="312" width="194" height="78"/>
</OView>
<OView class="oracle.dbtools.crest.swingui.logical.TVEntity" oid="4B6C26BE-929E-0E9A-D7E8-D1D9F30956A7" otype="Entity" vid="7F013303-5624-DA29-5AF9-F8A21A07B2BD">
<hideElementsInCurrentOnly>false</hideElementsInCurrentOnly>
<bounds x="0" y="459" width="236" height="84"/>
</OView>
<OView class="oracle.dbtools.crest.swingui.logical.TVEntity" oid="5C08034A-0ADF-FBFF-225D-5E0883BDC2FF" otype="Entity" vid="EC261B61-4973-3D5E-C854-AFBFDB69D2B4">
<hideElementsInCurrentOnly>false</hideElementsInCurrentOnly>
<bounds x="926" y="586" width="263" height="156"/>
</OView>
<OView class="oracle.dbtools.crest.swingui.logical.TVEntity" oid="5F61003C-E5EF-FAED-10B2-231799D6B41B" otype="Entity" vid="B55ED384-8B4B-5CEF-2CDD-40E6CC9971B0">
<hideElementsInCurrentOnly>false</hideElementsInCurrentOnly>
<bounds x="239" y="31" width="184" height="92"/>
</OView>
<OView class="oracle.dbtools.crest.swingui.logical.TVEntity" oid="65C6EB20-F9CD-E848-734A-31CDBD5792D6" otype="Entity" vid="B458F963-2C26-6EFD-8E24-51E45B48CE72">
<hideElementsInCurrentOnly>false</hideElementsInCurrentOnly>
<bounds x="937" y="98" width="223" height="250"/>
</OView>
<OView class="oracle.dbtools.crest.swingui.logical.TVEntity" oid="72525FAC-1ACB-A822-A393-4ED7726C9C95" otype="Entity" vid="DD35088C-08C5-E19F-BF76-9E32CB19D4E2">
<hideElementsInCurrentOnly>false</hideElementsInCurrentOnly>
<bounds x="1158" y="377" width="164" height="129"/>
</OView>
<OView class="oracle.dbtools.crest.swingui.logical.TVEntity" oid="74DC0C99-5358-8892-3A19-2994FFBFD1BF" otype="Entity" vid="140C6C2A-02AB-9CF8-7F82-850F12DC984A">
<hideElementsInCurrentOnly>false</hideElementsInCurrentOnly>
<bounds x="624" y="17" width="216" height="150"/>
</OView>
<OView class="oracle.dbtools.crest.swingui.logical.TVEntity" oid="87B7FA98-AD06-B512-03DC-4486BF7341D8" otype="Entity" vid="A30BE9E1-3D9C-CD60-5BF7-6E6982C96F70">
<hideElementsInCurrentOnly>false</hideElementsInCurrentOnly>
<bounds x="773" y="423" width="197" height="120"/>
</OView>
<OView class="oracle.dbtools.crest.swingui.logical.TVEntity" oid="961EDCC3-9ED5-4B39-2019-7CCACA19367D" otype="Entity" vid="8572804C-A794-F99F-6EE2-7487DB10F34E">
<hideElementsInCurrentOnly>false</hideElementsInCurrentOnly>
<bounds x="621" y="193" width="237" height="154"/>
</OView>
<OView class="oracle.dbtools.crest.swingui.logical.TVEntity" oid="B56465C8-A242-E5CA-3435-E64F133B2EDE" otype="Entity" vid="A68D2201-682B-6D3F-96CA-077BD5103531">
<hideElementsInCurrentOnly>false</hideElementsInCurrentOnly>
<bounds x="356" y="737" width="199" height="89"/>
</OView>
<OView class="oracle.dbtools.crest.swingui.logical.TVEntity" oid="B7675D55-E6F0-D03B-4995-1C230A5AE03E" otype="Entity" vid="B32626E1-F2FC-5235-653C-5F05E99DDDB0">
<hideElementsInCurrentOnly>false</hideElementsInCurrentOnly>
<bounds x="39" y="588" width="203" height="108"/>
</OView>
<OView class="oracle.dbtools.crest.swingui.logical.TVEntity" oid="E182BF22-8605-93F7-F759-86C203F84D4D" otype="Entity" vid="3BB577F7-67CB-7928-66B8-20299C035F99">
<hideElementsInCurrentOnly>false</hideElementsInCurrentOnly>
<bounds x="260" y="206" width="270" height="267"/>
</OView>
<OView class="oracle.dbtools.crest.swingui.logical.TVEntity" oid="E346CCF9-4B16-ECDA-621E-ABA02F09904C" otype="Entity" vid="14D05C77-FD43-0E2A-A6F5-7D3B919C80C4">
<hideElementsInCurrentOnly>false</hideElementsInCurrentOnly>
<bounds x="9" y="26" width="187" height="84"/>
</OView>
<OView class="oracle.dbtools.crest.swingui.logical.TVEntity" oid="E989519E-EC7F-E2C2-C6BE-6F2D054DCFE0" otype="Entity" vid="2D1418A8-5231-CA41-6C52-5DB071D31874">
<hideElementsInCurrentOnly>false</hideElementsInCurrentOnly>
<bounds x="57" y="739" width="242" height="91"/>
</OView>
</objectViews>
<connectors>
<Connector class="oracle.dbtools.crest.swingui.logical.TVRelation" oid="02DC0F52-849B-4744-201F-450644C9BB57" otype="Relation" vid_source="2D1418A8-5231-CA41-6C52-5DB071D31874" vid_target="B32626E1-F2FC-5235-653C-5F05E99DDDB0">
<hideElementsInCurrentOnly>false</hideElementsInCurrentOnly>
<backgroundColor>-16777216</backgroundColor>
<lineWidth>1</lineWidth>
<points>
<point x="164" y="739"/>
<point x="164" y="696"/>
</points>
</Connector>
<Connector class="oracle.dbtools.crest.swingui.logical.TVRelation" oid="1593E645-69D5-2A4C-EBF7-761FA4F00010" otype="Relation" vid_source="3BB577F7-67CB-7928-66B8-20299C035F99" vid_target="242811E8-00F8-3A04-FAD2-8821B4F466EC">
<hideElementsInCurrentOnly>false</hideElementsInCurrentOnly>
<backgroundColor>-16777216</backgroundColor>
<lineWidth>1</lineWidth>
<points>
<point x="435" y="473"/>
<point x="435" y="598"/>
</points>
</Connector>
<Connector class="oracle.dbtools.crest.swingui.logical.TVRelation" oid="17FF552D-6418-1B64-D19B-F2DFA826712F" otype="Relation" vid_source="3BB577F7-67CB-7928-66B8-20299C035F99" vid_target="B32626E1-F2FC-5235-653C-5F05E99DDDB0">
<hideElementsInCurrentOnly>false</hideElementsInCurrentOnly>
<backgroundColor>-16777216</backgroundColor>
<lineWidth>1</lineWidth>
<points>
<point x="393" y="473"/>
<point x="393" y="568"/>
<point x="242" y="588"/>
</points>
</Connector>
<Connector class="oracle.dbtools.crest.swingui.logical.TVRelation" oid="1910B86D-F2DC-F8BC-2A6F-612857D9CADF" otype="Relation" vid_source="DD35088C-08C5-E19F-BF76-9E32CB19D4E2" vid_target="B458F963-2C26-6EFD-8E24-51E45B48CE72">
<hideElementsInCurrentOnly>false</hideElementsInCurrentOnly>
<backgroundColor>-16777216</backgroundColor>
<lineWidth>1</lineWidth>
<points>
<point x="1159" y="377"/>
<point x="1159" y="348"/>
</points>
</Connector>
<Connector class="oracle.dbtools.crest.swingui.logical.TVRelation" oid="20C6FA87-723F-605D-A65E-C408F7694597" otype="Relation" vid_source="3BB577F7-67CB-7928-66B8-20299C035F99" vid_target="7F013303-5624-DA29-5AF9-F8A21A07B2BD">
<hideElementsInCurrentOnly>false</hideElementsInCurrentOnly>
<backgroundColor>-16777216</backgroundColor>
<lineWidth>1</lineWidth>
<points>
<point x="260" y="466"/>
<point x="236" y="466"/>
</points>
</Connector>
<Connector class="oracle.dbtools.crest.swingui.logical.TVRelation" oid="412D6790-C593-8C19-6A5B-7C4B3B04B87D" otype="Relation" vid_source="3BB577F7-67CB-7928-66B8-20299C035F99" vid_target="8572804C-A794-F99F-6EE2-7487DB10F34E">
<hideElementsInCurrentOnly>false</hideElementsInCurrentOnly>
<backgroundColor>-16777216</backgroundColor>
<lineWidth>1</lineWidth>
<points>
<point x="530" y="291"/>
<point x="621" y="291"/>
</points>
</Connector>
<Connector class="oracle.dbtools.crest.swingui.logical.TVRelation" oid="415056F5-D5E4-FC06-87C3-DB08E1E45B18" otype="Relation" vid_source="A68D2201-682B-6D3F-96CA-077BD5103531" vid_target="242811E8-00F8-3A04-FAD2-8821B4F466EC">
<hideElementsInCurrentOnly>false</hideElementsInCurrentOnly>
<backgroundColor>-16777216</backgroundColor>
<lineWidth>1</lineWidth>
<points>
<point x="455" y="737"/>
<point x="455" y="696"/>
</points>
</Connector>
<Connector class="oracle.dbtools.crest.swingui.logical.TVRelation" oid="50B3F881-CAD7-3365-AADA-42413E988D23" otype="Relation" vid_source="A30BE9E1-3D9C-CD60-5BF7-6E6982C96F70" vid_target="8572804C-A794-F99F-6EE2-7487DB10F34E">
<hideElementsInCurrentOnly>false</hideElementsInCurrentOnly>
<backgroundColor>-16777216</backgroundColor>
<lineWidth>1</lineWidth>
<points>
<point x="830" y="423"/>
<point x="830" y="347"/>
</points>
</Connector>
<Connector class="oracle.dbtools.crest.swingui.logical.TVRelation" oid="6AD5ACF6-2B77-0FC6-327B-CC82685E4FB9" otype="Relation" vid_source="A30BE9E1-3D9C-CD60-5BF7-6E6982C96F70" vid_target="3BB577F7-67CB-7928-66B8-20299C035F99">
<hideElementsInCurrentOnly>false</hideElementsInCurrentOnly>
<backgroundColor>-16777216</backgroundColor>
<lineWidth>1</lineWidth>
<points>
<point x="773" y="448"/>
<point x="530" y="448"/>
</points>
</Connector>
<Connector class="oracle.dbtools.crest.swingui.logical.TVRelation" oid="71E6E11A-8DCA-0F3E-C6E5-F4F7455F19BF" otype="Relation" vid_source="140C6C2A-02AB-9CF8-7F82-850F12DC984A" vid_target="B458F963-2C26-6EFD-8E24-51E45B48CE72">
<hideElementsInCurrentOnly>false</hideElementsInCurrentOnly>
<backgroundColor>-16777216</backgroundColor>
<lineWidth>1</lineWidth>
<points>
<point x="840" y="132"/>
<point x="937" y="132"/>
</points>
</Connector>
<Connector class="oracle.dbtools.crest.swingui.logical.TVRelation" oid="A3F547B0-17DE-8B71-E394-0131472C522F" otype="Relation" vid_source="B458F963-2C26-6EFD-8E24-51E45B48CE72" vid_target="EC261B61-4973-3D5E-C854-AFBFDB69D2B4">
<hideElementsInCurrentOnly>false</hideElementsInCurrentOnly>
<backgroundColor>-16777216</backgroundColor>
<lineWidth>1</lineWidth>
<points>
<point x="1063" y="348"/>
<point x="1063" y="586"/>
</points>
</Connector>
<Connector class="oracle.dbtools.crest.swingui.logical.TVRelation" oid="B39A2375-4F9F-9C08-CF2D-F8025962DD28" otype="Relation" vid_source="14D05C77-FD43-0E2A-A6F5-7D3B919C80C4" vid_target="B55ED384-8B4B-5CEF-2CDD-40E6CC9971B0">
<hideElementsInCurrentOnly>false</hideElementsInCurrentOnly>
<backgroundColor>-16777216</backgroundColor>
<lineWidth>1</lineWidth>
<points>
<point x="196" y="70"/>
<point x="239" y="70"/>
</points>
</Connector>
<Connector class="oracle.dbtools.crest.swingui.logical.TVRelation" oid="B51E6EE8-6D40-E555-A9AE-6113AA391031" otype="Relation" vid_source="1D6BF8AF-7308-024C-0D24-1BB2AE406F1D" vid_target="3BB577F7-67CB-7928-66B8-20299C035F99">
<hideElementsInCurrentOnly>false</hideElementsInCurrentOnly>
<backgroundColor>-16777216</backgroundColor>
<lineWidth>1</lineWidth>
<points>
<point x="200" y="243"/>
<point x="260" y="243"/>
</points>
</Connector>
<Connector class="oracle.dbtools.crest.swingui.logical.TVRelation" oid="B6811854-DF70-CA8F-FF7E-DF5C05BB1CD6" otype="Relation" vid_source="7AECAEA5-2BB3-6DEC-0CBA-4448BE6428CA" vid_target="3BB577F7-67CB-7928-66B8-20299C035F99">
<hideElementsInCurrentOnly>false</hideElementsInCurrentOnly>
<backgroundColor>-16777216</backgroundColor>
<lineWidth>1</lineWidth>
<points>
<point x="194" y="351"/>
<point x="260" y="351"/>
</points>
</Connector>
<Connector class="oracle.dbtools.crest.swingui.logical.TVRelation" oid="BF572202-043A-5DCB-A5FB-5CB19011D70F" otype="Relation" vid_source="3BB577F7-67CB-7928-66B8-20299C035F99" vid_target="3BB577F7-67CB-7928-66B8-20299C035F99">
<hideElementsInCurrentOnly>false</hideElementsInCurrentOnly>
<backgroundColor>-16777216</backgroundColor>
<lineWidth>1</lineWidth>
<points>
<point x="530" y="353"/>
<point x="555" y="353"/>
<point x="561" y="509"/>
<point x="420" y="513"/>
<point x="420" y="473"/>
</points>
</Connector>
<Connector class="oracle.dbtools.crest.swingui.logical.TVRelation" oid="C45E9A34-5EC7-8F09-8C35-89DDB0FA772C" otype="Relation" vid_source="B55ED384-8B4B-5CEF-2CDD-40E6CC9971B0" vid_target="140C6C2A-02AB-9CF8-7F82-850F12DC984A">
<hideElementsInCurrentOnly>false</hideElementsInCurrentOnly>
<backgroundColor>-16777216</backgroundColor>
<lineWidth>1</lineWidth>
<points>
<point x="423" y="77"/>
<point x="624" y="77"/>
</points>
</Connector>
<Connector class="oracle.dbtools.crest.swingui.logical.TVRelation" oid="C7062373-E9F8-0747-D4FC-B3A427CBD045" otype="Relation" vid_source="140C6C2A-02AB-9CF8-7F82-850F12DC984A" vid_target="3BB577F7-67CB-7928-66B8-20299C035F99">
<hideElementsInCurrentOnly>false</hideElementsInCurrentOnly>
<backgroundColor>-16777216</backgroundColor>
<lineWidth>1</lineWidth>
<points>
<point x="629" y="167"/>
<point x="530" y="240"/>
</points>
</Connector>
<Connector class="oracle.dbtools.crest.swingui.logical.TVRelation" oid="CBE2BF8B-C966-DB96-4630-B51ECC52C0CB" otype="Relation" vid_source="B458F963-2C26-6EFD-8E24-51E45B48CE72" vid_target="8572804C-A794-F99F-6EE2-7487DB10F34E">
<hideElementsInCurrentOnly>false</hideElementsInCurrentOnly>
<backgroundColor>-16777216</backgroundColor>
<lineWidth>1</lineWidth>
<points>
<point x="937" y="285"/>
<point x="858" y="285"/>
</points>
</Connector>
<Connector class="oracle.dbtools.crest.swingui.logical.TVRelation" oid="E29D0775-D733-73DA-4EC6-212306881338" otype="Relation" vid_source="3BB577F7-67CB-7928-66B8-20299C035F99" vid_target="EC261B61-4973-3D5E-C854-AFBFDB69D2B4">
<hideElementsInCurrentOnly>false</hideElementsInCurrentOnly>
<backgroundColor>-16777216</backgroundColor>
<lineWidth>1</lineWidth>
<points>
<point x="530" y="405"/>
<point x="926" y="599"/>
</points>
</Connector>
</connectors>
<arcs>
<Arc class="oracle.dbtools.crest.swingui.logical.TVArc" oid="57A928D6-8FDF-237F-AE2C-3DB3D45F9543" otype="Arc" vid="C37EAF88-DDA5-C437-68EF-53923E854AC7">
<hideElementsInCurrentOnly>false</hideElementsInCurrentOnly>
<bounds x="240" y="186" width="310" height="307"/>
</Arc>
</arcs>
</Diagram>